image_id,p_180
test_00000,0.419310004
test_00001,0.999989986
test_00002,0.991970003
test_00003,0.00168999995
test_00004,0.999989986
test_00005,0.00331000006
test_00006,0.02042
test_00007,1
test_00008,1
test_00009,0.987999976
test_00010,1
test_00011,0
test_00012,0.0123199997
test_00013,0.98980999
test_00014,0.0465300009
test_00015,1
test_00016,1
test_00017,0.00431000022
test_00018,0.0624700002
test_00019,0
test_00020,0
test_00021,0
test_00022,0.999830008
test_00023,0.49485001
test_00024,0.400649995
test_00025,0.998570025
test_00026,0.999849975
test_00027,0.000230000005
test_00028,0.458640009
test_00029,0.97755003
test_00030,0
test_00031,0.353329986
test_00032,0.999559999
test_00033,0.962180018
test_00034,0.993250012
test_00035,1
test_00036,0.883669972
test_00037,0.20149
test_00038,0.000110000001
test_00039,0.00141000003
test_00040,0.428070009
test_00041,0.00743999984
test_00042,0.999000013
test_00043,0
test_00044,0.220249996
test_00045,0.00116999994
test_00046,0
test_00047,0.999289989
test_00048,0.999909997
test_00049,0.187250003
test_00050,1
test_00051,0.0379199982
test_00052,0
test_00053,0.963909984
test_00054,1.99999995e-05
test_00055,0.999650002
test_00056,0
test_00057,0.13572
test_00058,0.0276500005
test_00059,0.0267999992
test_00060,0.994069993
test_00061,0.0208199993
test_00062,0.00101999997
test_00063,0.00306000002
test_00064,3.9999999e-05
test_00065,1
test_00066,0.0794600025
test_00067,9.99999975e-06
test_00068,0.00130999996
test_00069,0.630670011
test_00070,0.944429994
test_00071,0.993839979
test_00072,0.999989986
test_00073,0.995909989
test_00074,0.949980021
test_00075,0.98803997
test_00076,0
test_00077,0.999979973
test_00078,0.992129982
test_00079,0.977599978
test_00080,0.00282000005
test_00081,0.99958998
test_00082,0.177450001
test_00083,9.00000014e-05
test_00084,0.99921
test_00085,0.999920011
test_00086,1
test_00087,1
test_00088,0.00503000012
test_00089,0.579410017
test_00090,0.324990004
test_00091,0
test_00092,0.268350005
test_00093,9.99999975e-05
test_00094,0.01021
test_00095,0.989570022
test_00096,0.853770018
test_00097,0.000669999979
test_00098,0
test_00099,9.99999975e-06
test_00100,9.99999975e-06
test_00101,0.00939999986
test_00102,9.99999975e-06
test_00103,1
test_00104,0.690259993
test_00105,0
test_00106,3.9999999e-05
test_00107,0.979340017
test_00108,0.560989976
test_00109,0.0113399997
test_00110,0.998820007
test_00111,0.096479997
test_00112,0.996680021
test_00113,0
test_00114,0.996469975
test_00115,0.0183799993
test_00116,0.01162
test_00117,0.980679989
test_00118,0.999960005
test_00119,0.0334599987
test_00120,0.0246399995
test_00121,1
test_00122,1
test_00123,0.999979973
test_00124,0.0825899988
test_00125,0.483449996
test_00126,0
test_00127,0.999329984
test_00128,0.0218800008
test_00129,0.00437999982
test_00130,0.999989986
test_00131,0
test_00132,0.372839987
test_00133,0.999939978
test_00134,0.00046000001
test_00135,0.407000005
test_00136,0
test_00137,0.999899983
test_00138,0.869620025
test_00139,0.00233000005
test_00140,1
test_00141,0
test_00142,0.253520012
test_00143,0.996510029
test_00144,0.00013
test_00145,0.0363399982
test_00146,0
test_00147,0.999989986
test_00148,0.999960005
test_00149,0.00221000006
test_00150,0.0219500009
test_00151,0.999979973
test_00152,0
test_00153,0.165700004
test_00154,0.151329994
test_00155,1
test_00156,1
test_00157,0.00490000006
test_00158,1
test_00159,1
test_00160,0.72724998
test_00161,0.138459995
test_00162,0.000530000019
test_00163,0.468430012
test_00164,0.00230000005
test_00165,0.999960005
test_00166,0.562820017
test_00167,0.000319999992
test_00168,0
test_00169,0
test_00170,0.999899983
test_00171,0.00110999995
test_00172,0.785740018
test_00173,0.0964099988
test_00174,0
test_00175,0.996760011
test_00176,0.988330007
test_00177,0
test_00178,0
test_00179,0.986880004
test_00180,0
test_00181,0.925610006
test_00182,0.995079994
test_00183,0.996259987
test_00184,0.999949992
test_00185,0.999710023
test_00186,0.305759996
test_00187,1
test_00188,0.999610007
test_00189,1
test_00190,0.00121999998
test_00191,1
test_00192,0
test_00193,0.892700016
test_00194,0
test_00195,0
test_00196,0.998870015
test_00197,0.0186299998
test_00198,0.00647999998
test_00199,1
test_00200,0.999949992
test_00201,1
test_00202,1
test_00203,0.000769999984
test_00204,0.956160009
test_00205,0.000199999995
test_00206,2.99999992e-05
test_00207,0.00026999999
test_00208,0.00121000002
test_00209,0.00129000004
test_00210,0.00208000001
test_00211,1
test_00212,0.999409974
test_00213,0.996879995
test_00214,0.999979973
test_00215,0
test_00216,7.9999998e-05
test_00217,0.00118999998
test_00218,0.283210009
test_00219,0.998579979
test_00220,1
test_00221,0.999939978
test_00222,0
test_00223,0.847410023
test_00224,0.98654002
test_00225,0.999949992
test_00226,0
test_00227,1.99999995e-05
test_00228,0.668550014
test_00229,0.00337999989
test_00230,0.19404
test_00231,0.999970019
test_00232,0.119709998
test_00233,0.998260021
test_00234,0.0675100014
test_00235,0.996100008
test_00236,9.99999975e-06
test_00237,0
test_00238,0.999419987
test_00239,0.0609299988
test_00240,0.450690001
test_00241,0
test_00242,3.9999999e-05
test_00243,0.995459974
test_00244,1
test_00245,0.602760017
test_00246,0
test_00247,0.998709977
test_00248,0.999719977
test_00249,1
test_00250,0.999390006
test_00251,0.552190006
test_00252,0.110979997
test_00253,1
test_00254,0
test_00255,0
test_00256,0.0577200018
test_00257,0
test_00258,0.0035300001
test_00259,0.995530009
test_00260,0.00104
test_00261,0.827780008
test_00262,0.999939978
test_00263,0.892229974
test_00264,1
test_00265,0.831910014
test_00266,0.00465000002
test_00267,0.663730025
test_00268,4.99999987e-05
test_00269,0.999920011
test_00270,0.337350011
test_00271,0.0169200003
test_00272,0.99871999
test_00273,0.000549999997
test_00274,0.19122
test_00275,0
test_00276,0.936469972
test_00277,1
test_00278,0
test_00279,0.22552
test_00280,0.999890029
test_00281,0.753690004
test_00282,0.99962002
test_00283,0.999639988
test_00284,0.0112699997
test_00285,4.99999987e-05
test_00286,0
test_00287,0.930350006
test_00288,0.999979973
test_00289,0.908649981
test_00290,0.999970019
test_00291,1
test_00292,1
test_00293,0
test_00294,0.999979973
test_00295,1
test_00296,0.324129999
test_00297,0.947549999
test_00298,0.558510005
test_00299,0.999989986
test_00300,0
test_00301,0.993749976
test_00302,0.00282000005
test_00303,0.01303
test_00304,0.0366399996
test_00305,0.970990002
test_00306,1
test_00307,0.712849975
test_00308,0.0694200024
test_00309,0.515749991
test_00310,1
test_00311,0.999930024
test_00312,1.99999995e-05
test_00313,1
test_00314,0
test_00315,0.982270002
test_00316,0.975610018
test_00317,9.99999975e-06
test_00318,0.912880003
test_00319,0.121140003
test_00320,0.983150005
test_00321,0.981239974
test_00322,0.993170023
test_00323,0.999689996
test_00324,9.99999975e-06
test_00325,0.998969972
test_00326,1.99999995e-05
test_00327,0.0390500017
test_00328,0.474949986
test_00329,0.993659973
test_00330,0.998899996
test_00331,0.997640014
test_00332,0.953649998
test_00333,1
test_00334,1
test_00335,0.996389985
test_00336,0
test_00337,0.501590014
test_00338,0.000289999996
test_00339,0.179179996
test_00340,0.307520002
test_00341,9.99999975e-06
test_00342,1
test_00343,1
test_00344,0.999989986
test_00345,0.998939991
test_00346,0.0988100022
test_00347,0.000730000029
test_00348,0.998889983
test_00349,0
test_00350,0.944270015
test_00351,0.882499993
test_00352,0.998870015
test_00353,0.999930024
test_00354,0.143790007
test_00355,0.999989986
test_00356,0.585089982
test_00357,0
test_00358,0.999559999
test_00359,1
test_00360,0.971260011
test_00361,0.999989986
test_00362,0.271109998
test_00363,1
test_00364,0.971409976
test_00365,0.974449992
test_00366,0.998059988
test_00367,0.00601000013
test_00368,2.99999992e-05
test_00369,0.999989986
test_00370,0.185210004
test_00371,9.99999975e-06
test_00372,1
test_00373,0.143399999
test_00374,1
test_00375,0.999480009
test_00376,0
test_00377,3.9999999e-05
test_00378,0.0911300033
test_00379,0
test_00380,9.99999975e-06
test_00381,0.858349979
test_00382,7.9999998e-05
test_00383,0.00218999991
test_00384,1
test_00385,0
test_00386,0.999800026
test_00387,1
test_00388,0.827000022
test_00389,1
test_00390,1
test_00391,0
test_00392,0.997290015
test_00393,0.994819999
test_00394,0
test_00395,0.000119999997
test_00396,9.99999975e-06
test_00397,0.0645300001
test_00398,0.0219299998
test_00399,0.0416200012
test_00400,1
test_00401,0.953390002
test_00402,0.999740005
test_00403,0.000429999985
test_00404,0.000169999999
test_00405,0.998809993
test_00406,0.998690009
test_00407,0.00193000003
test_00408,0.994870007
test_00409,0.439460009
test_00410,0
test_00411,0.00129000004
test_00412,0
test_00413,0.794019997
test_00414,0.989400029
test_00415,0.240050003
test_00416,0
test_00417,0.146469995
test_00418,0.625320017
test_00419,1
test_00420,0
test_00421,1
test_00422,1
test_00423,0
test_00424,0.779340029
test_00425,0
test_00426,0.768000007
test_00427,0.00039999999
test_00428,0.00365000009
test_00429,1
test_00430,1
test_00431,1
test_00432,1
test_00433,0.919260025
test_00434,0.922240019
test_00435,0.00142999995
test_00436,0.999989986
test_00437,0.999939978
test_00438,0.999319971
test_00439,0.00315
test_00440,0.424510002
test_00441,0
test_00442,0.96142
test_00443,0.999920011
test_00444,0.999719977
test_00445,0.0171099994
test_00446,7.00000019e-05
test_00447,0.0413400009
test_00448,0.999790013
test_00449,0
test_00450,0
test_00451,0.992810011
test_00452,0.897700012
test_00453,0.384090006
test_00454,0.655260026
test_00455,0.779129982
test_00456,0.095660001
test_00457,0.137789994
test_00458,0.999830008
test_00459,0.999890029
test_00460,0.00292999996
test_00461,1
test_00462,0.0101699997
test_00463,1
test_00464,0
test_00465,0.0186899994
test_00466,0.999989986
test_00467,0.0295899995
test_00468,0.172580004
test_00469,0
test_00470,0.988179982
test_00471,0
test_00472,0.0295000002
test_00473,0.0129000004
test_00474,0
test_00475,0
test_00476,0.965740025
test_00477,0.0114599997
test_00478,0.0121600004
test_00479,0.995100021
test_00480,0.999970019
test_00481,0
test_00482,0.000769999984
test_00483,0.939970016
test_00484,0.250279993
test_00485,0
test_00486,0
test_00487,0.913680017
test_00488,0
test_00489,1
test_00490,0.999270022
test_00491,0.774489999
test_00492,0.632610023
test_00493,1
test_00494,0.999729991
test_00495,0.999890029
test_00496,0.341520011
test_00497,0.999989986
test_00498,0.177870005
test_00499,0.00013
test_00500,1
test_00501,0.147939995
test_00502,0.904850006
test_00503,0
test_00504,1
test_00505,0.295300007
test_00506,0.996680021
test_00507,0.00461000018
test_00508,0.994830012
test_00509,4.99999987e-05
test_00510,0.951839983
test_00511,0.999779999
test_00512,0.999459982
test_00513,1
test_00514,0
test_00515,1.99999995e-05
test_00516,0
test_00517,0.0236600004
test_00518,0.00769999996
test_00519,0.963859975
test_00520,0.461780012
test_00521,1
test_00522,0.979719996
test_00523,0.000209999998
test_00524,0.999989986
test_00525,0.84434998
test_00526,0.000199999995
test_00527,4.99999987e-05
test_00528,9.99999975e-06
test_00529,0.950119972
test_00530,0.00033000001
test_00531,0.989650011
test_00532,0.818270028
test_00533,0.000369999994
test_00534,0.999570012
test_00535,0.00596999982
test_00536,0
test_00537,4.99999987e-05
test_00538,0.99980998
test_00539,0.000220000002
test_00540,0.941670001
test_00541,0.000190000006
test_00542,0.896950006
test_00543,1
test_00544,0.999870002
test_00545,0
test_00546,0.0019700001
test_00547,1
test_00548,9.99999975e-06
test_00549,0.00258999993
test_00550,0
test_00551,9.99999975e-06
test_00552,0.000190000006
test_00553,0.996060014
test_00554,0.302810013
test_00555,0.424210012
test_00556,0.750400007
test_00557,0.999849975
test_00558,0
test_00559,0.0101600001
test_00560,0.948840022
test_00561,0.216440007
test_00562,0.244149998
test_00563,9.99999975e-06
test_00564,0.344460011
test_00565,0.99962002
test_00566,0
test_00567,0.999499977
test_00568,0.00104999996
test_00569,0.0962599963
test_00570,0.0144600002
test_00571,0.965830028
test_00572,0
test_00573,0.000850000011
test_00574,0.052579999
test_00575,0.908689976
test_00576,0.977880001
test_00577,0.115840003
test_00578,0
test_00579,0.999339998
test_00580,1
test_00581,0.909850001
test_00582,0.00630000001
test_00583,0.916830003
test_00584,0
test_00585,0
test_00586,1
test_00587,1
test_00588,0.0126999998
test_00589,1.99999995e-05
test_00590,5.99999985e-05
test_00591,2.99999992e-05
test_00592,0
test_00593,0.618860006
test_00594,1
test_00595,0
test_00596,0.313670009
test_00597,5.99999985e-05
test_00598,1
test_00599,0
test_00600,0.0295899995
test_00601,1
test_00602,0.981599987
test_00603,0.00719999988
test_00604,0.0916500017
test_00605,0.86729002
test_00606,1
test_00607,0.0105699999
test_00608,0.0601300001
test_00609,0
test_00610,0.14373
test_00611,0.210089996
test_00612,0.942430019
test_00613,0.937900007
test_00614,0.0348699987
test_00615,1
test_00616,0.0146399997
test_00617,0.699320018
test_00618,9.99999975e-06
test_00619,1
test_00620,0.967279971
test_00621,0.88211
test_00622,0.999710023
test_00623,0.0527000017
test_00624,0
test_00625,0.884060025
test_00626,0.996399999
test_00627,3.9999999e-05
test_00628,0.000349999988
test_00629,0.00144999998
test_00630,0.859300017
test_00631,0.767379999
test_00632,0.999270022
test_00633,0.995790005
test_00634,0.999319971
test_00635,0
test_00636,0.456479996
test_00637,0.868709981
test_00638,0
test_00639,0.999989986
test_00640,3.9999999e-05
test_00641,1
test_00642,0.389290005
test_00643,0.00026999999
test_00644,1
test_00645,1
test_00646,0.00264000008
test_00647,0
test_00648,0.99822998
test_00649,0.232219994
test_00650,0
test_00651,0.0075699999
test_00652,0
test_00653,1
test_00654,0.999830008
test_00655,0.841109991
test_00656,0.000190000006
test_00657,0.172659993
test_00658,0.955359995
test_00659,0.00033000001
test_00660,0.00100000005
test_00661,0
test_00662,0.00682999985
test_00663,0.859839976
test_00664,3.9999999e-05
test_00665,0.000880000007
test_00666,0.236049995
test_00667,0.990769982
test_00668,0.00712999981
test_00669,0.00398000004
test_00670,0.712289989
test_00671,1
test_00672,1
test_00673,1
test_00674,0.999989986
test_00675,0.998220026
test_00676,0
test_00677,0.0850799978
test_00678,1
test_00679,0.708090007
test_00680,0.459030002
test_00681,1
test_00682,0.90425998
test_00683,0.993330002
test_00684,0.772599995
test_00685,1
test_00686,0.999949992
test_00687,0.00417000009
test_00688,0
test_00689,0.999559999
test_00690,0.00255000009
test_00691,1
test_00692,0.999100029
test_00693,0.999880016
test_00694,0
test_00695,0
test_00696,0.0246300008
test_00697,1
test_00698,0.000169999999
test_00699,9.99999975e-06
test_00700,0.297540009
test_00701,0.940010011
test_00702,0.950810015
test_00703,1.99999995e-05
test_00704,0
test_00705,0.0141200004
test_00706,0.000250000012
test_00707,1
test_00708,9.99999975e-06
test_00709,0.832660019
test_00710,0.722580016
test_00711,0.99958998
test_00712,0.404680014
test_00713,0.000539999979
test_00714,0.754920006
test_00715,1
test_00716,0.999989986
test_00717,0.994520009
test_00718,0.882650018
test_00719,0.000880000007
test_00720,0.997860014
test_00721,0
test_00722,0
test_00723,1
test_00724,0.996630013
test_00725,0.95757997
test_00726,0.00079000002
test_00727,0
test_00728,1
test_00729,0.999339998
test_00730,0.914080024
test_00731,0.00322999991
test_00732,0.000119999997
test_00733,0.00603999989
test_00734,0.100529999
test_00735,0.00109999999
test_00736,0.937470019
test_00737,0.999960005
test_00738,0.812179983
test_00739,0.999989986
test_00740,0.000530000019
test_00741,1
test_00742,0.999989986
test_00743,0.952499986
test_00744,0.968420029
test_00745,0.885200024
test_00746,0
test_00747,0.000520000001
test_00748,0.999880016
test_00749,0
test_00750,0.01198
test_00751,0.997810006
test_00752,0
test_00753,3.9999999e-05
test_00754,0.0415400006
test_00755,0.997309983
test_00756,9.99999975e-06
test_00757,2.99999992e-05
test_00758,0
test_00759,0
test_00760,0.999650002
test_00761,0.999899983
test_00762,0.0142999999
test_00763,0.999909997
test_00764,0.214430004
test_00765,1
test_00766,0.000180000003
test_00767,0.971509993
test_00768,0
test_00769,0
test_00770,1
test_00771,0.239830002
test_00772,5.99999985e-05
test_00773,0.944959998
test_00774,0.999909997
test_00775,1
test_00776,1
test_00777,0.0238700006
test_00778,0
test_00779,0.000169999999
test_00780,0.802450001
test_00781,0.0147599997
test_00782,0.00889999978
test_00783,0.959500015
test_00784,0.00894000009
test_00785,0.999559999
test_00786,1
test_00787,0
test_00788,1
test_00789,0.846819997
test_00790,0.937059999
test_00791,1
test_00792,1
test_00793,0
test_00794,0.94471997
test_00795,0.409660012
test_00796,0
test_00797,1.99999995e-05
test_00798,0.999109983
test_00799,0.944109976
test_00800,0.620119989
test_00801,0.344900012
test_00802,0
test_00803,0.000549999997
test_00804,0.617699981
test_00805,0
test_00806,0.999960005
test_00807,1
test_00808,4.99999987e-05
test_00809,0.0782900006
test_00810,0.996299982
test_00811,1
test_00812,0.749130011
test_00813,0.0123899998
test_00814,0.999480009
test_00815,0.908070028
test_00816,0
test_00817,0
test_00818,0
test_00819,0.994589984
test_00820,0.000369999994
test_00821,0
test_00822,0.381170005
test_00823,0
test_00824,0
test_00825,1
test_00826,0.941900015
test_00827,0.999710023
test_00828,0.997070014
test_00829,1
test_00830,1
test_00831,0.999960005
test_00832,0.00159
test_00833,9.99999975e-06
test_00834,9.99999975e-06
test_00835,0.0571999997
test_00836,0.995700002
test_00837,0.425500005
test_00838,0
test_00839,0
test_00840,0.0102000004
test_00841,0.250259995
test_00842,0.996439993
test_00843,1
test_00844,0
test_00845,0
test_00846,1
test_00847,0.85860002
test_00848,0
test_00849,0.994430006
test_00850,0.458279997
test_00851,0.99962002
test_00852,0.991670012
test_00853,0.986970007
test_00854,0.29429999
test_00855,0.00261000008
test_00856,0.874660015
test_00857,0.0515599996
test_00858,0.400330007
test_00859,0.999989986
test_00860,0.00961999968
test_00861,0.996760011
test_00862,9.99999975e-06
test_00863,0.999989986
test_00864,0
test_00865,0.00609999988
test_00866,0.997900009
test_00867,0.00118999998
test_00868,0.856710017
test_00869,0.0214099996
test_00870,0
test_00871,4.99999987e-05
test_00872,0
test_00873,0.999719977
test_00874,9.99999975e-06
test_00875,0.554050028
test_00876,0.00294000003
test_00877,0.000959999976
test_00878,0
test_00879,1
test_00880,0.958379984
test_00881,0.999970019
test_00882,0.481840014
test_00883,0.00762999989
test_00884,0.955240011
test_00885,0.878750026
test_00886,0.00824999996
test_00887,0.57062
test_00888,0.307709992
test_00889,0.999909997
test_00890,0.276039988
test_00891,1
test_00892,0.000639999984
test_00893,0.812950015
test_00894,0.971589983
test_00895,0.996810019
test_00896,0.997150004
test_00897,0.000180000003
test_00898,0.684650004
test_00899,0.00913999975
test_00900,0.00401999988
test_00901,0.997759998
test_00902,0.0169900004
test_00903,1
test_00904,1
test_00905,0
test_00906,0.15275
test_00907,0.00510999979
test_00908,0.0282000005
test_00909,0.999939978
test_00910,0
test_00911,0.87677002
test_00912,0.0122499997
test_00913,0
test_00914,0.169550002
test_00915,0.18502
test_00916,0.0138299996
test_00917,0.994979978
test_00918,0.00146000006
test_00919,0
test_00920,0.000140000004
test_00921,0
test_00922,0.993730009
test_00923,0
test_00924,0.99770999
test_00925,1
test_00926,0.99901998
test_00927,0
test_00928,0.989099979
test_00929,0.108510002
test_00930,0
test_00931,1
test_00932,0
test_00933,0.999979973
test_00934,0.999989986
test_00935,9.99999975e-06
test_00936,0.980300009
test_00937,1
test_00938,0
test_00939,1
test_00940,1
test_00941,1
test_00942,1
test_00943,0
test_00944,0
test_00945,0.0679899976
test_00946,1
test_00947,4.99999987e-05
test_00948,0.00221000006
test_00949,0
test_00950,0
test_00951,0.570980012
test_00952,0.00689999992
test_00953,0.999469995
test_00954,0.00176000001
test_00955,0.999800026
test_00956,0.750339985
test_00957,0.00905000046
test_00958,0.000150000007
test_00959,0.999740005
test_00960,0
test_00961,0.994419992
test_00962,0
test_00963,0.999970019
test_00964,0.99980998
test_00965,0.999750018
test_00966,0.851339996
test_00967,0.0229800008
test_00968,0.0413299985
test_00969,0.998740017
test_00970,0.999670029
test_00971,1
test_00972,0.31825
test_00973,0.310689986
test_00974,0.406980008
test_00975,0.743350029
test_00976,1
test_00977,0.887480021
test_00978,0
test_00979,0.189400002
test_00980,0.999769986
test_00981,0.999970019
test_00982,0.592999995
test_00983,0.000180000003
test_00984,2.99999992e-05
test_00985,0.999970019
test_00986,0.00026999999
test_00987,0.0956400037
test_00988,0.999610007
test_00989,0.999979973
test_00990,0.00651000021
test_00991,0.713630021
test_00992,0
test_00993,0.000260000001
test_00994,0.522840023
test_00995,0.0180900004
test_00996,0.999979973
test_00997,0.97823
test_00998,0
test_00999,0.885119975
test_01000,0.967069983
test_01001,1
test_01002,0.993900001
test_01003,0.417299986
test_01004,0.997020006
test_01005,1.99999995e-05
test_01006,3.9999999e-05
test_01007,0.000560000015
test_01008,0.778720021
test_01009,0.979569972
test_01010,0.999750018
test_01011,0.998740017
test_01012,0.00133999996
test_01013,9.99999975e-06
test_01014,0
test_01015,1
test_01016,1
test_01017,0.0198800005
test_01018,1
test_01019,1
test_01020,0.999989986
test_01021,1
test_01022,0
test_01023,0.999779999
test_01024,0
test_01025,0.352369994
test_01026,0.997699976
test_01027,0
test_01028,1.99999995e-05
test_01029,0.999970019
test_01030,1
test_01031,0.000289999996
test_01032,0.107550003
test_01033,0.890110016
test_01034,0.00165999995
test_01035,0
test_01036,1
test_01037,1
test_01038,0.164959997
test_01039,1
test_01040,0.994239986
test_01041,0.999840021
test_01042,0.999930024
test_01043,0.790059984
test_01044,1
test_01045,0.225150004
test_01046,0
test_01047,0.999989986
test_01048,0.999989986
test_01049,0
test_01050,5.99999985e-05
test_01051,0.297540009
test_01052,0.876999974
test_01053,0.0810299963
test_01054,0.215550005
test_01055,0.00104999996
test_01056,0.442690015
test_01057,0.0448400006
test_01058,1
test_01059,0.925639987
test_01060,0.968320012
test_01061,0.999989986
test_01062,0.898360014
test_01063,0
test_01064,5.99999985e-05
test_01065,0.587390006
test_01066,0.295029998
test_01067,0.639159977
test_01068,0.925949991
test_01069,0.000199999995
test_01070,1
test_01071,1
test_01072,0.992380023
test_01073,1
test_01074,0.989059985
test_01075,0
test_01076,0.000110000001
test_01077,0.998660028
test_01078,0
test_01079,0.964569986
test_01080,0.949339986
test_01081,0.999109983
test_01082,0.999180019
test_01083,1
test_01084,0.946219981
test_01085,0.933260024
test_01086,0.715470016
test_01087,0.00383000006
test_01088,0.00156
test_01089,0.999960005
test_01090,1
test_01091,1
test_01092,0.0793899968
test_01093,0.00246000011
test_01094,0.00618000003
test_01095,0.999989986
test_01096,0
test_01097,0.99950999
test_01098,1
test_01099,0.71815002
test_01100,0
test_01101,0.00879999995
test_01102,1
test_01103,0.134289995
test_01104,0.840219975
test_01105,0.999390006
test_01106,0.00364000001
test_01107,0.99861002
test_01108,0.996299982
test_01109,0.00124000001
test_01110,0.999849975
test_01111,0
test_01112,0.254640013
test_01113,0.0257900003
test_01114,0
test_01115,0
test_01116,0.0571600012
test_01117,0.988839984
test_01118,0.00622999994
test_01119,0.00142999995
test_01120,0
test_01121,1
test_01122,0.117299996
test_01123,0.990930021
test_01124,9.99999975e-06
test_01125,0.733299971
test_01126,1
test_01127,0
test_01128,0.296200007
test_01129,0.656710029
test_01130,0.990700006
test_01131,0.999459982
test_01132,9.99999975e-06
test_01133,0.434300005
test_01134,0
test_01135,0.99940002
test_01136,0.000339999999
test_01137,0.999989986
test_01138,0.636089981
test_01139,0.00100000005
test_01140,0.566309988
test_01141,1
test_01142,0.372599989
test_01143,0.999520004
test_01144,1
test_01145,0.763859987
test_01146,1
test_01147,0.00206000009
test_01148,0.999979973
test_01149,0.0739900023
test_01150,0.481999993
test_01151,0.0183300003
test_01152,0.000230000005
test_01153,0.999069989
test_01154,0.999629974
test_01155,0.00527000008
test_01156,0
test_01157,0.000500000024
test_01158,0.000369999994
test_01159,3.9999999e-05
test_01160,0
test_01161,0.00126000005
test_01162,0
test_01163,1
test_01164,0
test_01165,3.9999999e-05
test_01166,0.999970019
test_01167,0.998319983
test_01168,0.325309992
test_01169,0.000250000012
test_01170,0.00115000003
test_01171,0.999859989
test_01172,1
test_01173,0.00906999968
test_01174,0.752990007
test_01175,0
test_01176,0
test_01177,0.999970019
test_01178,0.00273000007
test_01179,0.00255999994
test_01180,0
test_01181,0.00230000005
test_01182,0.0104799997
test_01183,0.654940009
test_01184,0.999499977
test_01185,9.99999975e-06
test_01186,0.163120002
test_01187,0.696969986
test_01188,0
test_01189,0
test_01190,0
test_01191,0.11964
test_01192,1
test_01193,2.99999992e-05
test_01194,1
test_01195,0.999840021
test_01196,0.261869997
test_01197,0.520609975
test_01198,0.224020004
test_01199,0.0056400001
test_01200,0.776660025
test_01201,0.240529999
test_01202,0.990400016
test_01203,0.99891001
test_01204,0.0989999995
test_01205,2.99999992e-05
test_01206,0.698390007
test_01207,0
test_01208,0.999220014
test_01209,0.0162899997
test_01210,0.999329984
test_01211,0.999559999
test_01212,0.000209999998
test_01213,0.999819994
test_01214,0.239820004
test_01215,0
test_01216,0.980970025
test_01217,0
test_01218,0.000410000008
test_01219,0.0541599989
test_01220,1
test_01221,1
test_01222,0.0388699993
test_01223,1
test_01224,0.929509997
test_01225,0.811739981
test_01226,0.353460014
test_01227,0.999960005
test_01228,0.142419994
test_01229,1
test_01230,0.999979973
test_01231,0.538760006
test_01232,0
test_01233,1
test_01234,0.00504000019
test_01235,0.999989986
test_01236,1
test_01237,0
test_01238,0
test_01239,1
test_01240,1
test_01241,0.834280014
test_01242,0.0132499998
test_01243,9.99999975e-06
test_01244,0
test_01245,0.999989986
test_01246,0.999059975
test_01247,0.999480009
test_01248,0
test_01249,0.999989986
test_01250,0.999260008
test_01251,0.675549984
test_01252,0.568480015
test_01253,0.000620000006
test_01254,0.995440006
test_01255,1
test_01256,0.999440014
test_01257,0.999369979
test_01258,1.99999995e-05
test_01259,0.00455000019
test_01260,3.9999999e-05
test_01261,0.984560013
test_01262,0.901199996
test_01263,0.999979973
test_01264,0.0381500013
test_01265,0.999960005
test_01266,0.000220000002
test_01267,0
test_01268,0.00112000003
test_01269,0.980189979
test_01270,0.999989986
test_01271,3.9999999e-05
test_01272,0
test_01273,0
test_01274,0.00364000001
test_01275,0.992460012
test_01276,0
test_01277,0.351229995
test_01278,0.707419991
test_01279,0.0131099997
test_01280,0.412220001
test_01281,0.0547700003
test_01282,0.999390006
test_01283,0.391400009
test_01284,0.000319999992
test_01285,0.160319999
test_01286,1
test_01287,0.999979973
test_01288,0.294259995
test_01289,0.517329991
test_01290,1
test_01291,0
test_01292,0.576600015
test_01293,0
test_01294,0.992370009
test_01295,0.998000026
test_01296,0.99958998
test_01297,0.999989986
test_01298,0
test_01299,0.999710023
test_01300,0
test_01301,0.999949992
test_01302,0.979290009
test_01303,0.571399987
test_01304,0
test_01305,0
test_01306,0.000469999999
test_01307,1
test_01308,1
test_01309,0.000169999999
test_01310,0.999920011
test_01311,0
test_01312,1
test_01313,0.836499989
test_01314,0.998780012
test_01315,0
test_01316,0.272170007
test_01317,1
test_01318,3.9999999e-05
test_01319,0
test_01320,0.503199995
test_01321,0.206489995
test_01322,0.453949988
test_01323,0.00191999995
test_01324,0
test_01325,0.995700002
test_01326,0.00133999996
test_01327,0.280220002
test_01328,0.999989986
test_01329,1
test_01330,0.999970019
test_01331,0
test_01332,0.997959971
test_01333,0.936280012
test_01334,0.0112100001
test_01335,0.999930024
test_01336,0.600250006
test_01337,1
test_01338,1
test_01339,0.990379989
test_01340,0
test_01341,1
test_01342,0.998179972
test_01343,0.999499977
test_01344,1
test_01345,0.0954900011
test_01346,0.0137200002
test_01347,1
test_01348,0
test_01349,0.00442000013
test_01350,0.957300007
test_01351,1
test_01352,1
test_01353,0
test_01354,0.764720023
test_01355,0.506669998
test_01356,7.00000019e-05
test_01357,0.00522999978
test_01358,0.999899983
test_01359,0.34088999
test_01360,0
test_01361,1
test_01362,0
test_01363,1
test_01364,0.947170019
test_01365,0.000140000004
test_01366,0.0030400001
test_01367,0.996630013
test_01368,0.0457900017
test_01369,0
test_01370,0
test_01371,0
test_01372,0.00541000022
test_01373,0.999610007
test_01374,0.999979973
test_01375,0
test_01376,0
test_01377,0.0161700007
test_01378,0
test_01379,0
test_01380,0.000140000004
test_01381,0
test_01382,0.998539984
test_01383,0.999960005
test_01384,1
test_01385,0.999890029
test_01386,0.0438299999
test_01387,0.000180000003
test_01388,3.9999999e-05
test_01389,0
test_01390,0.0904999971
test_01391,9.99999975e-06
test_01392,0.852079988
test_01393,0.883549988
test_01394,0
test_01395,0.99958998
test_01396,1
test_01397,0.892359972
test_01398,0.0514100008
test_01399,0
test_01400,0.592450023
test_01401,0.000319999992
test_01402,5.99999985e-05
test_01403,0.998139977
test_01404,0.986890018
test_01405,1
test_01406,2.99999992e-05
test_01407,0.390329987
test_01408,1
test_01409,0.999689996
test_01410,0.982330024
test_01411,9.99999975e-06
test_01412,3.9999999e-05
test_01413,0.00937999971
test_01414,0.550090015
test_01415,0.912699997
test_01416,1
test_01417,7.9999998e-05
test_01418,0.0130000003
test_01419,0.0325499997
test_01420,0
test_01421,0.00248000002
test_01422,0.00149000005
test_01423,0.999360025
test_01424,0.334859997
test_01425,0.995599985
test_01426,0.986329973
test_01427,0.876919985
test_01428,0.999989986
test_01429,0.59890002
test_01430,0.843320012
test_01431,0
test_01432,0.999300003
test_01433,0.987990022
test_01434,0.97329998
test_01435,0.38014999
test_01436,0.000239999994
test_01437,0.00026999999
test_01438,0.00951000024
test_01439,0.753239989
test_01440,0.876299977
test_01441,0.144859999
test_01442,0.999989986
test_01443,0.0462500006
test_01444,0.387250006
test_01445,0.991230011
test_01446,0.0218499992
test_01447,0.812659979
test_01448,1
test_01449,0.27353999
test_01450,0.999939978
test_01451,0.0200399999
test_01452,0.999870002
test_01453,0.992120028
test_01454,0.999989986
test_01455,0.251040012
test_01456,0.99861002
test_01457,0.999840021
test_01458,0.998889983
test_01459,0.999729991
test_01460,0
test_01461,9.99999975e-06
test_01462,0
test_01463,0.995580018
test_01464,0.00321
test_01465,0.999830008
test_01466,0.999949992
test_01467,0.999979973
test_01468,0.971300006
test_01469,0
test_01470,0.0152599998
test_01471,0.0283100009
test_01472,0.736549973
test_01473,0
test_01474,0.110169999
test_01475,0
test_01476,0.00669000018
test_01477,0.0147399995
test_01478,9.99999975e-06
test_01479,0.31795001
test_01480,0.999949992
test_01481,0.946099997
test_01482,0.0134399999
test_01483,0.924910009
test_01484,0
test_01485,0.949509978
test_01486,1
test_01487,0.488400012
test_01488,1
test_01489,0.0263599996
test_01490,0.999310017
test_01491,0
test_01492,9.99999975e-06
test_01493,0.39379999
test_01494,0
test_01495,0
test_01496,0.999859989
test_01497,0.997619987
test_01498,0.999450028
test_01499,0.000549999997
test_01500,0.533259988
test_01501,0.00527000008
test_01502,0.459980011
test_01503,0.978910029
test_01504,0.999830008
test_01505,0
test_01506,0.999859989
test_01507,0.993250012
test_01508,0.913230002
test_01509,0.999989986
test_01510,0.92948997
test_01511,0.99980998
test_01512,0.999979973
test_01513,1
test_01514,0.0282899998
test_01515,0.999989986
test_01516,0.946309984
test_01517,0.440589994
test_01518,0.738150001
test_01519,0.293579996
test_01520,0.999559999
test_01521,0.998430014
test_01522,1
test_01523,0.99901998
test_01524,0.999840021
test_01525,0.982630014
test_01526,0
test_01527,0.999970019
test_01528,0.991789997
test_01529,0.000169999999
test_01530,1
test_01531,0.0732700005
test_01532,0.999189973
test_01533,0.323359996
test_01534,0
test_01535,0
test_01536,0.0449599996
test_01537,0.998480022
test_01538,0
test_01539,1
test_01540,0.241150007
test_01541,0.999830008
test_01542,0.871850014
test_01543,1
test_01544,0
test_01545,0.999090016
test_01546,0.970040023
test_01547,0.21875
test_01548,0.00118000002
test_01549,0.999350011
test_01550,1
test_01551,0
test_01552,0.945529997
test_01553,0.0605500005
test_01554,0
test_01555,0.927060008
test_01556,1
test_01557,1
test_01558,0.999890029
test_01559,2.99999992e-05
test_01560,0.685010016
test_01561,0
test_01562,0.000260000001
test_01563,0.999930024
test_01564,0
test_01565,0.991219997
test_01566,0.999930024
test_01567,0.000119999997
test_01568,0
test_01569,0
test_01570,9.99999975e-06
test_01571,0.992150009
test_01572,0.799669981
test_01573,0.157289997
test_01574,0.000890000025
test_01575,0
test_01576,0.99970001
test_01577,0.00261000008
test_01578,0.996829987
test_01579,0.0487000011
test_01580,0.997950017
test_01581,1
test_01582,0
test_01583,0
test_01584,0.276179999
test_01585,0.313730001
test_01586,0.988240004
test_01587,0.995540023
test_01588,0.000750000007
test_01589,0.00203000009
test_01590,1
test_01591,0.999759972
test_01592,0.00867000036
test_01593,0
test_01594,0.998589993
test_01595,0.999740005
test_01596,0.000549999997
test_01597,0.00181000005
test_01598,0
test_01599,0.899860024
test_01600,0
test_01601,0.98071003
test_01602,0.0187599994
test_01603,0.999819994
test_01604,1
test_01605,9.99999975e-06
test_01606,9.99999975e-06
test_01607,1
test_01608,0.982169986
test_01609,0.596390009
test_01610,0.999840021
test_01611,0.000250000012
test_01612,1
test_01613,0
test_01614,0
test_01615,0.036460001
test_01616,0.00132000004
test_01617,0.403899997
test_01618,0.999989986
test_01619,0
test_01620,0.00149000005
test_01621,0.0451200008
test_01622,0.994369984
test_01623,0.69137001
test_01624,0.510900021
test_01625,0.999769986
test_01626,0.999430001
test_01627,0.854719996
test_01628,0.0022799999
test_01629,0.999890029
test_01630,0.998260021
test_01631,1
test_01632,5.99999985e-05
test_01633,0.999360025
test_01634,0
test_01635,0.998019993
test_01636,0.982940018
test_01637,0
test_01638,0.999450028
test_01639,0.956579983
test_01640,0.00960000046
test_01641,0.111709997
test_01642,0.133570001
test_01643,0
test_01644,0.259059995
test_01645,0.72596997
test_01646,0.572790027
test_01647,0.999970019
test_01648,0.982980013
test_01649,9.99999975e-06
test_01650,0.852299988
test_01651,9.99999975e-05
test_01652,1
test_01653,0.00408999994
test_01654,0.978609979
test_01655,0.999800026
test_01656,0.938419998
test_01657,0.0161899999
test_01658,0.369390011
test_01659,9.99999975e-06
test_01660,0.999989986
test_01661,0.000190000006
test_01662,0.998189986
test_01663,0.00457999995
test_01664,0
test_01665,0.998220026
test_01666,0
test_01667,0
test_01668,0.999979973
test_01669,0
test_01670,0.999689996
test_01671,0.985059977
test_01672,0.999979973
test_01673,0.0540300012
test_01674,0
test_01675,0.00206000009
test_01676,1
test_01677,0.954050004
test_01678,0.79102999
test_01679,1
test_01680,0
test_01681,0.371899992
test_01682,0.994620025
test_01683,0.131679997
test_01684,0.999920011
test_01685,0.998160005
test_01686,1
test_01687,0.485100001
test_01688,0
test_01689,9.99999975e-06
test_01690,1
test_01691,0.84592998
test_01692,0
test_01693,0.0789600015
test_01694,0
test_01695,0.0988600031
test_01696,0.978070021
test_01697,0.999819994
test_01698,1
test_01699,0
test_01700,0.997770011
test_01701,0.0169399995
test_01702,0
test_01703,0.999949992
test_01704,0
test_01705,0.333460003
test_01706,0.988650024
test_01707,0.999859989
test_01708,1
test_01709,0.999880016
test_01710,0.980260015
test_01711,0.00013
test_01712,0.673219979
test_01713,9.99999975e-06
test_01714,0
test_01715,0.999979973
test_01716,0.284830004
test_01717,1
test_01718,1.99999995e-05
test_01719,0.000280000007
test_01720,0.997120023
test_01721,0
test_01722,0.987789989
test_01723,7.9999998e-05
test_01724,0
test_01725,0.000530000019
test_01726,0.574630022
test_01727,0.999859989
test_01728,0.62391001
test_01729,0.999300003
test_01730,0.000720000011
test_01731,0.253010005
test_01732,9.99999975e-06
test_01733,0.933420002
test_01734,0.999960005
test_01735,1
test_01736,0.385630012
test_01737,1
test_01738,1
test_01739,0.342790008
test_01740,0.775709987
test_01741,0
test_01742,0.0173799992
test_01743,0.990079999
test_01744,0.656769991
test_01745,3.9999999e-05
test_01746,0.168970004
test_01747,1
test_01748,0.483900011
test_01749,0.863960028
test_01750,0.998700023
test_01751,0.0953999981
test_01752,0.000150000007
test_01753,0.162269995
test_01754,0.000410000008
test_01755,0.452760011
test_01756,0.991119981
test_01757,0.998239994
test_01758,0.000360000005
test_01759,0.0137599995
test_01760,1
test_01761,9.99999975e-06
test_01762,0.774280012
test_01763,0
test_01764,0.978720009
test_01765,0.999930024
test_01766,0
test_01767,0
test_01768,0.978089988
test_01769,0.0957899988
test_01770,0.999119997
test_01771,1.99999995e-05
test_01772,0.597649992
test_01773,0.999979973
test_01774,0.999920011
test_01775,0.995880008
test_01776,0.999970019
test_01777,1
test_01778,1
test_01779,0.199980006
test_01780,0.0223299991
test_01781,0.999960005
test_01782,0.000300000014
test_01783,0.996510029
test_01784,0.0544600002
test_01785,0.859059989
test_01786,0.862039983
test_01787,0.207399994
test_01788,0.999800026
test_01789,0.823520005
test_01790,0
test_01791,0.999989986
test_01792,0.790109992
test_01793,0.737900019
test_01794,0.987410009
test_01795,0.000180000003
test_01796,0
test_01797,0.0570399985
test_01798,0.0504800007
test_01799,0.01064
test_01800,0.916079998
test_01801,0.999960005
test_01802,0.680559993
test_01803,1
test_01804,1
test_01805,9.99999975e-06
test_01806,0.999499977
test_01807,0.99962002
test_01808,0.999960005
test_01809,0.999319971
test_01810,0.974430025
test_01811,0.999939978
test_01812,1
test_01813,0.0160700008
test_01814,9.99999975e-06
test_01815,0.96390003
test_01816,0.444449991
test_01817,9.99999975e-05
test_01818,0.999989986
test_01819,0.404650003
test_01820,9.99999975e-06
test_01821,0.999989986
test_01822,0.335350007
test_01823,0
test_01824,0.57385999
test_01825,0.0447399989
test_01826,0.999350011
test_01827,0
test_01828,1
test_01829,0.00236999989
test_01830,1
test_01831,0
test_01832,9.99999975e-06
test_01833,0
test_01834,0.00331000006
test_01835,0.226449996
test_01836,0
test_01837,1
test_01838,0
test_01839,1
test_01840,0
test_01841,0.722540021
test_01842,0.169190004
test_01843,0
test_01844,0.999989986
test_01845,0.378540009
test_01846,0.999970019
test_01847,1
test_01848,0.0165899992
test_01849,0.992380023
test_01850,1
test_01851,0.999890029
test_01852,0.293379992
test_01853,0.665000021
test_01854,0.000119999997
test_01855,0.00184000004
test_01856,0.0400799997
test_01857,0
test_01858,0.986209989
test_01859,0.996649981
test_01860,1
test_01861,0
test_01862,0.945519984
test_01863,0.789659977
test_01864,0
test_01865,0.999979973
test_01866,0.16212
test_01867,0.00420999993
test_01868,9.99999975e-06
test_01869,0.999989986
test_01870,0
test_01871,0.59224999
test_01872,0
test_01873,0.782469988
test_01874,0.995199978
test_01875,0.930310011
test_01876,0.691929996
test_01877,0.999989986
test_01878,0.0745799989
test_01879,0.999350011
test_01880,0.995589972
test_01881,0.76473999
test_01882,0
test_01883,0.450129986
test_01884,2.99999992e-05
test_01885,0.334809989
test_01886,0.000180000003
test_01887,0.908879995
test_01888,0.328940004
test_01889,0.0211800002
test_01890,1
test_01891,0.826610029
test_01892,0.740029991
test_01893,0.999979973
test_01894,0.923680007
test_01895,0
test_01896,0.843879998
test_01897,0
test_01898,0.999970019
test_01899,0.847199976
test_01900,1
test_01901,0.921530008
test_01902,1
test_01903,0.000140000004
test_01904,0.000319999992
test_01905,1
test_01906,0
test_01907,0.999970019
test_01908,0.975380003
test_01909,0.000820000016
test_01910,0
test_01911,9.99999975e-06
test_01912,1
test_01913,0
test_01914,0.999920011
test_01915,2.99999992e-05
test_01916,1
test_01917,0.993120015
test_01918,0.999970019
test_01919,0.569019973
test_01920,0.99831003
test_01921,0
test_01922,0.629040003
test_01923,0.990339994
test_01924,0.970979989
test_01925,0.999689996
test_01926,0.00640999991
test_01927,0.999339998
test_01928,0.0099600004
test_01929,0.965330005
test_01930,1
test_01931,0
test_01932,1
test_01933,1
test_01934,0.884459972
test_01935,0
test_01936,0.000140000004
test_01937,0.0132900001
test_01938,0.000760000024
test_01939,1
test_01940,0
test_01941,0.974009991
test_01942,0.999989986
test_01943,0
test_01944,0.0043899999
test_01945,0
test_01946,0.00713999989
test_01947,0.000479999988
test_01948,0.807039976
test_01949,0
test_01950,0.872500002
test_01951,0.522610009
test_01952,1
test_01953,0
test_01954,1
test_01955,0.747770011
test_01956,1
test_01957,0.999650002
test_01958,0.00987999979
test_01959,0
test_01960,0.999939978
test_01961,0.976610005
test_01962,0
test_01963,0.000119999997
test_01964,0
test_01965,0.999890029
test_01966,0
test_01967,0.00240000011
test_01968,1
test_01969,0
test_01970,0.241490006
test_01971,0.988919973
test_01972,0.994480014
test_01973,4.99999987e-05
test_01974,0.0901499987
test_01975,0.999059975
test_01976,1
test_01977,0
test_01978,1
test_01979,9.99999975e-05
test_01980,0
test_01981,0.00319000008
test_01982,0
test_01983,0.707780004
test_01984,0.110140003
test_01985,1
test_01986,0.792289972
test_01987,7.9999998e-05
test_01988,0
test_01989,0.739289999
test_01990,0
test_01991,1
test_01992,0.033640001
test_01993,1
test_01994,0.42701
test_01995,0.999970019
test_01996,0.999300003
test_01997,0.919749975
test_01998,9.99999975e-06
test_01999,3.9999999e-05
test_02000,1
test_02001,3.9999999e-05
test_02002,0.000300000014
test_02003,0.955569983
test_02004,1.99999995e-05
test_02005,0.944999993
test_02006,0
test_02007,0.0181000009
test_02008,0.00318
test_02009,0.126900002
test_02010,1
test_02011,0.999989986
test_02012,0.97834003
test_02013,0.999800026
test_02014,0.00694999984
test_02015,0.000140000004
test_02016,0.752830029
test_02017,0.00412000017
test_02018,0.973029971
test_02019,0.999939978
test_02020,0.150790006
test_02021,0.999849975
test_02022,0.963940024
test_02023,0.0380900018
test_02024,0.00104999996
test_02025,1
test_02026,0.999790013
test_02027,0.0150499996
test_02028,1
test_02029,0.839980006
test_02030,1
test_02031,0.398440003
test_02032,0.0500699989
test_02033,0
test_02034,0.0518399999
test_02035,0.000509999983
test_02036,0.000419999997
test_02037,0
test_02038,0.647239983
test_02039,0.992510021
test_02040,0.876190007
test_02041,0.904100001
test_02042,7.00000019e-05
test_02043,0
test_02044,0.0282700006
test_02045,0.980210006
test_02046,0
test_02047,9.99999975e-06
test_02048,0.999719977
test_02049,9.99999975e-05
test_02050,0.748199999
test_02051,1
test_02052,0.000479999988
test_02053,0.988810003
test_02054,0.0134800002
test_02055,0.992200017
test_02056,0.999989986
test_02057,0.999310017
test_02058,0.915279984
test_02059,1
test_02060,1
test_02061,0.999029994
test_02062,0.000490000006
test_02063,0
test_02064,0.96122998
test_02065,0.995850027
test_02066,1
test_02067,0
test_02068,0.0152099999
test_02069,0.998950005
test_02070,5.99999985e-05
test_02071,0.794619977
test_02072,0.999890029
test_02073,0.895479977
test_02074,1
test_02075,0.138190001
test_02076,0.416530013
test_02077,0.0467600003
test_02078,1
test_02079,0.0482899994
test_02080,1
test_02081,0
test_02082,0.815310001
test_02083,0
test_02084,0.00467999978
test_02085,0.956669986
test_02086,0.00436000014
test_02087,0
test_02088,9.99999975e-06
test_02089,0
test_02090,0.912360013
test_02091,0.00545000006
test_02092,0.243799999
test_02093,0
test_02094,1
test_02095,3.9999999e-05
test_02096,4.99999987e-05
test_02097,0.0428400002
test_02098,0.99624002
test_02099,1
test_02100,0.999989986
test_02101,0.674709976
test_02102,0.892750025
test_02103,0.00344999996
test_02104,0.0661899969
test_02105,0.997799993
test_02106,0.997210026
test_02107,0
test_02108,0
test_02109,0
test_02110,0.999880016
test_02111,0
test_02112,0.245320007
test_02113,1
test_02114,1
test_02115,0.000349999988
test_02116,0.999390006
test_02117,0.00389000005
test_02118,0.00212000008
test_02119,1
test_02120,9.99999975e-06
test_02121,0.889909983
test_02122,0.04397
test_02123,0.0482800007
test_02124,0.00039999999
test_02125,0.999989986
test_02126,0.623889983
test_02127,7.9999998e-05
test_02128,0
test_02129,0.00947999954
test_02130,1
test_02131,0.990949988
test_02132,0.992540002
test_02133,0.999870002
test_02134,2.99999992e-05
test_02135,1
test_02136,0.0820299983
test_02137,0.939660013
test_02138,0.675599992
test_02139,0.553789973
test_02140,0
test_02141,0.999970019
test_02142,1
test_02143,0.000159999996
test_02144,0.780550003
test_02145,0.00280999998
test_02146,2.99999992e-05
test_02147,0.98348999
test_02148,0.998709977
test_02149,0
test_02150,1
test_02151,0
test_02152,0
test_02153,1
test_02154,1
test_02155,1
test_02156,0.974659979
test_02157,9.99999975e-06
test_02158,0.0487900004
test_02159,0.999059975
test_02160,0.999979973
test_02161,1
test_02162,0.996460021
test_02163,0.000839999993
test_02164,0
test_02165,0.469559997
test_02166,0
test_02167,0.0231599994
test_02168,0.0241400003
test_02169,0
test_02170,0.999650002
test_02171,0.30686
test_02172,0.999970019
test_02173,1.99999995e-05
test_02174,0.891179979
test_02175,0.453929991
test_02176,0.000829999975
test_02177,0.530170023
test_02178,0.000429999985
test_02179,0.525259972
test_02180,1
test_02181,0.999769986
test_02182,0.000410000008
test_02183,1.99999995e-05
test_02184,0
test_02185,0.999840021
test_02186,0
test_02187,0.999989986
test_02188,0.0146300001
test_02189,0.999890029
test_02190,1
test_02191,0.999989986
test_02192,9.99999975e-06
test_02193,0
test_02194,0.997479975
test_02195,0.999989986
test_02196,0.000169999999
test_02197,0.999930024
test_02198,0.00947999954
test_02199,0.000760000024
test_02200,0.309080005
test_02201,0.0179699995
test_02202,0
test_02203,0.00875999965
test_02204,0.45322001
test_02205,0.133259997
test_02206,1
test_02207,0.315750003
test_02208,0.750119984
test_02209,0.854690015
test_02210,0.00899
test_02211,0.159710005
test_02212,0.000390000001
test_02213,1
test_02214,0.999069989
test_02215,0.556089997
test_02216,0.00261999993
test_02217,0
test_02218,0.983850002
test_02219,0
test_02220,0.000339999999
test_02221,0.0113899997
test_02222,0.867519975
test_02223,0.000569999975
test_02224,0.999989986
test_02225,0
test_02226,0
test_02227,0.158050001
test_02228,1
test_02229,0.99800998
test_02230,0.0054299999
test_02231,0.109920003
test_02232,0.982990026
test_02233,1
test_02234,0
test_02235,0.757539988
test_02236,0.0131099997
test_02237,0.979229987
test_02238,0.00147999998
test_02239,0.992980003
test_02240,0.989709973
test_02241,1
test_02242,2.99999992e-05
test_02243,0
test_02244,1
test_02245,0.000360000005
test_02246,0.999960005
test_02247,0.995000005
test_02248,1
test_02249,0.497759998
test_02250,1
test_02251,0.00165999995
test_02252,0.999909997
test_02253,0.999909997
test_02254,0
test_02255,0.94325
test_02256,0.0116400002
test_02257,0.963429987
test_02258,0.00488999998
test_02259,0.0958499983
test_02260,0.0136799999
test_02261,0.0576100014
test_02262,0.0347299986
test_02263,0.525080025
test_02264,0.0388000011
test_02265,0.999939978
test_02266,0.994090021
test_02267,9.99999975e-06
test_02268,0.000490000006
test_02269,1
test_02270,0.999960005
test_02271,0.180030003
test_02272,9.99999975e-06
test_02273,0.875970006
test_02274,0.996909976
test_02275,1
test_02276,0.99970001
test_02277,1
test_02278,0.999970019
test_02279,1
test_02280,0
test_02281,0.06329
test_02282,0.00246000011
test_02283,0.0314100012
test_02284,0
test_02285,0.946160018
test_02286,0.000110000001
test_02287,9.99999975e-05
test_02288,0.000169999999
test_02289,0
test_02290,0.882690012
test_02291,0
test_02292,0.0412399992
test_02293,0.00118999998
test_02294,1
test_02295,0.476220012
test_02296,1
test_02297,0.757439971
test_02298,0.740239978
test_02299,0.999970019
test_02300,0.000190000006
test_02301,0.824349999
test_02302,1
test_02303,0.997900009
test_02304,0
test_02305,1
test_02306,0.999710023
test_02307,0.781530023
test_02308,0
test_02309,0.966300011
test_02310,0.990379989
test_02311,0.996140003
test_02312,0.339529991
test_02313,0.326409996
test_02314,0.97457999
test_02315,0.000820000016
test_02316,0.992600024
test_02317,1.99999995e-05
test_02318,0.999979973
test_02319,1
test_02320,0.650870025
test_02321,0.955219984
test_02322,1
test_02323,0
test_02324,0.966849983
test_02325,0.585590005
test_02326,0.00867000036
test_02327,0.0196499992
test_02328,0.977469981
test_02329,0
test_02330,0.00356999994
test_02331,0
test_02332,0
test_02333,0
test_02334,0.794459999
test_02335,0.993929982
test_02336,0.999989986
test_02337,3.9999999e-05
test_02338,0.0475400016
test_02339,0.00520000001
test_02340,1
test_02341,0.0683699995
test_02342,0.000549999997
test_02343,0.995220006
test_02344,0
test_02345,1.99999995e-05
test_02346,0.999989986
test_02347,0.754400015
test_02348,1
test_02349,0.999960005
test_02350,2.99999992e-05
test_02351,0
test_02352,9.99999975e-06
test_02353,0.000630000024
test_02354,0.997789979
test_02355,0.962239981
test_02356,0.63985002
test_02357,0
test_02358,0.344080001
test_02359,0.999859989
test_02360,0.605809987
test_02361,0.138420001
test_02362,0.993229985
test_02363,0.98822999
test_02364,0.999610007
test_02365,1
test_02366,0
test_02367,1
test_02368,0.00634999992
test_02369,0
test_02370,0.99958998
test_02371,0.999989986
test_02372,0
test_02373,0
test_02374,0.999989986
test_02375,0.999779999
test_02376,0.066490002
test_02377,0.105999999
test_02378,0.80726999
test_02379,0
test_02380,0.999849975
test_02381,0.999920011
test_02382,0.999130011
test_02383,9.99999975e-06
test_02384,0
test_02385,0.840049982
test_02386,0
test_02387,0.999989986
test_02388,0
test_02389,0
test_02390,0.998579979
test_02391,0.0126
test_02392,0.999909997
test_02393,0
test_02394,0
test_02395,1
test_02396,0.913730025
test_02397,0.995299995
test_02398,1
test_02399,0.0302700009
test_02400,1
test_02401,0.99980998
test_02402,0.999989986
test_02403,0.913619995
test_02404,0.94234997
test_02405,0.999960005
test_02406,0.0281499997
test_02407,1
test_02408,0.565379977
test_02409,9.99999975e-06
test_02410,0
test_02411,0.999430001
test_02412,0.992200017
test_02413,0.999539971
test_02414,0.999689996
test_02415,0.999840021
test_02416,0.000310000003
test_02417,0.999949992
test_02418,0.0218100008
test_02419,0.105659999
test_02420,0.0593199991
test_02421,0.95273
test_02422,0
test_02423,0.999989986
test_02424,0
test_02425,0.0917799994
test_02426,1
test_02427,0.99831003
test_02428,0
test_02429,0
test_02430,0.652920008
test_02431,0.0137099996
test_02432,0.660290003
test_02433,0.999559999
test_02434,0.999830008
test_02435,0.562160015
test_02436,0
test_02437,0.00720999995
test_02438,0.999989986
test_02439,1
test_02440,0.999949992
test_02441,0.999769986
test_02442,0.00551000005
test_02443,0.648899972
test_02444,0.177070007
test_02445,0.232639998
test_02446,0.00141000003
test_02447,0.0196599998
test_02448,0.999979973
test_02449,0
test_02450,0.999740005
test_02451,0.999970019
test_02452,0
test_02453,0.89181
test_02454,0.624599993
test_02455,9.99999975e-06
test_02456,2.99999992e-05
test_02457,0.00966999959
test_02458,0.534120023
test_02459,0
test_02460,0.69946003
test_02461,1
test_02462,1
test_02463,0.00509000011
test_02464,0.999979973
test_02465,7.00000019e-05
test_02466,0.0746100023
test_02467,0
test_02468,0.984300017
test_02469,0
test_02470,0.999559999
test_02471,0.999949992
test_02472,0
test_02473,0.894360006
test_02474,0
test_02475,0.223560005
test_02476,0
test_02477,0.0105499998
test_02478,0.999159992
test_02479,1
test_02480,0.988629997
test_02481,0.987110019
test_02482,0.56803
test_02483,0.00891999993
test_02484,0.446729988
test_02485,0.000390000001
test_02486,1
test_02487,0.165859997
test_02488,0
test_02489,0.999989986
test_02490,0.999979973
test_02491,0.0275899991
test_02492,0.01939
test_02493,0
test_02494,0.999840021
test_02495,9.99999975e-06
test_02496,0.999989986
test_02497,0.00419999985
test_02498,0.94265002
test_02499,0.843670011
test_02500,0.999989986
test_02501,0
test_02502,0.0082299998
test_02503,0.39012
test_02504,1
test_02505,0.102049999
test_02506,0.00184000004
test_02507,0.999989986
test_02508,0.00796999969
test_02509,0.990310013
test_02510,4.99999987e-05
test_02511,0.67632997
test_02512,0.993830025
test_02513,1
test_02514,0
test_02515,0.999989986
test_02516,1
test_02517,0.629050016
test_02518,9.99999975e-06
test_02519,0.269160002
test_02520,0
test_02521,0.720480025
test_02522,0.999580026
test_02523,0
test_02524,0.995800018
test_02525,0.985170007
test_02526,0.99436003
test_02527,0.941630006
test_02528,0.0488799997
test_02529,0.0331100002
test_02530,0.976339996
test_02531,0.999960005
test_02532,0.0275199991
test_02533,0.999989986
test_02534,0
test_02535,0.323379993
test_02536,1
test_02537,0.0121499998
test_02538,0.635819972
test_02539,1
test_02540,0.00668000011
test_02541,0.785160005
test_02542,0.00712999981
test_02543,0.991419971
test_02544,0.999279976
test_02545,0.981130004
test_02546,0
test_02547,0.999960005
test_02548,0.000119999997
test_02549,1
test_02550,1
test_02551,2.99999992e-05
test_02552,0.998570025
test_02553,1
test_02554,0.999909997
test_02555,0.955030024
test_02556,0.138960004
test_02557,0.488689989
test_02558,0.849740028
test_02559,0
test_02560,0.27463001
test_02561,1
test_02562,0.428710014
test_02563,1
test_02564,0.174480006
test_02565,0.560549974
test_02566,0.604759991
test_02567,0.547969997
test_02568,0
test_02569,9.99999975e-06
test_02570,0.999610007
test_02571,2.99999992e-05
test_02572,0.00913999975
test_02573,0.00013
test_02574,0.999819994
test_02575,0.792289972
test_02576,1
test_02577,0.977270007
test_02578,0.999989986
test_02579,0
test_02580,0.292470008
test_02581,0.0148700001
test_02582,0
test_02583,0.0137700001
test_02584,1
test_02585,0
test_02586,0.991620004
test_02587,0.27768001
test_02588,0
test_02589,0.0508500002
test_02590,0.990760028
test_02591,0.999920011
test_02592,0.994560003
test_02593,0.425770015
test_02594,1
test_02595,0.999989986
test_02596,0
test_02597,0.9199
test_02598,0.999759972
test_02599,0.88369
test_02600,0.995729983
test_02601,0.00026999999
test_02602,0.0118000004
test_02603,0
test_02604,0.000159999996
test_02605,9.99999975e-06
test_02606,0.71845001
test_02607,0.999549985
test_02608,0.778980017
test_02609,1
test_02610,0.00628999993
test_02611,0.993709981
test_02612,0.942309976
test_02613,0.00159
test_02614,0.000150000007
test_02615,0
test_02616,0.932219982
test_02617,0.999230027
test_02618,0.955990016
test_02619,0.993619978
test_02620,0
test_02621,0.996949971
test_02622,0.000449999992
test_02623,0.632979989
test_02624,1
test_02625,0
test_02626,0.999989986
test_02627,0.999989986
test_02628,0.0256299991
test_02629,9.99999975e-06
test_02630,1
test_02631,0.000479999988
test_02632,0.508369982
test_02633,0.999859989
test_02634,0.0072300001
test_02635,0.538559973
test_02636,0.91069001
test_02637,1
test_02638,1
test_02639,0.000369999994
test_02640,0.980549991
test_02641,1
test_02642,0
test_02643,0.984369993
test_02644,0.000159999996
test_02645,0.0236699991
test_02646,0.00100000005
test_02647,0
test_02648,0
test_02649,1
test_02650,0
test_02651,0.924589992
test_02652,0.000180000003
test_02653,0.935310006
test_02654,0.988740027
test_02655,9.99999975e-06
test_02656,0.00155000004
test_02657,0.0110799996
test_02658,0.259000003
test_02659,0.397799999
test_02660,0.651769996
test_02661,1
test_02662,0.416040003
test_02663,0
test_02664,0.999989986
test_02665,0.986750007
test_02666,0.986259997
test_02667,0.997389972
test_02668,0.999930024
test_02669,0.0035600001
test_02670,0.00453000003
test_02671,0
test_02672,0.999769986
test_02673,1
test_02674,0.00535000023
test_02675,0.316489995
test_02676,0.999549985
test_02677,0.0103900004
test_02678,0.999949992
test_02679,0.977530003
test_02680,1.99999995e-05
test_02681,0.00328000006
test_02682,2.99999992e-05
test_02683,0.997919977
test_02684,0.96272999
test_02685,0.214809999
test_02686,0.999989986
test_02687,0.78846997
test_02688,1
test_02689,0.961470008
test_02690,0.999040008
test_02691,0.000780000002
test_02692,0.999979973
test_02693,0.996500015
test_02694,0.999650002
test_02695,0.999859989
test_02696,0.978100002
test_02697,0
test_02698,0
test_02699,0.981180012
test_02700,0
test_02701,0
test_02702,0.898490012
test_02703,0.780520022
test_02704,0.931200027
test_02705,0.999939978
test_02706,1.99999995e-05
test_02707,0.999149978
test_02708,0.00539000006
test_02709,0.883080006
test_02710,1
test_02711,0
test_02712,0.999729991
test_02713,0.469220012
test_02714,0
test_02715,0.0483300015
test_02716,0.0223399997
test_02717,0.999989986
test_02718,2.99999992e-05
test_02719,0.864000022
test_02720,9.99999975e-06
test_02721,0
test_02722,0.330740005
test_02723,1
test_02724,0.000449999992
test_02725,0.00497000013
test_02726,0.223780006
test_02727,0.0734099969
test_02728,0.00586999999
test_02729,3.9999999e-05
test_02730,1
test_02731,0.998090029
test_02732,0.783909976
test_02733,0.231889993
test_02734,0
test_02735,1
test_02736,0.352789998
test_02737,1
test_02738,0.997569978
test_02739,0.621860027
test_02740,1
test_02741,0.00999999978
test_02742,0.0816999972
test_02743,0.000609999988
test_02744,0
test_02745,0.99958998
test_02746,0.0949599966
test_02747,0
test_02748,0.00514000002
test_02749,0.999710023
test_02750,1
test_02751,0.687489986
test_02752,0.98597002
test_02753,0.916100025
test_02754,3.9999999e-05
test_02755,0.996949971
test_02756,0.999819994
test_02757,0.00147000002
test_02758,0.30103001
test_02759,0.998250008
test_02760,0
test_02761,0.999979973
test_02762,0
test_02763,0.00123000005
test_02764,0.999979973
test_02765,0.89823997
test_02766,0.855459988
test_02767,4.99999987e-05
test_02768,0.966809988
test_02769,0
test_02770,0.106509998
test_02771,0.999989986
test_02772,0.501460016
test_02773,1.99999995e-05
test_02774,1
test_02775,0.999109983
test_02776,1
test_02777,1
test_02778,0.910359979
test_02779,0.00249999994
test_02780,0.997319996
test_02781,0.67493999
test_02782,0.14576
test_02783,0.0646800026
test_02784,0.391279995
test_02785,0.999949992
test_02786,0
test_02787,1.99999995e-05
test_02788,0.999979973
test_02789,0.00138000003
test_02790,0.0143799996
test_02791,0.277779996
test_02792,0.10255
test_02793,0.976429999
test_02794,9.99999975e-06
test_02795,0.999989986
test_02796,0.90042001
test_02797,0.0497700013
test_02798,0.999989986
test_02799,0.868480027
test_02800,0
test_02801,0
test_02802,9.99999975e-06
test_02803,7.9999998e-05
test_02804,0.635999978
test_02805,0.000250000012
test_02806,1
test_02807,0
test_02808,0.134729996
test_02809,0.0174000002
test_02810,4.99999987e-05
test_02811,0
test_02812,0.133100003
test_02813,0.968659997
test_02814,0.999729991
test_02815,0.072800003
test_02816,0.231399998
test_02817,9.99999975e-06
test_02818,0.00104999996
test_02819,0.896560013
test_02820,0
test_02821,0.627640009
test_02822,0.975030005
test_02823,0.669250011
test_02824,0.00688999984
test_02825,1
test_02826,1
test_02827,0.98822999
test_02828,1
test_02829,1
test_02830,0.999989986
test_02831,1
test_02832,0.0867599994
test_02833,0.00107999996
test_02834,0.99089998
test_02835,0
test_02836,0.999989986
test_02837,1
test_02838,0
test_02839,0.999599993
test_02840,0.984650016
test_02841,1
test_02842,1
test_02843,0
test_02844,0
test_02845,0.00200999994
test_02846,1
test_02847,0.999979973
test_02848,0.00309000001
test_02849,0.794049978
test_02850,0
test_02851,1
test_02852,0
test_02853,0
test_02854,0.66128999
test_02855,0.999970019
test_02856,0.0117499996
test_02857,0.990239978
test_02858,0.99800998
test_02859,1
test_02860,0.0169300009
test_02861,1
test_02862,0.991020024
test_02863,0.0804999992
test_02864,0.995299995
test_02865,0.998149991
test_02866,0.999870002
test_02867,0.999909997
test_02868,1.99999995e-05
test_02869,0.891560018
test_02870,0.0171499997
test_02871,0.999379992
test_02872,0.632229984
test_02873,1
test_02874,1
test_02875,0.999970019
test_02876,0.999930024
test_02877,0.407370001
test_02878,0.00156
test_02879,0.0528500006
test_02880,1
test_02881,0.000199999995
test_02882,0
test_02883,0.999849975
test_02884,0.878009975
test_02885,0.982749999
test_02886,0.00472000008
test_02887,7.00000019e-05
test_02888,0
test_02889,0.01088
test_02890,0
test_02891,0.000280000007
test_02892,0.000169999999
test_02893,9.99999975e-06
test_02894,0
test_02895,0.971769989
test_02896,0.999939978
test_02897,0.384539992
test_02898,0.994530022
test_02899,0.931100011
test_02900,1
test_02901,0.999989986
test_02902,0
test_02903,9.99999975e-06
test_02904,0.274190009
test_02905,0.999849975
test_02906,0.00104999996
test_02907,0.230069995
test_02908,0.908770025
test_02909,0
test_02910,0
test_02911,9.99999975e-05
test_02912,0.999890029
test_02913,0.991509974
test_02914,0.999729991
test_02915,1
test_02916,0.999119997
test_02917,1.99999995e-05
test_02918,0.141980007
test_02919,0
test_02920,0
test_02921,0.900479972
test_02922,1
test_02923,0
test_02924,0.499839991
test_02925,0
test_02926,0.991110027
test_02927,0.968990028
test_02928,0.997780025
test_02929,0
test_02930,1
test_02931,0.999570012
test_02932,0.376260012
test_02933,0.513249993
test_02934,0.862070024
test_02935,0.729420006
test_02936,0.999899983
test_02937,9.99999975e-05
test_02938,0.240759999
test_02939,1
test_02940,0.508849978
test_02941,0.0168500002
test_02942,0.000769999984
test_02943,0.999920011
test_02944,0
test_02945,0.999279976
test_02946,0
test_02947,0.0539800003
test_02948,0
test_02949,0.223849997
test_02950,0.054370001
test_02951,0
test_02952,0.930249989
test_02953,0.466600001
test_02954,0.999800026
test_02955,2.99999992e-05
test_02956,0.000500000024
test_02957,0
test_02958,0.998860002
test_02959,0.00127000001
test_02960,0.738009989
test_02961,9.99999975e-06
test_02962,0.999970019
test_02963,0.000110000001
test_02964,0.813510001
test_02965,0
test_02966,0
test_02967,0.81200999
test_02968,1
test_02969,1
test_02970,0.26771
test_02971,1
test_02972,1
test_02973,0.797370017
test_02974,0.00482999999
test_02975,0
test_02976,0.976140022
test_02977,0.629949987
test_02978,0.999960005
test_02979,0.999989986
test_02980,0
test_02981,0.335209996
test_02982,0.930369973
test_02983,0.163190007
test_02984,0.996940017
test_02985,0
test_02986,0.977330029
test_02987,0.00013
test_02988,0.901929975
test_02989,0.213550001
test_02990,1
test_02991,0.995729983
test_02992,0
test_02993,9.99999975e-06
test_02994,0.719969988
test_02995,0
test_02996,0.663919985
test_02997,0.996699989
test_02998,0.00681999978
test_02999,1
test_03000,0.999840021
test_03001,0.999979973
test_03002,0.997259974
test_03003,0.944389999
test_03004,0.383269995
test_03005,0.000899999985
test_03006,0.0509800017
test_03007,0.000890000025
test_03008,1.99999995e-05
test_03009,1.99999995e-05
test_03010,0.999989986
test_03011,0.999679983
test_03012,0
test_03013,1
test_03014,0.999989986
test_03015,0
test_03016,0
test_03017,0.147569999
test_03018,1.99999995e-05
test_03019,0
test_03020,0.999989986
test_03021,0.000190000006
test_03022,1
test_03023,0.00218000007
test_03024,1
test_03025,0.220070004
test_03026,0.00487999991
test_03027,1.99999995e-05
test_03028,0.886799991
test_03029,0
test_03030,0.933040023
test_03031,0.00110999995
test_03032,0.000479999988
test_03033,0.781650007
test_03034,9.99999975e-05
test_03035,0.000440000003
test_03036,0.0132799996
test_03037,0.827549994
test_03038,0.125960007
test_03039,0
test_03040,1
test_03041,1
test_03042,0.999949992
test_03043,1
test_03044,0.996810019
test_03045,0.0146000003
test_03046,0.0349700004
test_03047,0.998780012
test_03048,0
test_03049,0.998790026
test_03050,0.0408199988
test_03051,2.99999992e-05
test_03052,0.000199999995
test_03053,9.00000014e-05
test_03054,0.829339981
test_03055,0.99267
test_03056,0.998939991
test_03057,0
test_03058,0.000169999999
test_03059,0.999939978
test_03060,0.697820008
test_03061,1
test_03062,1
test_03063,0.000780000002
test_03064,0.999279976
test_03065,0.00239000004
test_03066,1
test_03067,0.951319993
test_03068,0.00834000017
test_03069,1
test_03070,0.999750018
test_03071,1
test_03072,0.336050004
test_03073,0
test_03074,0.995700002
test_03075,0.996460021
test_03076,0.00225999998
test_03077,0.233860001
test_03078,0.999559999
test_03079,0
test_03080,0.991280019
test_03081,0.0250400007
test_03082,0.999960005
test_03083,0.105939999
test_03084,0.425110012
test_03085,0.413430005
test_03086,0.86056
test_03087,0.13989
test_03088,0.989629984
test_03089,0
test_03090,0.999989986
test_03091,0.996219993
test_03092,0
test_03093,0.949000001
test_03094,0.999960005
test_03095,0.80884999
test_03096,0.962339997
test_03097,0.000110000001
test_03098,0
test_03099,0.920809984
test_03100,1
test_03101,0.49831
test_03102,1
test_03103,0.00865000021
test_03104,0.977010012
test_03105,0.997690022
test_03106,0.00420999993
test_03107,0
test_03108,0
test_03109,0
test_03110,0
test_03111,0
test_03112,0
test_03113,9.99999975e-06
test_03114,9.99999975e-06
test_03115,0.081129998
test_03116,0.955340028
test_03117,0.181569993
test_03118,0
test_03119,1
test_03120,0.00135999999
test_03121,0
test_03122,0.0182300005
test_03123,1
test_03124,1
test_03125,0.480349988
test_03126,0.999949992
test_03127,0.923709989
test_03128,0
test_03129,0.0562300012
test_03130,1
test_03131,0.0930899978
test_03132,0.993019998
test_03133,0.812749982
test_03134,0.588010013
test_03135,0.997460008
test_03136,0.00546000013
test_03137,0.000140000004
test_03138,0
test_03139,0.0755999982
test_03140,7.00000019e-05
test_03141,0.998849988
test_03142,1
test_03143,0.0178999994
test_03144,0.996829987
test_03145,0.999989986
test_03146,0
test_03147,0.000199999995
test_03148,1.99999995e-05
test_03149,0.230890006
test_03150,1
test_03151,0
test_03152,0.963670015
test_03153,0
test_03154,1
test_03155,0
test_03156,1
test_03157,0
test_03158,0.998199999
test_03159,0.636259973
test_03160,0.000180000003
test_03161,0
test_03162,0.994859993
test_03163,0.000209999998
test_03164,0.991699994
test_03165,0.00243000011
test_03166,1.99999995e-05
test_03167,0
test_03168,0
test_03169,0.000199999995
test_03170,0
test_03171,0.999650002
test_03172,0.0327199996
test_03173,0.662100017
test_03174,0.0868899971
test_03175,0.578559995
test_03176,0.998070002
test_03177,0.00013
test_03178,0.999989986
test_03179,0.135600001
test_03180,0.999859989
test_03181,1
test_03182,0
test_03183,0.888260007
test_03184,1
test_03185,0.999059975
test_03186,0
test_03187,0.999989986
test_03188,0.000679999997
test_03189,0.99901998
test_03190,0.0147900004
test_03191,0.858099997
test_03192,0.824840009
test_03193,0.000280000007
test_03194,0.985210001
test_03195,0
test_03196,0.999989986
test_03197,0.00176000001
test_03198,9.99999975e-06
test_03199,0.644039989
test_03200,0.15433
test_03201,0.941020012
test_03202,0.00039999999
test_03203,0.000220000002
test_03204,0.989400029
test_03205,0.99940002
test_03206,0
test_03207,0.99958998
test_03208,0.00261000008
test_03209,0.724319994
test_03210,0.988250017
test_03211,0
test_03212,1
test_03213,0.999960005
test_03214,0
test_03215,1
test_03216,0.257750005
test_03217,0
test_03218,0
test_03219,1
test_03220,0.998489976
test_03221,0.837270021
test_03222,0.899439991
test_03223,0.523970008
test_03224,1
test_03225,1
test_03226,0
test_03227,0.569859982
test_03228,0.997120023
test_03229,0
test_03230,0.83047998
test_03231,1
test_03232,0.968400002
test_03233,0.00167999999
test_03234,0.254070014
test_03235,0.123070002
test_03236,0
test_03237,0.430440009
test_03238,0.132530004
test_03239,0.00365999993
test_03240,0
test_03241,0.00502000004
test_03242,0
test_03243,4.99999987e-05
test_03244,0.963890016
test_03245,0.998059988
test_03246,0.986810029
test_03247,0.99970001
test_03248,0
test_03249,0.999989986
test_03250,0.000250000012
test_03251,0
test_03252,0.999949992
test_03253,0.999970019
test_03254,9.99999975e-06
test_03255,0.00127000001
test_03256,0.999970019
test_03257,0.990029991
test_03258,0.707430005
test_03259,0.999939978
test_03260,2.99999992e-05
test_03261,0
test_03262,0.996869981
test_03263,0.28738001
test_03264,0.00439999998
test_03265,0.0348500013
test_03266,1
test_03267,1
test_03268,0.00930000003
test_03269,1
test_03270,0
test_03271,0.270779997
test_03272,0.989359975
test_03273,0
test_03274,0.00738999993
test_03275,1.99999995e-05
test_03276,0.00261999993
test_03277,0.00471000001
test_03278,0.99970001
test_03279,0.987569988
test_03280,0.874920011
test_03281,1
test_03282,0.564629972
test_03283,0.00402999995
test_03284,0
test_03285,1
test_03286,0.996770024
test_03287,1
test_03288,0.0417300016
test_03289,0.999870002
test_03290,0.000419999997
test_03291,0.820599973
test_03292,0.835280001
test_03293,1
test_03294,0.992699981
test_03295,0
test_03296,0.000440000003
test_03297,0.999759972
test_03298,0
test_03299,0.959479988
test_03300,0.99040997
test_03301,0.0599699989
test_03302,0.999979973
test_03303,0
test_03304,0
test_03305,0.974940002
test_03306,0.938899994
test_03307,0.971769989
test_03308,1
test_03309,7.9999998e-05
test_03310,0.999979973
test_03311,0.151539996
test_03312,0.99782002
test_03313,0
test_03314,0.00524999993
test_03315,0.57753998
test_03316,0.777400017
test_03317,0.969590008
test_03318,1
test_03319,1.99999995e-05
test_03320,1
test_03321,0.994430006
test_03322,1
test_03323,1
test_03324,0.0399099998
test_03325,0
test_03326,0.987290025
test_03327,1
test_03328,0.727819979
test_03329,0.0175199993
test_03330,0.592270017
test_03331,0.000590000011
test_03332,0.999689996
test_03333,0.535489976
test_03334,0.690330029
test_03335,0.999930024
test_03336,0
test_03337,3.9999999e-05
test_03338,0.744729996
test_03339,0.481889993
test_03340,0.998510003
test_03341,0
test_03342,0.346359998
test_03343,0.00129000004
test_03344,0.999920011
test_03345,0
test_03346,0.0592299998
test_03347,0.00334000005
test_03348,0
test_03349,1
test_03350,0.250730008
test_03351,0.0415299982
test_03352,0.999979973
test_03353,0.398779988
test_03354,0
test_03355,0.971949995
test_03356,0.154390007
test_03357,0.996320009
test_03358,0.000140000004
test_03359,1
test_03360,0.929960012
test_03361,0.435880005
test_03362,0.994910002
test_03363,1
test_03364,0.996150017
test_03365,0.173370004
test_03366,0.134939998
test_03367,0.889069974
test_03368,0.642120004
test_03369,7.9999998e-05
test_03370,0.985499978
test_03371,0.999989986
test_03372,0.793720007
test_03373,0.896409988
test_03374,0.996739984
test_03375,0
test_03376,0.952489972
test_03377,0.345039994
test_03378,9.99999975e-06
test_03379,0.102090001
test_03380,1
test_03381,1
test_03382,0.990509987
test_03383,0
test_03384,0.0128899999
test_03385,0.999920011
test_03386,0.255479991
test_03387,1
test_03388,0
test_03389,1
test_03390,0.990740001
test_03391,0.999840021
test_03392,0.646430016
test_03393,0.0154900001
test_03394,0.165629998
test_03395,0.792879999
test_03396,9.99999975e-05
test_03397,0
test_03398,1
test_03399,0.999729991
test_03400,0
test_03401,0.00156
test_03402,0.971300006
test_03403,0
test_03404,7.9999998e-05
test_03405,0.999949992
test_03406,0.683529973
test_03407,3.9999999e-05
test_03408,0.0443499982
test_03409,0
test_03410,0.391559988
test_03411,0.985689998
test_03412,0.999849975
test_03413,0.896420002
test_03414,0
test_03415,0.0311699994
test_03416,0.0116900001
test_03417,0.0509499982
test_03418,0.74346
test_03419,0
test_03420,1
test_03421,0.0568899997
test_03422,0.999989986
test_03423,0.000140000004
test_03424,0
test_03425,0
test_03426,0.158739999
test_03427,0.999759972
test_03428,0.000369999994
test_03429,0.78974998
test_03430,0.999960005
test_03431,0.999970019
test_03432,0.44995001
test_03433,0.998579979
test_03434,0
test_03435,0.995100021
test_03436,0.0258300006
test_03437,0.410869986
test_03438,3.9999999e-05
test_03439,0.999939978
test_03440,0.527949989
test_03441,0.974749982
test_03442,0.94382
test_03443,0.923520029
test_03444,0.00445999997
test_03445,0.349550009
test_03446,0.942529976
test_03447,0.999100029
test_03448,0.994090021
test_03449,1
test_03450,0.00147000002
test_03451,0.000539999979
test_03452,0.00527000008
test_03453,0
test_03454,0.162599996
test_03455,0
test_03456,0
test_03457,0.675740004
test_03458,1
test_03459,0
test_03460,0.0122100003
test_03461,0.934809983
test_03462,0.999989986
test_03463,0.00276000006
test_03464,0.924929976
test_03465,0.165370002
test_03466,0
test_03467,0.997300029
test_03468,0
test_03469,0
test_03470,0
test_03471,0.942189991
test_03472,0.999480009
test_03473,0.998780012
test_03474,1
test_03475,0.681940019
test_03476,0.963199973
test_03477,0.000429999985
test_03478,0.00209000008
test_03479,0.164419994
test_03480,0.999989986
test_03481,0.998459995
test_03482,1
test_03483,0.27305001
test_03484,0.170100003
test_03485,0.00632999977
test_03486,0.999979973
test_03487,1
test_03488,0.999989986
test_03489,0.157199994
test_03490,0.999840021
test_03491,0.999899983
test_03492,1
test_03493,0.999979973
test_03494,0.0670299977
test_03495,0
test_03496,0.000180000003
test_03497,0.966449976
test_03498,1
test_03499,1
test_03500,0.0825800002
test_03501,0.0280600004
test_03502,0.000150000007
test_03503,0.01327
test_03504,0.00966999959
test_03505,0
test_03506,0.686789989
test_03507,0
test_03508,0.00132000004
test_03509,0.372280002
test_03510,0.337150007
test_03511,0
test_03512,0.957040012
test_03513,0.851260006
test_03514,0.999010026
test_03515,0.585839987
test_03516,0.298729986
test_03517,1
test_03518,0
test_03519,0.987450004
test_03520,0.981970012
test_03521,0.999469995
test_03522,0.989570022
test_03523,1
test_03524,9.00000014e-05
test_03525,0.783479989
test_03526,0.999970019
test_03527,0.00664999988
test_03528,0.00243000011
test_03529,1.99999995e-05
test_03530,2.99999992e-05
test_03531,0
test_03532,1
test_03533,0
test_03534,1
test_03535,0
test_03536,1
test_03537,0.120789997
test_03538,0.000180000003
test_03539,0.00516000018
test_03540,0.619759977
test_03541,0.629400015
test_03542,0.540740013
test_03543,0.972909987
test_03544,5.99999985e-05
test_03545,0
test_03546,0.17712
test_03547,1
test_03548,1
test_03549,0.0131599996
test_03550,0.0195300002
test_03551,1
test_03552,0.89331001
test_03553,1
test_03554,0.999899983
test_03555,1.99999995e-05
test_03556,0.769039989
test_03557,0.999989986
test_03558,0.99782002
test_03559,5.99999985e-05
test_03560,0.438620001
test_03561,1
test_03562,0.999580026
test_03563,0.992349982
test_03564,1
test_03565,1
test_03566,0
test_03567,0.297219992
test_03568,0
test_03569,0.346179992
test_03570,0.999949992
test_03571,0
test_03572,0.472770005
test_03573,0.837230027
test_03574,0.934109986
test_03575,0.999960005
test_03576,0.999979973
test_03577,0.0019700001
test_03578,0
test_03579,0
test_03580,0.988839984
test_03581,0
test_03582,0.995490015
test_03583,1
test_03584,0
test_03585,0.999909997
test_03586,9.99999975e-06
test_03587,0.918590009
test_03588,0.819140017
test_03589,0.220510006
test_03590,0.0651900023
test_03591,3.9999999e-05
test_03592,0.995410025
test_03593,0.821919978
test_03594,9.99999975e-06
test_03595,0.998790026
test_03596,0.983500004
test_03597,0.000159999996
test_03598,0.0360199995
test_03599,1
test_03600,0.0918100029
test_03601,0.999430001
test_03602,0
test_03603,1
test_03604,1
test_03605,0.999970019
test_03606,0.00316000008
test_03607,0
test_03608,1
test_03609,0.0418500006
test_03610,0.000199999995
test_03611,0.168589994
test_03612,0.999939978
test_03613,0.959890008
test_03614,0
test_03615,0.77117002
test_03616,4.99999987e-05
test_03617,1.99999995e-05
test_03618,1
test_03619,0.945529997
test_03620,0.000199999995
test_03621,0.0154299997
test_03622,0
test_03623,0
test_03624,0.835319996
test_03625,1
test_03626,0.876410007
test_03627,9.99999975e-06
test_03628,0
test_03629,0.999920011
test_03630,0.094659999
test_03631,7.00000019e-05
test_03632,0.671130002
test_03633,2.99999992e-05
test_03634,9.99999975e-06
test_03635,0.999949992
test_03636,0.875320017
test_03637,5.99999985e-05
test_03638,0.998929977
test_03639,0.000609999988
test_03640,0.00932000019
test_03641,0.99980998
test_03642,0.538309991
test_03643,0.987219989
test_03644,0
test_03645,0.999859989
test_03646,0.994979978
test_03647,0.802150011
test_03648,0.0146300001
test_03649,0.999710023
test_03650,1
test_03651,0
test_03652,0
test_03653,0.993179977
test_03654,0.993719995
test_03655,1
test_03656,0.964519978
test_03657,0.924759984
test_03658,0.805949986
test_03659,1
test_03660,1
test_03661,0.242799997
test_03662,0.999989986
test_03663,0.875020027
test_03664,1
test_03665,1
test_03666,0.00211
test_03667,0.000169999999
test_03668,1
test_03669,1
test_03670,0.999270022
test_03671,0.000119999997
test_03672,0.999989986
test_03673,0.997129977
test_03674,0.0197400004
test_03675,0.999670029
test_03676,0.999759972
test_03677,0.0397699997
test_03678,0.00338999997
test_03679,0
test_03680,0.986699998
test_03681,0.0124300001
test_03682,0.810679972
test_03683,1
test_03684,1
test_03685,0.992489994
test_03686,0.999740005
test_03687,0.00159
test_03688,1
test_03689,0.00176000001
test_03690,0.983330011
test_03691,1
test_03692,0
test_03693,0.999870002
test_03694,0.999989986
test_03695,0
test_03696,1.99999995e-05
test_03697,0.477860004
test_03698,0.999989986
test_03699,0.999970019
test_03700,0.998989999
test_03701,0.34533
test_03702,1
test_03703,1
test_03704,0
test_03705,0
test_03706,0.00113999995
test_03707,0.998880029
test_03708,0.138559997
test_03709,1
test_03710,0.924009979
test_03711,0.0635500029
test_03712,0.999970019
test_03713,0.081749998
test_03714,0.0836199969
test_03715,1
test_03716,1
test_03717,0
test_03718,0.00141999999
test_03719,0.999670029
test_03720,0
test_03721,1.99999995e-05
test_03722,2.99999992e-05
test_03723,0
test_03724,0.999989986
test_03725,0
test_03726,0.999369979
test_03727,0
test_03728,0.0960500017
test_03729,0.0690900013
test_03730,0.997770011
test_03731,0.0124700004
test_03732,0.972989976
test_03733,0.999979973
test_03734,0.999989986
test_03735,0.0633900017
test_03736,0
test_03737,0.973179996
test_03738,0.73676002
test_03739,0.440120012
test_03740,3.9999999e-05
test_03741,0.0225900002
test_03742,0.0788099989
test_03743,1
test_03744,0.931119978
test_03745,0.999450028
test_03746,0.000209999998
test_03747,0.944729984
test_03748,0
test_03749,0.806050003
test_03750,1
test_03751,0.999170005
test_03752,0.736109972
test_03753,0.94630003
test_03754,0.999989986
test_03755,1
test_03756,0.999870002
test_03757,7.9999998e-05
test_03758,0.999890029
test_03759,0
test_03760,0.0323100016
test_03761,0.00453000003
test_03762,0.999639988
test_03763,0.037250001
test_03764,0.999050021
test_03765,0.000690000015
test_03766,1
test_03767,0.191520005
test_03768,0
test_03769,0.000150000007
test_03770,0.978500009
test_03771,0.982760012
test_03772,0.999790013
test_03773,7.00000019e-05
test_03774,0.991249979
test_03775,0.966949999
test_03776,0
test_03777,0.000180000003
test_03778,0.999979973
test_03779,0.000190000006
test_03780,0.00026999999
test_03781,0.989080012
test_03782,0
test_03783,0.000600000028
test_03784,0.00315
test_03785,0.999949992
test_03786,0.000190000006
test_03787,0
test_03788,0
test_03789,1.99999995e-05
test_03790,0.219150007
test_03791,0.96134001
test_03792,0.999989986
test_03793,0.00013
test_03794,0.999979973
test_03795,0.810350001
test_03796,0.999180019
test_03797,0
test_03798,0.970049977
test_03799,0
test_03800,0.998860002
test_03801,0
test_03802,0.552349985
test_03803,0.000549999997
test_03804,0
test_03805,0.935459971
test_03806,0
test_03807,0.910170019
test_03808,0.986660004
test_03809,0.428339988
test_03810,0
test_03811,0.0167599991
test_03812,0.000169999999
test_03813,1
test_03814,0
test_03815,0.593569994
test_03816,0
test_03817,0.999329984
test_03818,0
test_03819,0.0172199998
test_03820,0.999639988
test_03821,0.999350011
test_03822,0.999570012
test_03823,0
test_03824,0.984309971
test_03825,0.971740007
test_03826,0.999859989
test_03827,0.01327
test_03828,1
test_03829,0.159720004
test_03830,0.990930021
test_03831,0
test_03832,5.99999985e-05
test_03833,0.985589981
test_03834,0.997579992
test_03835,0.999989986
test_03836,0.000209999998
test_03837,0.000530000019
test_03838,0
test_03839,0.000230000005
test_03840,0.999369979
test_03841,1
test_03842,0.00294000003
test_03843,0.181879997
test_03844,0
test_03845,1
test_03846,0.999970019
test_03847,9.99999975e-06
test_03848,1
test_03849,0.569639981
test_03850,0.0424299985
test_03851,0
test_03852,0.02269
test_03853,1
test_03854,1
test_03855,0.241530001
test_03856,0.0466400012
test_03857,0
test_03858,0
test_03859,1.99999995e-05
test_03860,0
test_03861,0.240779996
test_03862,0.998679996
test_03863,0.998660028
test_03864,1
test_03865,0.0223500002
test_03866,1
test_03867,0.00231999997
test_03868,0
test_03869,0.997539997
test_03870,0.445089996
test_03871,0
test_03872,2.99999992e-05
test_03873,0.0644500032
test_03874,0.0182700008
test_03875,0.0179200005
test_03876,1
test_03877,0.805909991
test_03878,0.978389978
test_03879,1
test_03880,0.931940019
test_03881,0.000369999994
test_03882,1
test_03883,0.0264199991
test_03884,0.999840021
test_03885,0.0469699986
test_03886,0
test_03887,0.0240100008
test_03888,1
test_03889,0
test_03890,0.899399996
test_03891,0.000159999996
test_03892,0.00831000041
test_03893,0.0480399989
test_03894,0
test_03895,0.000300000014
test_03896,0.989120007
test_03897,0.99466002
test_03898,0.000609999988
test_03899,0.542469978
test_03900,0.999840021
test_03901,0.000820000016
test_03902,0.506869972
test_03903,0.935559988
test_03904,0.146300003
test_03905,0.0838700011
test_03906,0.00328999991
test_03907,1
test_03908,0.0525499992
test_03909,0.849789977
test_03910,0.000199999995
test_03911,0.0820299983
test_03912,0.999469995
test_03913,0
test_03914,0.419889987
test_03915,0
test_03916,0.999920011
test_03917,0.605139971
test_03918,0.125310004
test_03919,1
test_03920,0.998690009
test_03921,0.932900012
test_03922,0
test_03923,0.952279985
test_03924,0.990480006
test_03925,5.99999985e-05
test_03926,1
test_03927,0.00942000002
test_03928,0
test_03929,0.980549991
test_03930,0.998679996
test_03931,0.988009989
test_03932,0
test_03933,0
test_03934,0.999580026
test_03935,3.9999999e-05
test_03936,0.966610014
test_03937,0.00026999999
test_03938,0.000500000024
test_03939,0
test_03940,0.000140000004
test_03941,0.419679999
test_03942,0.000890000025
test_03943,0.00747000007
test_03944,1
test_03945,0.999939978
test_03946,0.0163700003
test_03947,0.999819994
test_03948,0.993420005
test_03949,0.967899978
test_03950,0.346450001
test_03951,4.99999987e-05
test_03952,0.222379997
test_03953,0.993690014
test_03954,1
test_03955,0.0832500011
test_03956,0
test_03957,0.00214
test_03958,1
test_03959,0.00107999996
test_03960,9.99999975e-06
test_03961,1
test_03962,1
test_03963,0.073590003
test_03964,0.590349972
test_03965,0
test_03966,0.00121000002
test_03967,0
test_03968,0.999339998
test_03969,0.986769974
test_03970,0.983309984
test_03971,0.582350016
test_03972,0.0108200004
test_03973,0.999960005
test_03974,0.533490002
test_03975,0.999559999
test_03976,1
test_03977,0.99950999
test_03978,0.613650024
test_03979,0.988610029
test_03980,0.411509991
test_03981,1
test_03982,0.998839974
test_03983,0.992749989
test_03984,0.99101001
test_03985,0.779910028
test_03986,0
test_03987,0.621819973
test_03988,0.999979973
test_03989,0.00347000011
test_03990,0
test_03991,0
test_03992,0.429659992
test_03993,0.00437000021
test_03994,0
test_03995,0.000239999994
test_03996,1
test_03997,0.0120999999
test_03998,1
test_03999,0.999989986
test_04000,0.999989986
test_04001,0.00283999997
test_04002,0.999679983
test_04003,0.404980004
test_04004,0.954699993
test_04005,0
test_04006,0.0894299969
test_04007,0
test_04008,0.228640005
test_04009,0
test_04010,0
test_04011,0.00832999963
test_04012,0
test_04013,0.00380000006
test_04014,0.999580026
test_04015,0.997150004
test_04016,0.960780025
test_04017,0.0246099997
test_04018,0.999939978
test_04019,0.999989986
test_04020,1
test_04021,7.9999998e-05
test_04022,1.99999995e-05
test_04023,0.20995
test_04024,0.00410000002
test_04025,0.000169999999
test_04026,0.999819994
test_04027,0.00013
test_04028,0.254229993
test_04029,0.664170027
test_04030,1
test_04031,0
test_04032,0.16561
test_04033,0.998189986
test_04034,0.999679983
test_04035,0.112539999
test_04036,0.999970019
test_04037,1
test_04038,0.000630000024
test_04039,0.0233399998
test_04040,1
test_04041,0.876800001
test_04042,0.940439999
test_04043,0.0520000011
test_04044,0
test_04045,0
test_04046,0.0491300002
test_04047,0.999840021
test_04048,0.994560003
test_04049,0.979489982
test_04050,9.00000014e-05
test_04051,1
test_04052,0.567529976
test_04053,0.0260300003
test_04054,0
test_04055,0.999849975
test_04056,0.999800026
test_04057,0.999949992
test_04058,0.999149978
test_04059,0.926320016
test_04060,1
test_04061,0.599950016
test_04062,0
test_04063,0.000239999994
test_04064,0.951550007
test_04065,0.609520018
test_04066,0.999890029
test_04067,0.000780000002
test_04068,2.99999992e-05
test_04069,0.000190000006
test_04070,0
test_04071,0.638329983
test_04072,0.00445999997
test_04073,0
test_04074,0.000829999975
test_04075,1
test_04076,0.99822998
test_04077,0.47439
test_04078,1
test_04079,0
test_04080,0.999750018
test_04081,0.996280015
test_04082,0
test_04083,0.998570025
test_04084,0.178470001
test_04085,0
test_04086,0.114399999
test_04087,0.988489985
test_04088,1
test_04089,1.99999995e-05
test_04090,1
test_04091,1
test_04092,0.999989986
test_04093,1
test_04094,0.000639999984
test_04095,0.570360005
test_04096,4.99999987e-05
test_04097,0.997500002
test_04098,9.99999975e-06
test_04099,0.999180019
test_04100,1
test_04101,0
test_04102,0.00092999998
test_04103,9.99999975e-06
test_04104,0.994050026
test_04105,0
test_04106,0
test_04107,2.99999992e-05
test_04108,0.532109976
test_04109,0.999979973
test_04110,0.721499979
test_04111,0.99612999
test_04112,0.595780015
test_04113,1
test_04114,0.0392699987
test_04115,0.967329979
test_04116,0.999660015
test_04117,1
test_04118,0.00100000005
test_04119,0
test_04120,0.0339200012
test_04121,0.72104001
test_04122,0.0542300008
test_04123,0.999989986
test_04124,0.999740005
test_04125,0
test_04126,3.9999999e-05
test_04127,0
test_04128,0.909200013
test_04129,0.0475500003
test_04130,0
test_04131,0
test_04132,9.99999975e-06
test_04133,0
test_04134,1
test_04135,1
test_04136,0.761820018
test_04137,0.00442000013
test_04138,0.582970023
test_04139,0.591430008
test_04140,0.998820007
test_04141,0.140459999
test_04142,0.955990016
test_04143,0.00425000023
test_04144,1
test_04145,0.99940002
test_04146,0.209319994
test_04147,0.00196000002
test_04148,0.997990012
test_04149,0.999159992
test_04150,3.9999999e-05
test_04151,0.645099998
test_04152,0.441689998
test_04153,0.0870499983
test_04154,0.000110000001
test_04155,0.000250000012
test_04156,0.963919997
test_04157,1
test_04158,0.997430027
test_04159,0.123970002
test_04160,0.995570004
test_04161,0.000180000003
test_04162,0.819140017
test_04163,0.0454699993
test_04164,0.263660014
test_04165,0.999989986
test_04166,0
test_04167,0.000220000002
test_04168,0
test_04169,0.99871999
test_04170,1
test_04171,0.984380007
test_04172,0.00632000016
test_04173,0.999970019
test_04174,0
test_04175,0.986010015
test_04176,0.969250023
test_04177,9.99999975e-06
test_04178,0.998000026
test_04179,0.969500005
test_04180,3.9999999e-05
test_04181,0.999979973
test_04182,1
test_04183,0.00144999998
test_04184,0.920440018
test_04185,0.878430009
test_04186,0.143350005
test_04187,0.999970019
test_04188,0.00673000002
test_04189,0.167490005
test_04190,1
test_04191,0.999790013
test_04192,0
test_04193,0
test_04194,0.00577999977
test_04195,0.048560001
test_04196,0.989170015
test_04197,0.000159999996
test_04198,1
test_04199,0.88845998
test_04200,0.48675999
test_04201,0.0999300033
test_04202,0.980989993
test_04203,0.992529988
test_04204,0.170980006
test_04205,0
test_04206,4.99999987e-05
test_04207,0.916880012
test_04208,9.99999975e-06
test_04209,0.908760011
test_04210,0.997650027
test_04211,0.0576599985
test_04212,0.0480599999
test_04213,7.9999998e-05
test_04214,1
test_04215,0.0226099994
test_04216,0.261429995
test_04217,1
test_04218,0
test_04219,0.00813999958
test_04220,0.0146000003
test_04221,0.999629974
test_04222,0.864769995
test_04223,0.999979973
test_04224,0.999970019
test_04225,0.967029989
test_04226,0.959140003
test_04227,1
test_04228,1
test_04229,0.996420026
test_04230,0.00263
test_04231,0.00104999996
test_04232,0.999949992
test_04233,0.999859989
test_04234,1
test_04235,0.999949992
test_04236,0
test_04237,0.161980003
test_04238,0.462049991
test_04239,0.988240004
test_04240,0.847259998
test_04241,1
test_04242,0.288300008
test_04243,9.99999975e-06
test_04244,0.999890029
test_04245,0.999930024
test_04246,0.998319983
test_04247,0.998579979
test_04248,1
test_04249,0.999989986
test_04250,0.666299999
test_04251,0.999989986
test_04252,9.99999975e-06
test_04253,0
test_04254,0
test_04255,0.678550005
test_04256,1
test_04257,0
test_04258,0.00978999957
test_04259,0.999539971
test_04260,0.114150003
test_04261,0.999979973
test_04262,0.973950028
test_04263,0.0897900015
test_04264,1
test_04265,0.999599993
test_04266,0.154540002
test_04267,0.000449999992
test_04268,0.807739973
test_04269,0.999960005
test_04270,0.0724700019
test_04271,0.38903001
test_04272,7.00000019e-05
test_04273,0.000339999999
test_04274,0
test_04275,0.0724899992
test_04276,1
test_04277,0
test_04278,0.00227000006
test_04279,0.00124999997
test_04280,0.000159999996
test_04281,1
test_04282,0.997300029
test_04283,0.0061499998
test_04284,1.99999995e-05
test_04285,0.974910021
test_04286,0
test_04287,1
test_04288,0.0278099999
test_04289,1
test_04290,0.000899999985
test_04291,0
test_04292,0.0340199992
test_04293,0.994629979
test_04294,0.297010005
test_04295,0
test_04296,0.00202000001
test_04297,0.976220012
test_04298,0.999880016
test_04299,9.00000014e-05
test_04300,0.000880000007
test_04301,0.997500002
test_04302,0.00033000001
test_04303,0.577889979
test_04304,0.999549985
test_04305,0.995140016
test_04306,0
test_04307,0.520619988
test_04308,2.99999992e-05
test_04309,0.91940999
test_04310,1
test_04311,1
test_04312,0.418949991
test_04313,0.000380000012
test_04314,0.999350011
test_04315,0.999830008
test_04316,0
test_04317,0.0752400011
test_04318,0.057500001
test_04319,0
test_04320,0.00033000001
test_04321,0.99812001
test_04322,0.988499999
test_04323,0.000679999997
test_04324,0.873049974
test_04325,0.999939978
test_04326,0.997839987
test_04327,0.993359983
test_04328,0
test_04329,0.997009993
test_04330,1
test_04331,1
test_04332,0.0121400002
test_04333,9.99999975e-06
test_04334,0.95273
test_04335,7.00000019e-05
test_04336,7.00000019e-05
test_04337,0.364899993
test_04338,1
test_04339,0.997900009
test_04340,0.00884999987
test_04341,0.999970019
test_04342,9.99999975e-06
test_04343,0.986109972
test_04344,1.99999995e-05
test_04345,0.998629987
test_04346,0
test_04347,0.34946999
test_04348,0.999909997
test_04349,0.608519971
test_04350,0.997990012
test_04351,0.368349999
test_04352,0.0219299998
test_04353,0.999849975
test_04354,0.000539999979
test_04355,0.999920011
test_04356,0.00761999981
test_04357,0.999769986
test_04358,0
test_04359,0.0846100003
test_04360,0.993489981
test_04361,5.99999985e-05
test_04362,0.94107002
test_04363,0.999970019
test_04364,0.999390006
test_04365,0.0184499994
test_04366,0.00319999992
test_04367,0
test_04368,0.0151399998
test_04369,0.983829975
test_04370,9.99999975e-06
test_04371,0.952449977
test_04372,0.558319986
test_04373,0.0214799996
test_04374,0.000159999996
test_04375,0.999989986
test_04376,0.93690002
test_04377,0.0225399993
test_04378,1
test_04379,0
test_04380,0.0636299998
test_04381,1
test_04382,0
test_04383,0.0159699991
test_04384,0.999960005
test_04385,0.114869997
test_04386,0
test_04387,0
test_04388,0
test_04389,0.000140000004
test_04390,0.86293
test_04391,0.955420017
test_04392,0.99970001
test_04393,0.951120019
test_04394,1
test_04395,0
test_04396,7.9999998e-05
test_04397,0.994009972
test_04398,9.99999975e-06
test_04399,0.000169999999
test_04400,0
test_04401,0
test_04402,0.978429973
test_04403,0.0817399994
test_04404,0.0643600002
test_04405,0.999979973
test_04406,0.999880016
test_04407,0
test_04408,1
test_04409,0.999819994
test_04410,0.99958998
test_04411,0.890550017
test_04412,0.998560011
test_04413,1
test_04414,1
test_04415,0
test_04416,0.0861100033
test_04417,0.00013
test_04418,0.0038399999
test_04419,0
test_04420,9.99999975e-06
test_04421,0.994229972
test_04422,9.99999975e-06
test_04423,0.0524300002
test_04424,0.142509997
test_04425,1
test_04426,0.537310004
test_04427,0.999960005
test_04428,0.00340000005
test_04429,1
test_04430,0.980229974
test_04431,0.999989986
test_04432,1.99999995e-05
test_04433,0
test_04434,0.999790013
test_04435,0.953800023
test_04436,0.0206899997
test_04437,0.999989986
test_04438,0.836749971
test_04439,0
test_04440,1
test_04441,1
test_04442,0.997720003
test_04443,0
test_04444,0.6954
test_04445,1
test_04446,0.00240000011
test_04447,0.881990016
test_04448,0
test_04449,0.363629997
test_04450,1
test_04451,0
test_04452,3.9999999e-05
test_04453,0.817929983
test_04454,0
test_04455,0.832350016
test_04456,1.99999995e-05
test_04457,0.970790029
test_04458,0.999660015
test_04459,0.000300000014
test_04460,0
test_04461,1
test_04462,0.290549994
test_04463,0.997110009
test_04464,1
test_04465,0.981220007
test_04466,0.00039999999
test_04467,1
test_04468,0
test_04469,0.0650200024
test_04470,0.0250499994
test_04471,0.952189982
test_04472,0.999890029
test_04473,9.99999975e-06
test_04474,0.000620000006
test_04475,9.99999975e-06
test_04476,0
test_04477,0.647029996
test_04478,0.999899983
test_04479,0.850549996
test_04480,0.995130002
test_04481,0.999090016
test_04482,2.99999992e-05
test_04483,1
test_04484,0.58908999
test_04485,0.992280006
test_04486,1
test_04487,0
test_04488,0.0692899972
test_04489,0
test_04490,0.94058001
test_04491,0.130649999
test_04492,0
test_04493,0.00319000008
test_04494,2.99999992e-05
test_04495,0.753030002
test_04496,0
test_04497,0.00310000009
test_04498,0.00159
test_04499,7.00000019e-05
test_04500,0.516889989
test_04501,0
test_04502,0.800019979
test_04503,7.00000019e-05
test_04504,9.99999975e-06
test_04505,0.402370006
test_04506,1
test_04507,3.9999999e-05
test_04508,0
test_04509,0.0401800014
test_04510,0
test_04511,0
test_04512,1
test_04513,0.0219999999
test_04514,0.991670012
test_04515,0
test_04516,0.268180013
test_04517,0.305620015
test_04518,1.99999995e-05
test_04519,1.99999995e-05
test_04520,9.99999975e-06
test_04521,1
test_04522,0.997669995
test_04523,0.18705
test_04524,0.999949992
test_04525,7.9999998e-05
test_04526,1
test_04527,0.01767
test_04528,0.995620012
test_04529,0.00343000004
test_04530,0
test_04531,0.721469998
test_04532,0.00347000011
test_04533,0
test_04534,0.000760000024
test_04535,0.153029993
test_04536,0.000679999997
test_04537,0.830150008
test_04538,0.797819972
test_04539,0.989560008
test_04540,0.999599993
test_04541,1
test_04542,0.510420024
test_04543,0
test_04544,0.94028002
test_04545,1
test_04546,0.997789979
test_04547,0.997669995
test_04548,0.999979973
test_04549,0
test_04550,0.999189973
test_04551,0.980369985
test_04552,0.0952199996
test_04553,0.0965500027
test_04554,0.833459973
test_04555,7.00000019e-05
test_04556,0.88538003
test_04557,0.000590000011
test_04558,0
test_04559,0
test_04560,0
test_04561,0.179820001
test_04562,0.000469999999
test_04563,0.999979973
test_04564,0
test_04565,1
test_04566,0
test_04567,0.973370016
test_04568,0.228780001
test_04569,0.88854003
test_04570,0.764689982
test_04571,0
test_04572,1
test_04573,0.00511999987
test_04574,0.00190000003
test_04575,0.554239988
test_04576,0.807579994
test_04577,0.992820024
test_04578,0.90407002
test_04579,0.01908
test_04580,1.99999995e-05
test_04581,0.00187000004
test_04582,0
test_04583,0.999960005
test_04584,0.301620007
test_04585,0.738499999
test_04586,0
test_04587,0.98901999
test_04588,0.94411999
test_04589,0.999409974
test_04590,0.999989986
test_04591,0.999979973
test_04592,9.99999975e-06
test_04593,0.0444899984
test_04594,0.404150009
test_04595,0.675800025
test_04596,0
test_04597,0
test_04598,9.99999975e-06
test_04599,0.164649993
test_04600,0
test_04601,0.00836999994
test_04602,0.275359988
test_04603,1
test_04604,0.000809999998
test_04605,0.999930024
test_04606,0.787240028
test_04607,0.00505999988
test_04608,0.00318
test_04609,0.879890025
test_04610,0
test_04611,0.999989986
test_04612,1
test_04613,0.993480027
test_04614,1
test_04615,0.999930024
test_04616,1
test_04617,0
test_04618,1
test_04619,0.02678
test_04620,0
test_04621,1
test_04622,0.872039974
test_04623,0.994329989
test_04624,0.00467999978
test_04625,1
test_04626,0.000609999988
test_04627,0.000520000001
test_04628,0.999989986
test_04629,0.00233000005
test_04630,0.998279989
test_04631,0.999989986
test_04632,9.99999975e-06
test_04633,0.00141000003
test_04634,0.999870002
test_04635,1
test_04636,0.999979973
test_04637,0.999979973
test_04638,0.0133199999
test_04639,1
test_04640,0.999960005
test_04641,0.919390023
test_04642,0.874050021
test_04643,0.818809986
test_04644,0.294479996
test_04645,0.00769999996
test_04646,0.175919995
test_04647,0.999170005
test_04648,0.986230016
test_04649,0.795099974
test_04650,0.0039400002
test_04651,0.999979973
test_04652,0.000220000002
test_04653,1
test_04654,0
test_04655,0.999390006
test_04656,0
test_04657,0.999899983
test_04658,0.99970001
test_04659,1
test_04660,0.362489998
test_04661,0.00101000001
test_04662,0.000650000002
test_04663,1.99999995e-05
test_04664,0.552649975
test_04665,1
test_04666,0
test_04667,1
test_04668,0
test_04669,0.977129996
test_04670,0.998049974
test_04671,0.458570004
test_04672,0.00167999999
test_04673,0.0512100011
test_04674,0
test_04675,0.0833899975
test_04676,0.454710007
test_04677,0.999419987
test_04678,0.999409974
test_04679,0.00112999999
test_04680,0.966449976
test_04681,0.999979973
test_04682,0
test_04683,0.00135999999
test_04684,0.22225
test_04685,0.998149991
test_04686,0.999939978
test_04687,0.970969975
test_04688,0.328909993
test_04689,0.065200001
test_04690,0.918820024
test_04691,0.0041100001
test_04692,0
test_04693,1
test_04694,0.738520026
test_04695,1.99999995e-05
test_04696,1
test_04697,0
test_04698,0
test_04699,0.000609999988
test_04700,1
test_04701,0.27579999
test_04702,0.745289981
test_04703,0.999779999
test_04704,0.00092000002
test_04705,0.56329
test_04706,0
test_04707,0.945309997
test_04708,0.0205899999
test_04709,0.0651900023
test_04710,0.01303
test_04711,0.972869992
test_04712,1
test_04713,0.925909996
test_04714,0.0664800033
test_04715,0.995599985
test_04716,4.99999987e-05
test_04717,0.0337300003
test_04718,0.991330028
test_04719,0.000310000003
test_04720,1
test_04721,1
test_04722,0.999419987
test_04723,0.897480011
test_04724,0.999639988
test_04725,0.606339991
test_04726,0.00132000004
test_04727,0.999830008
test_04728,0.686280012
test_04729,9.99999975e-06
test_04730,0.000110000001
test_04731,0.000639999984
test_04732,0.585609972
test_04733,0.00013
test_04734,0.999230027
test_04735,1
test_04736,9.99999975e-06
test_04737,0.448249996
test_04738,0.00620000018
test_04739,9.99999975e-06
test_04740,0.976599991
test_04741,0.385149986
test_04742,0.99883002
test_04743,0.0105999997
test_04744,0.999750018
test_04745,0.121780001
test_04746,0.00039999999
test_04747,0.876619995
test_04748,0.0449299999
test_04749,0.00135999999
test_04750,0.991869986
test_04751,1
test_04752,2.99999992e-05
test_04753,0.260100007
test_04754,0.999920011
test_04755,0.972029984
test_04756,0
test_04757,0
test_04758,0
test_04759,0.999979973
test_04760,0.99901998
test_04761,0.917959988
test_04762,0.000180000003
test_04763,0.978890002
test_04764,0.959309995
test_04765,0.999989986
test_04766,0.0163899995
test_04767,1
test_04768,0
test_04769,0.997420013
test_04770,0.997669995
test_04771,0.0777800009
test_04772,0.98645997
test_04773,0.999710023
test_04774,0
test_04775,0.0518399999
test_04776,1
test_04777,0.000380000012
test_04778,0.00112999999
test_04779,0.971319973
test_04780,0.954810023
test_04781,0.201590002
test_04782,3.9999999e-05
test_04783,0.0408900008
test_04784,0.0533300005
test_04785,0.999689996
test_04786,0
test_04787,0.844389975
test_04788,7.00000019e-05
test_04789,3.9999999e-05
test_04790,0.998319983
test_04791,0.00233999989
test_04792,0.850880027
test_04793,1
test_04794,0.0341299996
test_04795,0
test_04796,0.0247300006
test_04797,1
test_04798,0.998399973
test_04799,0.0128100002
test_04800,0.999970019
test_04801,0.506290019
test_04802,0.000509999983
test_04803,1
test_04804,0.77125001
test_04805,0
test_04806,0.992630005
test_04807,0.000679999997
test_04808,0.0439799987
test_04809,1
test_04810,0.0907699987
test_04811,0
test_04812,0.962100029
test_04813,1
test_04814,0
test_04815,0.893570006
test_04816,0.868730009
test_04817,0.953040004
test_04818,3.9999999e-05
test_04819,0
test_04820,0.00221000006
test_04821,1
test_04822,1
test_04823,1
test_04824,0
test_04825,0.00013
test_04826,0.996770024
test_04827,0.000479999988
test_04828,0.938740015
test_04829,1
test_04830,0.000869999989
test_04831,0.915409982
test_04832,0.985989988
test_04833,0.00013
test_04834,0.000569999975
test_04835,1
test_04836,0.00789999962
test_04837,0.07412
test_04838,0.0126999998
test_04839,9.00000014e-05
test_04840,0
test_04841,0.000220000002
test_04842,0.892809987
test_04843,0
test_04844,0
test_04845,1
test_04846,0.942470014
test_04847,0.999650002
test_04848,0.999979973
test_04849,1
test_04850,1
test_04851,0.95776999
test_04852,0.996969998
test_04853,0.143749997
test_04854,0.00046000001
test_04855,0.999989986
test_04856,0.880850017
test_04857,0.000190000006
test_04858,1
test_04859,0.0372899994
test_04860,0.118450001
test_04861,0.999920011
test_04862,0.137510002
test_04863,0.861310005
test_04864,0.571500003
test_04865,0.00664999988
test_04866,0.00528999977
test_04867,0.948599994
test_04868,0.00138000003
test_04869,1.99999995e-05
test_04870,0.999979973
test_04871,1
test_04872,0.990939975
test_04873,0.46498999
test_04874,0.0205600001
test_04875,0.999899983
test_04876,4.99999987e-05
test_04877,0.0724299997
test_04878,0.755280018
test_04879,0.795170009
test_04880,0.0027699999
test_04881,0
test_04882,0.917680025
test_04883,0.999989986
test_04884,0.162560001
test_04885,9.99999975e-06
test_04886,0.999949992
test_04887,0.00033000001
test_04888,0.000280000007
test_04889,0.99980998
test_04890,0.502810001
test_04891,0.927150011
test_04892,0.000349999988
test_04893,0.000479999988
test_04894,0.000180000003
test_04895,0
test_04896,0
test_04897,0
test_04898,0.00373
test_04899,0
test_04900,0.969259977
test_04901,0.148169994
test_04902,0
test_04903,0.999989986
test_04904,0.999989986
test_04905,0.360630006
test_04906,0.999989986
test_04907,0.999979973
test_04908,0.0166699998
test_04909,0.99733001
test_04910,0.999289989
test_04911,0.997340024
test_04912,0.990350008
test_04913,0.998920023
test_04914,0
test_04915,0.999740005
test_04916,2.99999992e-05
test_04917,0.997600019
test_04918,0.987070024
test_04919,0.985989988
test_04920,0.0695300028
test_04921,0.997749984
test_04922,0
test_04923,0
test_04924,0.000410000008
test_04925,0.190939993
test_04926,1
test_04927,0
test_04928,0
test_04929,1
test_04930,0.373879999
test_04931,0.999989986
test_04932,0.999939978
test_04933,0.998300016
test_04934,0.0601699986
test_04935,0
test_04936,1
test_04937,0
test_04938,0.00107
test_04939,0.999920011
test_04940,0.999790013
test_04941,1
test_04942,0.0184000004
test_04943,0.999989986
test_04944,0.998870015
test_04945,0.375340015
test_04946,7.00000019e-05
test_04947,0.74871999
test_04948,1
test_04949,0.996270001
test_04950,0.0132099995
test_04951,0.782890022
test_04952,1
test_04953,4.99999987e-05
test_04954,0.00810000021
test_04955,0.999979973
test_04956,0.964739978
test_04957,1
test_04958,0
test_04959,0.999390006
test_04960,0.999740005
test_04961,0.02733
test_04962,0.998430014
test_04963,0
test_04964,0.994229972
test_04965,1
test_04966,1
test_04967,0.909850001
test_04968,0.0905700028
test_04969,0.0837000012
test_04970,1
test_04971,1
test_04972,0
test_04973,0.999859989
test_04974,0.889360011
test_04975,0.000809999998
test_04976,0.0427000001
test_04977,0
test_04978,0.996360004
test_04979,0.00179000001
test_04980,0.999710023
test_04981,1
test_04982,0.999939978
test_04983,0.260320008
test_04984,0.973150015
test_04985,0.873189986
test_04986,0.00112000003
test_04987,0.999989986
test_04988,0.653219998
test_04989,0
test_04990,0.999989986
test_04991,0
test_04992,0.00200000009
test_04993,1
test_04994,0.00824000034
test_04995,0.243190005
test_04996,0.852020025
test_04997,0
test_04998,0.0137599995
test_04999,0.00156999996
test_05000,0.999899983
test_05001,1
test_05002,0.244110003
test_05003,0.97823
test_05004,0.349000007
test_05005,1
test_05006,0
test_05007,0.739759982
test_05008,1
test_05009,0.868939996
test_05010,0
test_05011,0.994690001
test_05012,0.986549973
test_05013,0.993279994
test_05014,1
test_05015,1
test_05016,0
test_05017,0.999989986
test_05018,0.253259987
test_05019,0.000679999997
test_05020,0.999830008
test_05021,0.531210005
test_05022,1
test_05023,0.917819977
test_05024,0.987389982
test_05025,0.988250017
test_05026,0.965979993
test_05027,0.524150014
test_05028,1
test_05029,0.972559988
test_05030,0.0852700025
test_05031,0.0308999997
test_05032,0.989870012
test_05033,1
test_05034,0.0570599996
test_05035,0.0953200012
test_05036,0.999979973
test_05037,0.999989986
test_05038,0
test_05039,0.98457998
test_05040,0.981209993
test_05041,1
test_05042,0.999930024
test_05043,0.999329984
test_05044,0.280140013
test_05045,0.991169989
test_05046,0.000609999988
test_05047,1
test_05048,0.0297400001
test_05049,1
test_05050,0.0539599992
test_05051,0.922500014
test_05052,0.999920011
test_05053,1
test_05054,0
test_05055,0
test_05056,0.0544200018
test_05057,0.999930024
test_05058,0.989709973
test_05059,0.00240999996
test_05060,1
test_05061,1
test_05062,1.99999995e-05
test_05063,1
test_05064,0.890380025
test_05065,0
test_05066,0.00187000004
test_05067,1
test_05068,0.997569978
test_05069,0.916790009
test_05070,0.0985699967
test_05071,0.000199999995
test_05072,0.257270008
test_05073,0.0172400009
test_05074,0.755089998
test_05075,0.998529971
test_05076,0.999499977
test_05077,0
test_05078,0.999360025
test_05079,0
test_05080,1
test_05081,0
test_05082,9.99999975e-06
test_05083,0.398030013
test_05084,0.99980998
test_05085,0.994319975
test_05086,0.598950028
test_05087,0.589489996
test_05088,0.997659981
test_05089,0.771239996
test_05090,0.0970899984
test_05091,0.999989986
test_05092,0.00240000011
test_05093,0.0055300002
test_05094,0.202669993
test_05095,1
test_05096,0
test_05097,0.999629974
test_05098,0
test_05099,1
test_05100,0
test_05101,0.999840021
test_05102,0
test_05103,0.999729991
test_05104,0.000969999994
test_05105,0.795920014
test_05106,0.993219972
test_05107,0
test_05108,0.00899
test_05109,0
test_05110,0.998399973
test_05111,0.999979973
test_05112,0.576969981
test_05113,0.962059975
test_05114,0.995949984
test_05115,0
test_05116,0.296110004
test_05117,0.998989999
test_05118,0
test_05119,0.999899983
test_05120,0.998440027
test_05121,0.00013
test_05122,0.515919983
test_05123,0.00158000004
test_05124,0.00230999989
test_05125,0.996559978
test_05126,0.982710004
test_05127,0.996680021
test_05128,0.00200000009
test_05129,0.321460009
test_05130,0.000469999999
test_05131,0.992150009
test_05132,0.874230027
test_05133,0.292430013
test_05134,0.928990006
test_05135,9.00000014e-05
test_05136,0.810819983
test_05137,1
test_05138,0.999520004
test_05139,0.997870028
test_05140,1
test_05141,0.0898599997
test_05142,0.865230024
test_05143,1
test_05144,0.827059984
test_05145,1
test_05146,0.999979973
test_05147,0.899869978
test_05148,0.0051500001
test_05149,0.254949987
test_05150,0.01351
test_05151,0.999769986
test_05152,1
test_05153,0
test_05154,0.298370004
test_05155,0.999360025
test_05156,0.999939978
test_05157,0.0377800018
test_05158,0.999819994
test_05159,0
test_05160,0.0091599999
test_05161,0.890980005
test_05162,0.00176000001
test_05163,0.00432999991
test_05164,0.19912
test_05165,7.00000019e-05
test_05166,0.966279984
test_05167,0.875259995
test_05168,0.596000016
test_05169,0.999750018
test_05170,0
test_05171,0.999450028
test_05172,0.830540001
test_05173,0.0395600013
test_05174,0.998510003
test_05175,9.99999975e-05
test_05176,1.99999995e-05
test_05177,0.999639988
test_05178,0.934970021
test_05179,0
test_05180,1.99999995e-05
test_05181,0.000650000002
test_05182,0
test_05183,0.0615100004
test_05184,0.999880016
test_05185,1
test_05186,1
test_05187,0.999639988
test_05188,0.999960005
test_05189,0.12156
test_05190,0.954680026
test_05191,0.995400012
test_05192,2.99999992e-05
test_05193,0
test_05194,0.964680016
test_05195,0.00377000007
test_05196,0.000180000003
test_05197,0.000140000004
test_05198,0.999920011
test_05199,0.860310018
test_05200,0.999979973
test_05201,0.999109983
test_05202,0.0710899979
test_05203,0.993960023
test_05204,0
test_05205,9.99999975e-05
test_05206,0.999920011
test_05207,0.0576499999
test_05208,0.999679983
test_05209,0.00239000004
test_05210,0.992320001
test_05211,0.240270004
test_05212,1
test_05213,0.723810017
test_05214,0.0989599973
test_05215,0.884299994
test_05216,0.694350004
test_05217,0.187240005
test_05218,0.999989986
test_05219,0.753740013
test_05220,1
test_05221,0
test_05222,5.99999985e-05
test_05223,1
test_05224,0
test_05225,0.999939978
test_05226,0
test_05227,1
test_05228,0.980449975
test_05229,0.01664
test_05230,0.053580001
test_05231,0.0943600014
test_05232,0.01284
test_05233,0.165460005
test_05234,2.99999992e-05
test_05235,0.999989986
test_05236,0.174679995
test_05237,0.999979973
test_05238,0
test_05239,0.997460008
test_05240,0.524779975
test_05241,0.00777000003
test_05242,0.0149499997
test_05243,1
test_05244,0.857490003
test_05245,0
test_05246,0.000579999993
test_05247,2.99999992e-05
test_05248,0.0281000007
test_05249,0.612659991
test_05250,0.116190001
test_05251,1
test_05252,0
test_05253,9.99999975e-05
test_05254,0.476900011
test_05255,0.0267500002
test_05256,0.0049399999
test_05257,0.960359991
test_05258,0.988730013
test_05259,0.000239999994
test_05260,0.0218800008
test_05261,1
test_05262,0.923129976
test_05263,1
test_05264,0.115460001
test_05265,0
test_05266,1
test_05267,1
test_05268,0.431879997
test_05269,0.994029999
test_05270,0.0285500009
test_05271,0.999180019
test_05272,0.999989986
test_05273,0
test_05274,0
test_05275,0.101580001
test_05276,0.931829989
test_05277,0.443910003
test_05278,0.999660015
test_05279,0
test_05280,0.00185
test_05281,0.999539971
test_05282,0.000429999985
test_05283,0.974240005
test_05284,0.493099988
test_05285,2.99999992e-05
test_05286,0.99447
test_05287,0
test_05288,0.995840013
test_05289,0.999989986
test_05290,0.992510021
test_05291,0
test_05292,1
test_05293,0.0112500004
test_05294,0.74721998
test_05295,1
test_05296,0.696240008
test_05297,9.99999975e-06
test_05298,0.999970019
test_05299,0.649380028
test_05300,0.820990026
test_05301,0
test_05302,0
test_05303,1
test_05304,0.907819986
test_05305,0.999989986
test_05306,0.772040009
test_05307,0.262519985
test_05308,1
test_05309,0
test_05310,0.173109993
test_05311,0.993250012
test_05312,1
test_05313,0.997399986
test_05314,0.971109986
test_05315,0
test_05316,0.999899983
test_05317,1
test_05318,0.00208000001
test_05319,0.999989986
test_05320,0.999949992
test_05321,0.999979973
test_05322,0.136409998
test_05323,0.554920018
test_05324,1
test_05325,0.94058001
test_05326,1
test_05327,0.985469997
test_05328,0
test_05329,1
test_05330,0
test_05331,0.710099995
test_05332,0.00107999996
test_05333,0.695190012
test_05334,9.99999975e-06
test_05335,0.0199699998
test_05336,0.999679983
test_05337,0.999989986
test_05338,0.999989986
test_05339,0.0210900009
test_05340,0.999080002
test_05341,0.56528002
test_05342,0.01162
test_05343,0.998170018
test_05344,0
test_05345,9.99999975e-06
test_05346,0.948849976
test_05347,0.0267699994
test_05348,0.954940021
test_05349,0.793540001
test_05350,0.935519993
test_05351,0.999920011
test_05352,0.00355000002
test_05353,9.99999975e-06
test_05354,9.99999975e-06
test_05355,0.000140000004
test_05356,0.147679999
test_05357,0.99575001
test_05358,0.0658700019
test_05359,0
test_05360,0
test_05361,0.999790013
test_05362,0.99296999
test_05363,0.232160002
test_05364,0.999909997
test_05365,0
test_05366,0.000549999997
test_05367,0
test_05368,0.99871999
test_05369,0
test_05370,0.939880013
test_05371,7.9999998e-05
test_05372,0.704209983
test_05373,0.999970019
test_05374,0.00230999989
test_05375,0
test_05376,0.529330015
test_05377,0.780170023
test_05378,1
test_05379,0.997160017
test_05380,0
test_05381,0.964869976
test_05382,0.685270011
test_05383,1
test_05384,0.11705
test_05385,0.049180001
test_05386,0.867129982
test_05387,0.999660015
test_05388,0.999989986
test_05389,0
test_05390,0.999670029
test_05391,0.998160005
test_05392,0.556320012
test_05393,0.997009993
test_05394,0.999819994
test_05395,0.999939978
test_05396,0.924549997
test_05397,0.0104200002
test_05398,0.999930024
test_05399,0.998880029
test_05400,0.482840002
test_05401,0.573809981
test_05402,0.00732999993
test_05403,0.999710023
test_05404,0.144060001
test_05405,0.000159999996
test_05406,0.997510016
test_05407,0.50247997
test_05408,0.999989986
test_05409,0
test_05410,0.999989986
test_05411,1
test_05412,0.999329984
test_05413,0.000669999979
test_05414,9.99999975e-05
test_05415,0.788070023
test_05416,0.997340024
test_05417,0
test_05418,1
test_05419,0.995350003
test_05420,0.0267200004
test_05421,0.999989986
test_05422,0.180350006
test_05423,0.0953600034
test_05424,0
test_05425,0.41595
test_05426,0.000150000007
test_05427,0
test_05428,1
test_05429,0.935800016
test_05430,0.999979973
test_05431,1.99999995e-05
test_05432,1
test_05433,0.989380002
test_05434,1
test_05435,0.995299995
test_05436,0.000600000028
test_05437,0.679949999
test_05438,0.790669978
test_05439,0.000859999971
test_05440,0.000679999997
test_05441,1
test_05442,0.952570021
test_05443,0
test_05444,0.998090029
test_05445,0.0950200036
test_05446,1.99999995e-05
test_05447,0.988629997
test_05448,1
test_05449,0.0417600013
test_05450,0.999800026
test_05451,0.475109994
test_05452,1
test_05453,1
test_05454,1.99999995e-05
test_05455,0.00343000004
test_05456,0.00405000011
test_05457,5.99999985e-05
test_05458,0.945519984
test_05459,0.000300000014
test_05460,0.997579992
test_05461,0.000989999971
test_05462,1
test_05463,1
test_05464,0.999989986
test_05465,0.294160008
test_05466,1
test_05467,5.99999985e-05
test_05468,0.98654002
test_05469,0.786819994
test_05470,0.0205600001
test_05471,0.574020028
test_05472,0.990010023
test_05473,0.769630015
test_05474,9.99999975e-06
test_05475,0.365069985
test_05476,0
test_05477,0.992810011
test_05478,1
test_05479,0.98131001
test_05480,0
test_05481,0.618229985
test_05482,0
test_05483,0.996659994
test_05484,0.0254599992
test_05485,0.000239999994
test_05486,0.71487999
test_05487,0.00181000005
test_05488,0.999989986
test_05489,0.000600000028
test_05490,0.000690000015
test_05491,0.992209971
test_05492,0.000310000003
test_05493,0.253230006
test_05494,1
test_05495,0.999939978
test_05496,0.999230027
test_05497,9.99999975e-06
test_05498,5.99999985e-05
test_05499,0.14677
test_05500,0.999379992
test_05501,0.999989986
test_05502,0
test_05503,9.99999975e-06
test_05504,0.999880016
test_05505,0.979120016
test_05506,0.00141000003
test_05507,0
test_05508,1
test_05509,0
test_05510,0.999989986
test_05511,0.998889983
test_05512,0.000199999995
test_05513,0.000369999994
test_05514,0
test_05515,0
test_05516,0.00104999996
test_05517,0.000150000007
test_05518,0
test_05519,0.948360026
test_05520,0.858640015
test_05521,0.99980998
test_05522,0.260039985
test_05523,0.999750018
test_05524,0.99950999
test_05525,0.493640006
test_05526,0
test_05527,0.533270001
test_05528,0
test_05529,0.999979973
test_05530,0.74642998
test_05531,0
test_05532,0.99800998
test_05533,0.963450015
test_05534,0.965240002
test_05535,0.718689978
test_05536,0.627229989
test_05537,1
test_05538,0.000260000001
test_05539,0.999159992
test_05540,0.0324399993
test_05541,0.0624199994
test_05542,0.00540000014
test_05543,0
test_05544,1
test_05545,0
test_05546,0.00469999993
test_05547,0.0197999999
test_05548,0.999159992
test_05549,0.0097099999
test_05550,0
test_05551,0.944930017
test_05552,0.000110000001
test_05553,1
test_05554,0.989880025
test_05555,0.999989986
test_05556,0.999979973
test_05557,0.96063
test_05558,0.122869998
test_05559,3.9999999e-05
test_05560,0.999909997
test_05561,0.185000002
test_05562,0.993830025
test_05563,0.956650019
test_05564,0.996619999
test_05565,0.993669987
test_05566,0
test_05567,1
test_05568,0.999939978
test_05569,0.00891999993
test_05570,0
test_05571,1
test_05572,1
test_05573,0.999989986
test_05574,0.407409996
test_05575,0.999970019
test_05576,5.99999985e-05
test_05577,0.999409974
test_05578,0.999639988
test_05579,0
test_05580,0.0125599997
test_05581,0
test_05582,1
test_05583,0
test_05584,0.998929977
test_05585,0.0110499999
test_05586,0.990490019
test_05587,0.00368000008
test_05588,0.999870002
test_05589,0
test_05590,0.991439998
test_05591,0.242500007
test_05592,0.000769999984
test_05593,1
test_05594,0.997389972
test_05595,1
test_05596,0.997959971
test_05597,0
test_05598,0.996029973
test_05599,0.0799700022
test_05600,1
test_05601,0.999779999
test_05602,0.263779998
test_05603,0.152769998
test_05604,0.99871999
test_05605,0.999880016
test_05606,0
test_05607,0.28354001
test_05608,0.0582499988
test_05609,1.99999995e-05
test_05610,1
test_05611,0.000209999998
test_05612,3.9999999e-05
test_05613,0.727590024
test_05614,0.0359000005
test_05615,0.137720004
test_05616,3.9999999e-05
test_05617,0.00242000003
test_05618,0
test_05619,0.00588000007
test_05620,0.00261000008
test_05621,4.99999987e-05
test_05622,0.992460012
test_05623,0
test_05624,0.10063
test_05625,0
test_05626,1
test_05627,0
test_05628,0.0737700015
test_05629,0.942319989
test_05630,0
test_05631,5.99999985e-05
test_05632,1
test_05633,1
test_05634,0.999890029
test_05635,0
test_05636,0.99010998
test_05637,0.0679100007
test_05638,0.988979995
test_05639,0.516879976
test_05640,0.999970019
test_05641,0.0440200008
test_05642,1
test_05643,0.0420100018
test_05644,0.0158900004
test_05645,1
test_05646,0.628310025
test_05647,0.00013
test_05648,0
test_05649,0
test_05650,1
test_05651,0.0119000003
test_05652,0.0057000001
test_05653,0.000699999975
test_05654,0.999960005
test_05655,1
test_05656,0.000639999984
test_05657,3.9999999e-05
test_05658,0
test_05659,0.999769986
test_05660,1
test_05661,0.000760000024
test_05662,1
test_05663,0.998019993
test_05664,1
test_05665,0.000300000014
test_05666,0.000419999997
test_05667,0
test_05668,0.0675600022
test_05669,1
test_05670,0.000650000002
test_05671,0.0364999995
test_05672,1
test_05673,0.00602999981
test_05674,0
test_05675,0.470710009
test_05676,0
test_05677,0.000630000024
test_05678,0
test_05679,0.98259002
test_05680,0
test_05681,0
test_05682,1
test_05683,0.580089986
test_05684,0.510800004
test_05685,5.99999985e-05
test_05686,0.999989986
test_05687,0.000140000004
test_05688,0.00144000002
test_05689,0.999989986
test_05690,0.0493899994
test_05691,1
test_05692,0.223759994
test_05693,0.542649984
test_05694,0.998539984
test_05695,0.00129000004
test_05696,1
test_05697,0.991119981
test_05698,0
test_05699,0.999819994
test_05700,1
test_05701,0.999920011
test_05702,0.111660004
test_05703,1
test_05704,1
test_05705,0.0166100003
test_05706,0.00671999995
test_05707,1
test_05708,0.0728200004
test_05709,0.0983199999
test_05710,0.876470029
test_05711,0.000500000024
test_05712,0.226180002
test_05713,0.00337999989
test_05714,0.999710023
test_05715,0.995930016
test_05716,0.999249995
test_05717,0.0175999999
test_05718,0.998969972
test_05719,0
test_05720,0
test_05721,0.999989986
test_05722,0.827660024
test_05723,1.99999995e-05
test_05724,0.966470003
test_05725,0.00136999995
test_05726,2.99999992e-05
test_05727,0.999710023
test_05728,1
test_05729,9.99999975e-06
test_05730,1
test_05731,0.999750018
test_05732,0
test_05733,0.999960005
test_05734,0.551840007
test_05735,0.0281600002
test_05736,0.00639999984
test_05737,3.9999999e-05
test_05738,0.969169974
test_05739,0.000209999998
test_05740,0.959930003
test_05741,7.00000019e-05
test_05742,0.770519972
test_05743,0.0104099996
test_05744,0.994669974
test_05745,0.278109998
test_05746,0.0163000003
test_05747,0.998220026
test_05748,0.0209999997
test_05749,0.419609994
test_05750,0
test_05751,0.000509999983
test_05752,0.000250000012
test_05753,0.00350999995
test_05754,0.999790013
test_05755,0.999949992
test_05756,0.291619986
test_05757,0.949620008
test_05758,0.0384100005
test_05759,5.99999985e-05
test_05760,1
test_05761,0.988129973
test_05762,7.9999998e-05
test_05763,0.999970019
test_05764,0.860589981
test_05765,0.529269993
test_05766,0.822489977
test_05767,0.000150000007
test_05768,0.000220000002
test_05769,0.0288299993
test_05770,1
test_05771,0.997409999
test_05772,0.654680014
test_05773,0.994050026
test_05774,0.953190029
test_05775,0.0612500012
test_05776,0
test_05777,0.828119993
test_05778,0.564830005
test_05779,0.995769978
test_05780,0.132890001
test_05781,0.713739991
test_05782,0.0116100004
test_05783,1
test_05784,0.944280028
test_05785,0.999800026
test_05786,0.935109973
test_05787,0.332300007
test_05788,0.801859975
test_05789,0.954710007
test_05790,0.979680002
test_05791,0
test_05792,0.000959999976
test_05793,0.999939978
test_05794,0.369679987
test_05795,0.982689977
test_05796,1
test_05797,1
test_05798,0.999979973
test_05799,1
test_05800,0.999710023
test_05801,0.865400016
test_05802,0.0421300009
test_05803,0.972469985
test_05804,0.975989997
test_05805,0.999270022
test_05806,1.99999995e-05
test_05807,0
test_05808,0.99891001
test_05809,0.125349998
test_05810,1
test_05811,0.177689999
test_05812,1
test_05813,0.996460021
test_05814,0.999890029
test_05815,0.914219975
test_05816,0.000769999984
test_05817,0.992560029
test_05818,0.996479988
test_05819,1
test_05820,0.00927999988
test_05821,0.0148200002
test_05822,0.000590000011
test_05823,0.00132000004
test_05824,9.99999975e-05
test_05825,0
test_05826,0.999989986
test_05827,0
test_05828,0.129299998
test_05829,0.00719999988
test_05830,0
test_05831,0
test_05832,0.0101600001
test_05833,0.0030100001
test_05834,5.99999985e-05
test_05835,1
test_05836,0.999650002
test_05837,0
test_05838,0.0065299999
test_05839,1
test_05840,1
test_05841,0.000449999992
test_05842,0
test_05843,0.69698
test_05844,0.000190000006
test_05845,0
test_05846,0.149110004
test_05847,0.999970019
test_05848,9.99999975e-06
test_05849,0
test_05850,0.00184000004
test_05851,0.0656500012
test_05852,1
test_05853,0.943080008
test_05854,0.181850001
test_05855,0.999109983
test_05856,1
test_05857,1
test_05858,0.109109998
test_05859,0.138429999
test_05860,0.000150000007
test_05861,0
test_05862,0.579670012
test_05863,0
test_05864,0.948979974
test_05865,1.99999995e-05
test_05866,0.787720025
test_05867,0.999870002
test_05868,0.866980016
test_05869,0.998220026
test_05870,0.000140000004
test_05871,0.998929977
test_05872,0.995689988
test_05873,0.00298999995
test_05874,0.000429999985
test_05875,0
test_05876,0.00132000004
test_05877,0.980859995
test_05878,1
test_05879,0.999689996
test_05880,0.999989986
test_05881,0.686010003
test_05882,0.999870002
test_05883,1
test_05884,1
test_05885,9.99999975e-05
test_05886,0.909590006
test_05887,0.847639978
test_05888,0
test_05889,4.99999987e-05
test_05890,9.99999975e-06
test_05891,0.00013
test_05892,0.999970019
test_05893,0
test_05894,0.999530017
test_05895,0.000140000004
test_05896,0.967729986
test_05897,0.999140024
test_05898,0
test_05899,0.999989986
test_05900,0.711660028
test_05901,0.97378999
test_05902,0.999989986
test_05903,9.99999975e-06
test_05904,0.000609999988
test_05905,0.198540002
test_05906,9.99999975e-06
test_05907,0.0200999994
test_05908,0
test_05909,0.00212999992
test_05910,1
test_05911,0
test_05912,0.00133999996
test_05913,4.99999987e-05
test_05914,0
test_05915,0.969649971
test_05916,0.000380000012
test_05917,0.000820000016
test_05918,0.81042999
test_05919,0.854740024
test_05920,0.0448299982
test_05921,1
test_05922,0.999989986
test_05923,0.999960005
test_05924,0.0115200002
test_05925,0
test_05926,0.134790003
test_05927,0.0281700008
test_05928,1
test_05929,0
test_05930,0.00453000003
test_05931,0.999970019
test_05932,0
test_05933,0.0186800007
test_05934,0
test_05935,0
test_05936,0.0456399992
test_05937,0.769370019
test_05938,1
test_05939,0
test_05940,0.0869200006
test_05941,1
test_05942,0
test_05943,1
test_05944,0.998189986
test_05945,0.0781299993
test_05946,0.294510007
test_05947,1
test_05948,0.999300003
test_05949,0.999970019
test_05950,0.000150000007
test_05951,0.000769999984
test_05952,5.99999985e-05
test_05953,1
test_05954,0.000490000006
test_05955,1
test_05956,0.460940003
test_05957,0.00389999989
test_05958,0
test_05959,0.999960005
test_05960,0.404130012
test_05961,0.827549994
test_05962,1
test_05963,1
test_05964,0.876600027
test_05965,9.99999975e-06
test_05966,0
test_05967,0.323220015
test_05968,0.999779999
test_05969,9.99999975e-06
test_05970,1
test_05971,0
test_05972,0.999899983
test_05973,0
test_05974,0
test_05975,0.296860009
test_05976,0.0384499989
test_05977,0.999979973
test_05978,0.996070027
test_05979,9.99999975e-06
test_05980,0.191290006
test_05981,0.0119200004
test_05982,0.999949992
test_05983,2.99999992e-05
test_05984,0.118819997
test_05985,0.605920017
test_05986,0.999859989
test_05987,0.999469995
test_05988,0.999450028
test_05989,0.999899983
test_05990,1
test_05991,0.99980998
test_05992,0.999930024
test_05993,1
test_05994,0.00875999965
test_05995,0.00133999996
test_05996,0.149259999
test_05997,0.991299987
test_05998,0.350010008
test_05999,0.000679999997
test_06000,1
test_06001,0.997780025
test_06002,0.997850001
test_06003,1
test_06004,0
test_06005,1
test_06006,1
test_06007,0
test_06008,5.99999985e-05
test_06009,0
test_06010,0.00473000016
test_06011,0.871330023
test_06012,0.847490013
test_06013,0.678340018
test_06014,0.0526099987
test_06015,0
test_06016,0
test_06017,0.0103200004
test_06018,0.068190001
test_06019,0.997569978
test_06020,0.0282199997
test_06021,0
test_06022,0.00066000002
test_06023,0.990069985
test_06024,0.979839981
test_06025,0.999759972
test_06026,9.00000014e-05
test_06027,0.990149975
test_06028,0
test_06029,0.00343000004
test_06030,0.999989986
test_06031,2.99999992e-05
test_06032,0.000180000003
test_06033,0.000180000003
test_06034,0.0979100019
test_06035,0
test_06036,0.995540023
test_06037,0.209810004
test_06038,0.969600022
test_06039,0.000910000002
test_06040,0.681200027
test_06041,0.0289799999
test_06042,0.998939991
test_06043,0.0156800002
test_06044,1
test_06045,0.992410004
test_06046,0.00110999995
test_06047,9.99999975e-06
test_06048,0.99040997
test_06049,0.00101999997
test_06050,0.0130200004
test_06051,0
test_06052,0.999989986
test_06053,0
test_06054,9.99999975e-06
test_06055,0
test_06056,1
test_06057,0.999989986
test_06058,1
test_06059,0.999729991
test_06060,0.999989986
test_06061,0
test_06062,0.578740001
test_06063,1
test_06064,0.997910023
test_06065,0.331550002
test_06066,0.252200007
test_06067,0.8671
test_06068,0.999960005
test_06069,0.103220001
test_06070,0.00731999986
test_06071,5.99999985e-05
test_06072,1
test_06073,0.992200017
test_06074,0.19325
test_06075,0
test_06076,0.956820011
test_06077,0.993030012
test_06078,0.99326998
test_06079,0.998640001
test_06080,0.999909997
test_06081,0.999960005
test_06082,0.0498399995
test_06083,0.000769999984
test_06084,0
test_06085,0.999890029
test_06086,0
test_06087,0.999920011
test_06088,5.99999985e-05
test_06089,0.618059993
test_06090,0.999710023
test_06091,0.999960005
test_06092,0
test_06093,0.00033000001
test_06094,1
test_06095,0.925880015
test_06096,0.999979973
test_06097,9.99999975e-06
test_06098,0.000190000006
test_06099,3.9999999e-05
test_06100,9.99999975e-06
test_06101,0.00321
test_06102,0.999459982
test_06103,1
test_06104,1
test_06105,1
test_06106,0.999499977
test_06107,0.551530004
test_06108,0.996940017
test_06109,0.00724000018
test_06110,0.955359995
test_06111,0
test_06112,0.000310000003
test_06113,0
test_06114,9.99999975e-05
test_06115,0.999790013
test_06116,1
test_06117,0.00329999998
test_06118,0.00159999996
test_06119,1
test_06120,0.750899971
test_06121,0.998860002
test_06122,5.99999985e-05
test_06123,0
test_06124,0.450639993
test_06125,1
test_06126,0.279309988
test_06127,0
test_06128,0.942359984
test_06129,0.318589985
test_06130,0.293489993
test_06131,0.00092000002
test_06132,0.86559999
test_06133,0.182490006
test_06134,0
test_06135,0
test_06136,0.999800026
test_06137,0.999930024
test_06138,0.0190600008
test_06139,1
test_06140,0.119319998
test_06141,0.891049981
test_06142,0.0504399985
test_06143,9.99999975e-06
test_06144,0.997269988
test_06145,0.0782100037
test_06146,0
test_06147,1
test_06148,9.00000014e-05
test_06149,9.99999975e-06
test_06150,0.00109000003
test_06151,0.9727
test_06152,0
test_06153,0.99466002
test_06154,0.610329986
test_06155,0.999979973
test_06156,0.02183
test_06157,0.00136999995
test_06158,0.0661500022
test_06159,0.206699997
test_06160,1
test_06161,0.000500000024
test_06162,0.667029977
test_06163,0.999719977
test_06164,0.00374000007
test_06165,0
test_06166,0.448740005
test_06167,0.205990002
test_06168,0.850560009
test_06169,0.999949992
test_06170,0.995530009
test_06171,0
test_06172,0.99296999
test_06173,1
test_06174,0
test_06175,0
test_06176,0.896269977
test_06177,1
test_06178,0.985040009
test_06179,0.999539971
test_06180,0.990040004
test_06181,0
test_06182,9.99999975e-06
test_06183,1
test_06184,0.98119998
test_06185,0.844609976
test_06186,0.99980998
test_06187,9.99999975e-06
test_06188,0.95709002
test_06189,0
test_06190,0.00225999998
test_06191,0
test_06192,0.0565400012
test_06193,0.940819979
test_06194,0.999880016
test_06195,0.771709979
test_06196,0
test_06197,0.999989986
test_06198,0
test_06199,0.994830012
test_06200,0.99980998
test_06201,0.999689996
test_06202,0.0616400018
test_06203,0.135110006
test_06204,0.567929983
test_06205,0.685959995
test_06206,0.00129000004
test_06207,0.984070003
test_06208,0
test_06209,9.99999975e-06
test_06210,0.999989986
test_06211,0.0419499986
test_06212,1
test_06213,0
test_06214,0.000720000011
test_06215,0.979849994
test_06216,0.565310001
test_06217,0.999790013
test_06218,0.999790013
test_06219,0.0141899996
test_06220,2.99999992e-05
test_06221,0
test_06222,0
test_06223,0
test_06224,0.608460009
test_06225,0.997550011
test_06226,0.998220026
test_06227,1.99999995e-05
test_06228,0.997259974
test_06229,0
test_06230,0.000300000014
test_06231,0.000590000011
test_06232,0.0556400008
test_06233,0
test_06234,0.999960005
test_06235,0
test_06236,7.9999998e-05
test_06237,0.337179989
test_06238,3.9999999e-05
test_06239,1
test_06240,0.858319998
test_06241,0.999989986
test_06242,0.000119999997
test_06243,1
test_06244,0.00318
test_06245,0.993889987
test_06246,1
test_06247,0.997210026
test_06248,1
test_06249,0.999979973
test_06250,1
test_06251,0.000190000006
test_06252,0.943000019
test_06253,0.760029972
test_06254,0.965430021
test_06255,0.0861999989
test_06256,0.997179985
test_06257,0.999880016
test_06258,0.590240002
test_06259,0.955250025
test_06260,0.999939978
test_06261,9.99999975e-06
test_06262,0.999059975
test_06263,0.998839974
test_06264,0.998870015
test_06265,0.02183
test_06266,0.999979973
test_06267,0.998350024
test_06268,1
test_06269,0.000339999999
test_06270,0.86036998
test_06271,0.999679983
test_06272,1
test_06273,0.644249976
test_06274,0.227750003
test_06275,0.954180002
test_06276,0.0183099993
test_06277,0.987699986
test_06278,0.02685
test_06279,0
test_06280,0.312150002
test_06281,0.945569992
test_06282,1
test_06283,9.99999975e-06
test_06284,0.00313999993
test_06285,0.763769984
test_06286,1
test_06287,3.9999999e-05
test_06288,0.993939996
test_06289,0.947470009
test_06290,0.607569993
test_06291,0.00173999998
test_06292,0
test_06293,0
test_06294,0.0256500002
test_06295,0
test_06296,0.000780000002
test_06297,0.962800026
test_06298,1
test_06299,0.992850006
test_06300,0.934319973
test_06301,9.99999975e-06
test_06302,0.380299985
test_06303,0.214609995
test_06304,0.997950017
test_06305,0.000679999997
test_06306,0.0298699997
test_06307,0.414719999
test_06308,0.999960005
test_06309,0.920040011
test_06310,0
test_06311,9.99999975e-06
test_06312,0.0112899998
test_06313,0.958090007
test_06314,0.00066000002
test_06315,0.588
test_06316,0.071390003
test_06317,0.943750024
test_06318,1
test_06319,0.000390000001
test_06320,1
test_06321,0.132019997
test_06322,0.999939978
test_06323,0.372240007
test_06324,0
test_06325,1
test_06326,0.999899983
test_06327,0.000199999995
test_06328,0.901030004
test_06329,0.631889999
test_06330,0
test_06331,0.0131900003
test_06332,0
test_06333,0.585009992
test_06334,0.0469099991
test_06335,0.173439994
test_06336,0.868640006
test_06337,0.0125399996
test_06338,0.839049995
test_06339,0.999090016
test_06340,0.999989986
test_06341,0
test_06342,0.999249995
test_06343,0.139510006
test_06344,0.227129996
test_06345,0.224040002
test_06346,0.999899983
test_06347,0.000250000012
test_06348,1
test_06349,0.0426299982
test_06350,2.99999992e-05
test_06351,0.971899986
test_06352,0.144429997
test_06353,0
test_06354,0.966889977
test_06355,0.000300000014
test_06356,1
test_06357,0.00607000012
test_06358,0.999979973
test_06359,0.999409974
test_06360,0.979969978
test_06361,0.888100028
test_06362,0
test_06363,0.950469971
test_06364,0.893589973
test_06365,0
test_06366,0.617439985
test_06367,0.942780018
test_06368,0.987200022
test_06369,1
test_06370,0.994889975
test_06371,0.0445800014
test_06372,0.99891001
test_06373,0.999970019
test_06374,0.999750018
test_06375,0.00944999978
test_06376,0.0189900007
test_06377,0.760410011
test_06378,0.951770008
test_06379,0
test_06380,0.235829994
test_06381,1.99999995e-05
test_06382,1
test_06383,0.999989986
test_06384,0.803789973
test_06385,0.00103000004
test_06386,1
test_06387,0.99673003
test_06388,0.996079981
test_06389,0.00500999996
test_06390,0.251520008
test_06391,0
test_06392,0.0226300005
test_06393,0.732559979
test_06394,1
test_06395,0.915220022
test_06396,0.00396999996
test_06397,0
test_06398,0.984350026
test_06399,0.0217000004
test_06400,0
test_06401,0.114639997
test_06402,0.999960005
test_06403,0.260140002
test_06404,0.678979993
test_06405,0
test_06406,9.99999975e-06
test_06407,0.00171999994
test_06408,0.000289999996
test_06409,0.999989986
test_06410,0.999989986
test_06411,0.991360009
test_06412,0.971549988
test_06413,0.000609999988
test_06414,0.999949992
test_06415,0.00891999993
test_06416,0.963639975
test_06417,0.0198100004
test_06418,0.266250014
test_06419,0.985620022
test_06420,0.000390000001
test_06421,0.998690009
test_06422,1
test_06423,0.998319983
test_06424,0.999870002
test_06425,0.00499999989
test_06426,7.9999998e-05
test_06427,0.06109
test_06428,0.161129996
test_06429,0
test_06430,0.944519997
test_06431,0.963580012
test_06432,0
test_06433,0.64319998
test_06434,1
test_06435,0.999989986
test_06436,0.00203999993
test_06437,0.941600025
test_06438,0
test_06439,1
test_06440,0.00528000016
test_06441,0.999689996
test_06442,0.032949999
test_06443,0.784280002
test_06444,0
test_06445,9.99999975e-06
test_06446,0.0803700015
test_06447,0.999109983
test_06448,1
test_06449,0
test_06450,1
test_06451,1
test_06452,0.999970019
test_06453,0
test_06454,0.999880016
test_06455,1
test_06456,0
test_06457,0.01241
test_06458,0.00046000001
test_06459,0.999930024
test_06460,0.00355000002
test_06461,0
test_06462,1
test_06463,0.954930007
test_06464,0
test_06465,3.9999999e-05
test_06466,0.34127
test_06467,0.0379500017
test_06468,0
test_06469,0.998899996
test_06470,0.999769986
test_06471,0.54764998
test_06472,0.220339999
test_06473,0.999979973
test_06474,0.00231999997
test_06475,0.999920011
test_06476,0
test_06477,1.99999995e-05
test_06478,1
test_06479,0.999570012
test_06480,0.999419987
test_06481,0.462669998
test_06482,0.999979973
test_06483,0
test_06484,0
test_06485,0.99861002
test_06486,1
test_06487,1.99999995e-05
test_06488,0.999989986
test_06489,0
test_06490,1
test_06491,0
test_06492,0.995649993
test_06493,0.000110000001
test_06494,0.231999993
test_06495,0
test_06496,1.99999995e-05
test_06497,0.999230027
test_06498,0.998749971
test_06499,9.99999975e-06
test_06500,0.453649998
test_06501,0.00033000001
test_06502,0.999249995
test_06503,0
test_06504,9.99999975e-05
test_06505,0
test_06506,0.999180019
test_06507,1
test_06508,1
test_06509,7.00000019e-05
test_06510,0.0894899964
test_06511,0.616959989
test_06512,0.785139978
test_06513,0.343109995
test_06514,0.0219700001
test_06515,0.999979973
test_06516,1
test_06517,0.989639997
test_06518,0.724399984
test_06519,2.99999992e-05
test_06520,0.0705799982
test_06521,0.999920011
test_06522,1
test_06523,1
test_06524,0.0345599987
test_06525,0.580649972
test_06526,0.992789984
test_06527,1.99999995e-05
test_06528,0.875639975
test_06529,0.00731999986
test_06530,0.0354200006
test_06531,0.174720004
test_06532,1
test_06533,0.983799994
test_06534,1
test_06535,0.99950999
test_06536,0.00510999979
test_06537,0
test_06538,0.99940002
test_06539,0.207640007
test_06540,0.000159999996
test_06541,0.644649982
test_06542,0
test_06543,0.0255399998
test_06544,0.999989986
test_06545,0.409469992
test_06546,2.99999992e-05
test_06547,0.061280001
test_06548,1
test_06549,0.858319998
test_06550,0.999989986
test_06551,0.000319999992
test_06552,0.0109099997
test_06553,0.999989986
test_06554,0.980319977
test_06555,0.00104999996
test_06556,1
test_06557,7.9999998e-05
test_06558,0.629980028
test_06559,0.00187000004
test_06560,0.434199989
test_06561,0.0597499982
test_06562,0.00046000001
test_06563,0.0204399992
test_06564,0.97943002
test_06565,0.953740001
test_06566,0.869830012
test_06567,0.0237799995
test_06568,9.00000014e-05
test_06569,0.0640999973
test_06570,3.9999999e-05
test_06571,0.163399994
test_06572,0.000169999999
test_06573,0.492489994
test_06574,0.0656900033
test_06575,0
test_06576,0.00545000006
test_06577,0.000410000008
test_06578,0.999779999
test_06579,0.985710025
test_06580,0.982509971
test_06581,0
test_06582,0.999710023
test_06583,0.186279997
test_06584,0.995649993
test_06585,0.992720008
test_06586,5.99999985e-05
test_06587,1
test_06588,0.000429999985
test_06589,0.00221999991
test_06590,0.142580003
test_06591,1.99999995e-05
test_06592,0.989289999
test_06593,1
test_06594,1
test_06595,0.0518300012
test_06596,0.66148001
test_06597,0.266099989
test_06598,0
test_06599,0
test_06600,0
test_06601,0
test_06602,0.141589999
test_06603,2.99999992e-05
test_06604,0.977940023
test_06605,3.9999999e-05
test_06606,0.973640025
test_06607,0
test_06608,1
test_06609,0.996689975
test_06610,0.00361000001
test_06611,0.00853000022
test_06612,0
test_06613,0
test_06614,0
test_06615,9.99999975e-06
test_06616,0.986169994
test_06617,0.0467600003
test_06618,2.99999992e-05
test_06619,2.99999992e-05
test_06620,0.551039994
test_06621,0.000969999994
test_06622,0.00356999994
test_06623,0.000319999992
test_06624,1
test_06625,0.999729991
test_06626,0
test_06627,0
test_06628,0.0670500025
test_06629,0
test_06630,0.000380000012
test_06631,7.9999998e-05
test_06632,0
test_06633,0.000220000002
test_06634,0.553129971
test_06635,0.00107999996
test_06636,9.99999975e-06
test_06637,0
test_06638,0.00694999984
test_06639,0.831319988
test_06640,0.999939978
test_06641,0.0231899992
test_06642,0.869870007
test_06643,1
test_06644,1
test_06645,1
test_06646,0.875729978
test_06647,0.999890029
test_06648,0.234080002
test_06649,0.819710016
test_06650,0
test_06651,0.614560008
test_06652,9.99999975e-06
test_06653,0.999989986
test_06654,0.129380003
test_06655,0.000150000007
test_06656,0.999960005
test_06657,0.999890029
test_06658,0
test_06659,0.0060800002
test_06660,0.983330011
test_06661,0
test_06662,0.0825600028
test_06663,0
test_06664,0
test_06665,0.0386300012
test_06666,0.00520000001
test_06667,0.999979973
test_06668,0.932770014
test_06669,0
test_06670,0.977689981
test_06671,0.958469987
test_06672,0.0270300005
test_06673,0.0159099996
test_06674,1
test_06675,0.0019700001
test_06676,0.992240012
test_06677,0.999970019
test_06678,0.999499977
test_06679,0.000509999983
test_06680,0
test_06681,0.999759972
test_06682,9.99999975e-06
test_06683,0.984030008
test_06684,0.000260000001
test_06685,1
test_06686,0.998650014
test_06687,0.197610006
test_06688,0.0194499996
test_06689,0.99555999
test_06690,0.252869993
test_06691,0
test_06692,0.00565999979
test_06693,0.999530017
test_06694,0.999759972
test_06695,0
test_06696,0.999949992
test_06697,1
test_06698,9.99999975e-06
test_06699,0.00960000046
test_06700,1
test_06701,0.999849975
test_06702,0.999979973
test_06703,0
test_06704,1
test_06705,1
test_06706,0.624859989
test_06707,0.10695
test_06708,0.372799993
test_06709,0.143580005
test_06710,0.999580026
test_06711,1
test_06712,0.0109700002
test_06713,0.998960018
test_06714,0.999440014
test_06715,2.99999992e-05
test_06716,0.999970019
test_06717,1
test_06718,0.472279996
test_06719,0.794219971
test_06720,1
test_06721,0.0186400004
test_06722,0.453949988
test_06723,0.999849975
test_06724,0
test_06725,0.0384400003
test_06726,0.965810001
test_06727,0.998579979
test_06728,0
test_06729,0
test_06730,0.00046000001
test_06731,0.651380002
test_06732,0.946060002
test_06733,0.999759972
test_06734,0
test_06735,0.971740007
test_06736,1
test_06737,1
test_06738,1
test_06739,0.999989986
test_06740,1
test_06741,0.928319991
test_06742,1
test_06743,0.997169971
test_06744,0.995100021
test_06745,0
test_06746,0.997259974
test_06747,1
test_06748,0.402700007
test_06749,1
test_06750,0.998529971
test_06751,0.984089971
test_06752,0
test_06753,0
test_06754,0
test_06755,0.879620016
test_06756,0.00242000003
test_06757,1
test_06758,0.000159999996
test_06759,0.597720027
test_06760,0.0107199997
test_06761,0.998350024
test_06762,1
test_06763,0.999920011
test_06764,0.542739987
test_06765,1
test_06766,0.00418999977
test_06767,9.99999975e-05
test_06768,1
test_06769,0.00552000012
test_06770,0.00492000021
test_06771,1
test_06772,0
test_06773,1
test_06774,0.544049978
test_06775,0
test_06776,1
test_06777,0.991450012
test_06778,0
test_06779,0.657570004
test_06780,1
test_06781,0.999989986
test_06782,0.997759998
test_06783,0.139569998
test_06784,0.000479999988
test_06785,0.13944
test_06786,0.999970019
test_06787,0
test_06788,0
test_06789,0.550899982
test_06790,0.999949992
test_06791,0.330940008
test_06792,1
test_06793,0
test_06794,0.960780025
test_06795,0
test_06796,0.992429972
test_06797,0.826460004
test_06798,0.999920011
test_06799,0
test_06800,0
test_06801,0.732930005
test_06802,0.000199999995
test_06803,2.99999992e-05
test_06804,0.979640007
test_06805,0.418099999
test_06806,0.999939978
test_06807,0.99921
test_06808,0.99782002
test_06809,0.999790013
test_06810,0.00133999996
test_06811,0.999830008
test_06812,0
test_06813,0.611519992
test_06814,1
test_06815,0.999790013
test_06816,1
test_06817,0.00039999999
test_06818,0.889720023
test_06819,0.872470021
test_06820,0.000119999997
test_06821,0.991550028
test_06822,0.0297299996
test_06823,0.0120700002
test_06824,0.993950009
test_06825,0
test_06826,1.99999995e-05
test_06827,0.00459000003
test_06828,0.999979973
test_06829,1
test_06830,0
test_06831,0.999960005
test_06832,0
test_06833,0.0484800003
test_06834,7.00000019e-05
test_06835,0
test_06836,0.0060800002
test_06837,0.00164999999
test_06838,1.99999995e-05
test_06839,0.371100008
test_06840,0.999759972
test_06841,0.17904
test_06842,0.996519983
test_06843,0.00478000008
test_06844,0
test_06845,0
test_06846,0.999890029
test_06847,0.999979973
test_06848,3.9999999e-05
test_06849,0.999790013
test_06850,0.0231800005
test_06851,0.0281799994
test_06852,0.00264000008
test_06853,0.000469999999
test_06854,0.848309994
test_06855,0
test_06856,0
test_06857,0.715789974
test_06858,2.99999992e-05
test_06859,0.263509989
test_06860,0.974070013
test_06861,0.000490000006
test_06862,0.999970019
test_06863,0.99229002
test_06864,0.782130003
test_06865,2.99999992e-05
test_06866,0.0114399996
test_06867,0.00565000018
test_06868,0.26552999
test_06869,0.000190000006
test_06870,0.999989986
test_06871,0.999979973
test_06872,0.121490002
test_06873,0.000679999997
test_06874,0.979759991
test_06875,0.433640003
test_06876,0
test_06877,1
test_06878,0.00274999999
test_06879,0.965849996
test_06880,0.00755000021
test_06881,0.742680013
test_06882,0.000220000002
test_06883,0.988990009
test_06884,0
test_06885,0.000479999988
test_06886,0.612829983
test_06887,0.999989986
test_06888,0.721509993
test_06889,0.996670008
test_06890,0.0206099991
test_06891,0.000239999994
test_06892,0
test_06893,0.00516000018
test_06894,0.00796000008
test_06895,9.99999975e-06
test_06896,1
test_06897,0.902339995
test_06898,0.323139995
test_06899,0.000690000015
test_06900,2.99999992e-05
test_06901,0.961889982
test_06902,0.142269999
test_06903,1
test_06904,0.999960005
test_06905,1
test_06906,1.99999995e-05
test_06907,0.998220026
test_06908,0.999989986
test_06909,4.99999987e-05
test_06910,0.999989986
test_06911,0.999840021
test_06912,0
test_06913,0.00013
test_06914,0.591139972
test_06915,0.0711399987
test_06916,1
test_06917,0
test_06918,0.559310019
test_06919,0.99950999
test_06920,0.000119999997
test_06921,0.99958998
test_06922,1
test_06923,0.931949973
test_06924,0.000520000001
test_06925,9.99999975e-06
test_06926,0.000150000007
test_06927,0.0110099996
test_06928,0
test_06929,0.882130027
test_06930,0
test_06931,5.99999985e-05
test_06932,0.79369998
test_06933,0.998510003
test_06934,0
test_06935,0
test_06936,0.993860006
test_06937,0.507889986
test_06938,9.00000014e-05
test_06939,0
test_06940,0.99822998
test_06941,0.925650001
test_06942,0.000150000007
test_06943,2.99999992e-05
test_06944,0.821720004
test_06945,0.000539999979
test_06946,0.0340600014
test_06947,0.911499977
test_06948,0.802730024
test_06949,1
test_06950,0.299609989
test_06951,0.00626999978
test_06952,0.114710003
test_06953,0.494390011
test_06954,0.977069974
test_06955,0.999979973
test_06956,0.852069974
test_06957,0.490350008
test_06958,0.998239994
test_06959,0
test_06960,0
test_06961,0.816500008
test_06962,9.99999975e-06
test_06963,0.126010001
test_06964,1
test_06965,0.463719994
test_06966,0
test_06967,0.0181300007
test_06968,0
test_06969,0
test_06970,1
test_06971,0.999220014
test_06972,0.000539999979
test_06973,0.999580026
test_06974,9.99999975e-06
test_06975,0.999930024
test_06976,1
test_06977,0.996879995
test_06978,9.99999975e-06
test_06979,0.426499993
test_06980,0.939629972
test_06981,0.998269975
test_06982,0.999979973
test_06983,0
test_06984,0.00101000001
test_06985,0
test_06986,1.99999995e-05
test_06987,0
test_06988,0.000159999996
test_06989,0.91681999
test_06990,1
test_06991,0.924849987
test_06992,0.985319972
test_06993,3.9999999e-05
test_06994,0
test_06995,0
test_06996,0.696169972
test_06997,0.0145699997
test_06998,0
test_06999,0.604380012
test_07000,0.0605400018
test_07001,0.866750002
test_07002,1
test_07003,0.459630013
test_07004,0.630779982
test_07005,0.900950015
test_07006,2.99999992e-05
test_07007,0
test_07008,0.000890000025
test_07009,1
test_07010,0.999660015
test_07011,1
test_07012,0.97823
test_07013,0.00813999958
test_07014,0.999140024
test_07015,0.999369979
test_07016,0.980599999
test_07017,0.0393900014
test_07018,0.996110022
test_07019,0.0221100003
test_07020,0.000190000006
test_07021,0.999920011
test_07022,0.000250000012
test_07023,1
test_07024,0.967000008
test_07025,1
test_07026,1
test_07027,0
test_07028,0.0132900001
test_07029,0.998820007
test_07030,0.01657
test_07031,9.99999975e-06
test_07032,0.966620028
test_07033,1
test_07034,0.0065299999
test_07035,4.99999987e-05
test_07036,0
test_07037,0.0105499998
test_07038,0.999989986
test_07039,0
test_07040,1.99999995e-05
test_07041,0.998749971
test_07042,0.999840021
test_07043,0.579100013
test_07044,0.999859989
test_07045,0.000230000005
test_07046,0.998780012
test_07047,1
test_07048,0
test_07049,0.00141999999
test_07050,0.966390014
test_07051,0
test_07052,0.810819983
test_07053,0
test_07054,0.995289981
test_07055,0.999830008
test_07056,0.99634999
test_07057,0.00579999993
test_07058,0.547779977
test_07059,0.84592998
test_07060,1
test_07061,0.00724999979
test_07062,0
test_07063,0.977810025
test_07064,0
test_07065,0.00332999998
test_07066,0.00046000001
test_07067,1
test_07068,0.999960005
test_07069,0.999300003
test_07070,9.99999975e-06
test_07071,0.037659999
test_07072,1
test_07073,0.997420013
test_07074,1
test_07075,0.882860005
test_07076,1
test_07077,5.99999985e-05
test_07078,0.997020006
test_07079,1
test_07080,0.340700001
test_07081,0.00239000004
test_07082,0.999390006
test_07083,0
test_07084,0.137689993
test_07085,0.00214
test_07086,0.999949992
test_07087,0
test_07088,0.998529971
test_07089,0.00161000004
test_07090,0.947719991
test_07091,9.99999975e-06
test_07092,1
test_07093,0.712279975
test_07094,0.992510021
test_07095,0
test_07096,0.999970019
test_07097,0.353610009
test_07098,0
test_07099,0
test_07100,0.000339999999
test_07101,1
test_07102,0.937340021
test_07103,1
test_07104,0.868960023
test_07105,0
test_07106,0.718219995
test_07107,0
test_07108,0.191970006
test_07109,0.846809983
test_07110,0.100210004
test_07111,3.9999999e-05
test_07112,0.999930024
test_07113,0.0477599986
test_07114,0.999170005
test_07115,0.29637
test_07116,0.119039997
test_07117,0.00152000005
test_07118,9.99999975e-06
test_07119,0.000959999976
test_07120,0.000500000024
test_07121,0.0175199993
test_07122,0.327859998
test_07123,0.534060001
test_07124,1
test_07125,1
test_07126,0.974030018
test_07127,0.999379992
test_07128,0
test_07129,0
test_07130,0.976209998
test_07131,0.987999976
test_07132,0
test_07133,0.0193600003
test_07134,9.99999975e-06
test_07135,0
test_07136,1
test_07137,0.364010006
test_07138,0
test_07139,7.00000019e-05
test_07140,0.00118000002
test_07141,2.99999992e-05
test_07142,1.99999995e-05
test_07143,0
test_07144,0.0142200002
test_07145,0.00135999999
test_07146,1
test_07147,0.0546099991
test_07148,0.801240027
test_07149,0.000209999998
test_07150,0.913039982
test_07151,0.881510019
test_07152,0.0739500001
test_07153,0.742240012
test_07154,0.999939978
test_07155,0.0438699983
test_07156,4.99999987e-05
test_07157,0.999979973
test_07158,0.999979973
test_07159,0.00013
test_07160,1.99999995e-05
test_07161,0.00301999995
test_07162,0.999970019
test_07163,0.99259001
test_07164,0.183310002
test_07165,0.000560000015
test_07166,0.999989986
test_07167,0
test_07168,0.633430004
test_07169,0
test_07170,0.998820007
test_07171,0.996100008
test_07172,0.999890029
test_07173,0.98101002
test_07174,0.952459991
test_07175,0.825879991
test_07176,9.99999975e-06
test_07177,0.00576000009
test_07178,0.988349974
test_07179,0.0127600003
test_07180,1.99999995e-05
test_07181,0.294889987
test_07182,0.139589995
test_07183,0.00167000003
test_07184,0
test_07185,0.998510003
test_07186,1
test_07187,3.9999999e-05
test_07188,0.938239992
test_07189,0.00092999998
test_07190,0.991150022
test_07191,7.9999998e-05
test_07192,0
test_07193,0.0022499999
test_07194,0.894540012
test_07195,0.994930029
test_07196,0.999360025
test_07197,1.99999995e-05
test_07198,0
test_07199,0
test_07200,1
test_07201,0.700049996
test_07202,9.99999975e-06
test_07203,1
test_07204,0.0149900001
test_07205,0
test_07206,0.0297100004
test_07207,0.997439981
test_07208,0.0815400034
test_07209,0.845160007
test_07210,0
test_07211,0.0462099984
test_07212,0.00973000005
test_07213,0.11688
test_07214,0.773580015
test_07215,0.950139999
test_07216,9.99999975e-06
test_07217,0
test_07218,7.00000019e-05
test_07219,1
test_07220,0.157859996
test_07221,0.999989986
test_07222,0.00225999998
test_07223,0.0543400012
test_07224,0.999819994
test_07225,0.980880022
test_07226,0.725570023
test_07227,1
test_07228,0
test_07229,0
test_07230,0.00340999989
test_07231,2.99999992e-05
test_07232,0.115010001
test_07233,1
test_07234,0.999350011
test_07235,0.999650002
test_07236,7.00000019e-05
test_07237,1
test_07238,0
test_07239,0.916000009
test_07240,0.656009972
test_07241,0
test_07242,0.000769999984
test_07243,0
test_07244,1
test_07245,0.794860005
test_07246,0.00705000013
test_07247,0.993889987
test_07248,0.638499975
test_07249,0
test_07250,0.080339998
test_07251,0.00490000006
test_07252,0.915799975
test_07253,9.99999975e-05
test_07254,0.000390000001
test_07255,1
test_07256,0
test_07257,0.669839978
test_07258,0.93769002
test_07259,0.0509199984
test_07260,0.550469995
test_07261,0.000910000002
test_07262,0
test_07263,1
test_07264,0
test_07265,0.999430001
test_07266,0
test_07267,0.793460011
test_07268,0.998210013
test_07269,0.974720001
test_07270,0.574790001
test_07271,1
test_07272,0.0446599983
test_07273,0.935410023
test_07274,0.87857002
test_07275,0.165270001
test_07276,9.99999975e-06
test_07277,1
test_07278,0.989359975
test_07279,0.437979996
test_07280,0
test_07281,0
test_07282,0.845969975
test_07283,0.00013
test_07284,0.514110029
test_07285,1
test_07286,0.00484000007
test_07287,0.959079981
test_07288,0.00267999992
test_07289,0.0648100004
test_07290,0
test_07291,0.958909988
test_07292,0.960200012
test_07293,0
test_07294,0.999979973
test_07295,0.0220100004
test_07296,0.959810019
test_07297,1
test_07298,0.553120017
test_07299,0.48624
test_07300,7.9999998e-05
test_07301,0.999109983
test_07302,0.000250000012
test_07303,0.968900025
test_07304,9.99999975e-06
test_07305,0.172360003
test_07306,0.0296700001
test_07307,0
test_07308,0
test_07309,0
test_07310,3.9999999e-05
test_07311,0.000140000004
test_07312,0.994000018
test_07313,0.052480001
test_07314,0.989520013
test_07315,0.976700008
test_07316,0.99425
test_07317,0.999909997
test_07318,0
test_07319,0.926069975
test_07320,0.999759972
test_07321,0.00323999999
test_07322,0.842109978
test_07323,5.99999985e-05
test_07324,0.904340029
test_07325,0.95747
test_07326,0.999920011
test_07327,0.998440027
test_07328,1
test_07329,0.1175
test_07330,0.00307000009
test_07331,0
test_07332,0.0027999999
test_07333,0.76959002
test_07334,0.453370005
test_07335,0.989880025
test_07336,0.0157099999
test_07337,0.997250021
test_07338,0.341989994
test_07339,0.00116999994
test_07340,1
test_07341,0.0342499986
test_07342,0.775059998
test_07343,0.999979973
test_07344,0.979460001
test_07345,9.99999975e-06
test_07346,0.122170001
test_07347,0.173879996
test_07348,0.724300027
test_07349,0
test_07350,1
test_07351,0.00158000004
test_07352,0.534889996
test_07353,0.967939973
test_07354,0.0100299995
test_07355,1
test_07356,1
test_07357,0.999819994
test_07358,0.985870004
test_07359,0.924409986
test_07360,0.0377199985
test_07361,0.975600004
test_07362,0.000159999996
test_07363,1
test_07364,0.104680002
test_07365,0.982439995
test_07366,0.999989986
test_07367,0.999859989
test_07368,0.00973000005
test_07369,0.00325000007
test_07370,0.713100016
test_07371,0.00184000004
test_07372,0.233410001
test_07373,1
test_07374,0.00113999995
test_07375,0.375030011
test_07376,0.26929
test_07377,0.000479999988
test_07378,0.999989986
test_07379,0
test_07380,0.635280013
test_07381,0.0200699996
test_07382,0.209849998
test_07383,0.364439994
test_07384,0.998950005
test_07385,0.142700002
test_07386,7.00000019e-05
test_07387,0.0013
test_07388,0.357129991
test_07389,0.00410000002
test_07390,0
test_07391,1
test_07392,0.905380011
test_07393,0.99950999
test_07394,0.999310017
test_07395,0.999329984
test_07396,9.99999975e-06
test_07397,1
test_07398,1
test_07399,0.999920011
test_07400,0.99901998
test_07401,0.0314599983
test_07402,1
test_07403,3.9999999e-05
test_07404,0.0027999999
test_07405,0.955460012
test_07406,0.00168999995
test_07407,0
test_07408,0.0152799999
test_07409,0.000679999997
test_07410,0.999920011
test_07411,0.000119999997
test_07412,0.0259000007
test_07413,1
test_07414,0
test_07415,0.999080002
test_07416,0.000230000005
test_07417,0.00173999998
test_07418,0.999960005
test_07419,0.000820000016
test_07420,0
test_07421,0.793179989
test_07422,1
test_07423,0.999989986
test_07424,0
test_07425,0.604860008
test_07426,0.00486000022
test_07427,0.00013
test_07428,7.00000019e-05
test_07429,0.0352700017
test_07430,0
test_07431,1
test_07432,2.99999992e-05
test_07433,0.188309997
test_07434,0
test_07435,0
test_07436,0
test_07437,0.999899983
test_07438,0.999310017
test_07439,0.628610015
test_07440,0
test_07441,0
test_07442,1.99999995e-05
test_07443,1
test_07444,2.99999992e-05
test_07445,0.000410000008
test_07446,0
test_07447,0
test_07448,0.00946000032
test_07449,1
test_07450,0.999870002
test_07451,0.999769986
test_07452,0.426970005
test_07453,0.000140000004
test_07454,1
test_07455,0.238570005
test_07456,0.999979973
test_07457,0.999119997
test_07458,1
test_07459,1
test_07460,0.138789997
test_07461,0.997829974
test_07462,0.57881999
test_07463,0
test_07464,0
test_07465,0.999989986
test_07466,0.118050002
test_07467,0.998820007
test_07468,0.774640024
test_07469,0.00322000007
test_07470,0.999960005
test_07471,0.932039976
test_07472,0.0110200001
test_07473,0
test_07474,0
test_07475,0.969609976
test_07476,0
test_07477,0
test_07478,1
test_07479,0.999599993
test_07480,0.705169976
test_07481,0.977689981
test_07482,0.992929995
test_07483,0.502449989
test_07484,0.0173799992
test_07485,0.999970019
test_07486,0.999909997
test_07487,0.00435000006
test_07488,0
test_07489,1
test_07490,0.409020007
test_07491,0.000490000006
test_07492,0.000730000029
test_07493,0.99217999
test_07494,0.0420700014
test_07495,1
test_07496,2.99999992e-05
test_07497,7.00000019e-05
test_07498,0.00219999999
test_07499,0
test_07500,0
test_07501,0.000110000001
test_07502,0.993849993
test_07503,9.99999975e-06
test_07504,9.99999975e-05
test_07505,0.133279994
test_07506,0.999570012
test_07507,0.668940008
test_07508,0
test_07509,0.999970019
test_07510,0.999920011
test_07511,0.999870002
test_07512,0
test_07513,0.986410022
test_07514,1
test_07515,0.93809998
test_07516,1
test_07517,1
test_07518,0
test_07519,0.652350008
test_07520,0.0342499986
test_07521,0.0219199993
test_07522,0.999069989
test_07523,0
test_07524,0.95818001
test_07525,0.721260011
test_07526,0
test_07527,0.446669996
test_07528,1
test_07529,0.531880021
test_07530,0.999729991
test_07531,0.998160005
test_07532,0.997510016
test_07533,0
test_07534,0.733290017
test_07535,0.996249974
test_07536,0.449919999
test_07537,0.00316999992
test_07538,0.588079989
test_07539,1
test_07540,2.99999992e-05
test_07541,0.788720012
test_07542,0.165020004
test_07543,4.99999987e-05
test_07544,0.974709988
test_07545,0.00753000006
test_07546,1
test_07547,0.989160001
test_07548,0.0376200005
test_07549,1
test_07550,1
test_07551,0.997340024
test_07552,0
test_07553,1
test_07554,0.999890029
test_07555,0.000380000012
test_07556,9.99999975e-06
test_07557,1
test_07558,0.987619996
test_07559,0.985430002
test_07560,0.894259989
test_07561,0
test_07562,0.0562399998
test_07563,1
test_07564,1
test_07565,3.9999999e-05
test_07566,0.570050001
test_07567,0.000639999984
test_07568,9.99999975e-06
test_07569,0.367819995
test_07570,1
test_07571,0.434300005
test_07572,1
test_07573,1
test_07574,0.908349991
test_07575,0.000899999985
test_07576,0
test_07577,0.00545000006
test_07578,1.99999995e-05
test_07579,0.00216999999
test_07580,1
test_07581,0
test_07582,0
test_07583,0.767449975
test_07584,0.999339998
test_07585,0.962329984
test_07586,1
test_07587,0.347710013
test_07588,0.998350024
test_07589,0.978990018
test_07590,0.00514000002
test_07591,0.999920011
test_07592,0
test_07593,0.977190018
test_07594,0.474700004
test_07595,0
test_07596,1.99999995e-05
test_07597,0.999949992
test_07598,0.774399996
test_07599,0.999979973
test_07600,0
test_07601,0.0628700033
test_07602,7.9999998e-05
test_07603,1
test_07604,9.99999975e-06
test_07605,0.0241800006
test_07606,0
test_07607,0
test_07608,0.0556199998
test_07609,0.999989986
test_07610,0
test_07611,0.000260000001
test_07612,1.99999995e-05
test_07613,0.0109099997
test_07614,0.999960005
test_07615,0.274060011
test_07616,1
test_07617,0.0398500003
test_07618,0.862559974
test_07619,9.99999975e-06
test_07620,9.99999975e-06
test_07621,0
test_07622,0.0134199997
test_07623,0.999939978
test_07624,0
test_07625,0
test_07626,0.999989986
test_07627,0.999849975
test_07628,1
test_07629,0.000709999993
test_07630,0.999979973
test_07631,0.00413999986
test_07632,0.00167999999
test_07633,0.0785500035
test_07634,1
test_07635,0.999989986
test_07636,0.00039999999
test_07637,0.992519975
test_07638,1
test_07639,0.0407599993
test_07640,0.000190000006
test_07641,0.421950012
test_07642,0.977880001
test_07643,1
test_07644,1
test_07645,9.99999975e-05
test_07646,0.688530028
test_07647,1
test_07648,0
test_07649,0.989000022
test_07650,0.999939978
test_07651,0.391840011
test_07652,0.955250025
test_07653,1
test_07654,0.999970019
test_07655,0.317719996
test_07656,0.0157399997
test_07657,1
test_07658,0
test_07659,1
test_07660,0.0212200005
test_07661,0.793179989
test_07662,0.01987
test_07663,0.000159999996
test_07664,0
test_07665,0.0358499996
test_07666,0.999279976
test_07667,0.00377000007
test_07668,9.99999975e-05
test_07669,1
test_07670,0.000569999975
test_07671,5.99999985e-05
test_07672,1.99999995e-05
test_07673,0.0225799996
test_07674,0.0317000002
test_07675,3.9999999e-05
test_07676,0.000319999992
test_07677,0.000980000012
test_07678,0.969250023
test_07679,0.0147900004
test_07680,0.998290002
test_07681,0
test_07682,0.00418000016
test_07683,1
test_07684,0.986609995
test_07685,0.981029987
test_07686,0.00124999997
test_07687,0.00581
test_07688,0.27452001
test_07689,0.904959977
test_07690,0.989660025
test_07691,0
test_07692,1
test_07693,0.940029979
test_07694,0.334729999
test_07695,0.698390007
test_07696,0.111079998
test_07697,1
test_07698,0.999800026
test_07699,0
test_07700,0.999710023
test_07701,0
test_07702,0.00362000009
test_07703,1
test_07704,1
test_07705,0.01994
test_07706,0.99950999
test_07707,0.0805699974
test_07708,1
test_07709,1
test_07710,1
test_07711,1
test_07712,0
test_07713,0
test_07714,0
test_07715,0.999779999
test_07716,1
test_07717,0
test_07718,0.000549999997
test_07719,0
test_07720,0.00197999994
test_07721,0.00891000032
test_07722,5.99999985e-05
test_07723,0.00270999991
test_07724,1
test_07725,0.999740005
test_07726,0.839630008
test_07727,0.000239999994
test_07728,0.0591199994
test_07729,0.999759972
test_07730,0.661920011
test_07731,0
test_07732,0.103419997
test_07733,0.993330002
test_07734,0.0113000004
test_07735,0.0483799987
test_07736,0
test_07737,0.662519991
test_07738,0.699859977
test_07739,0.745140016
test_07740,0.00026999999
test_07741,0.000140000004
test_07742,0.982649982
test_07743,0.990230024
test_07744,0.00865000021
test_07745,0.852460027
test_07746,0.986750007
test_07747,0.00930000003
test_07748,0
test_07749,0.997290015
test_07750,0.999109983
test_07751,9.99999975e-06
test_07752,0.0351300016
test_07753,0.139290005
test_07754,0.190160006
test_07755,0.000110000001
test_07756,0.999909997
test_07757,0.0227400009
test_07758,9.99999975e-06
test_07759,0.987089992
test_07760,0
test_07761,0.999639988
test_07762,0.753170013
test_07763,1
test_07764,1
test_07765,9.99999975e-06
test_07766,1
test_07767,0.000310000003
test_07768,0.563139975
test_07769,9.99999975e-06
test_07770,0.876519978
test_07771,0.239519998
test_07772,0.999450028
test_07773,0.999069989
test_07774,0.00510999979
test_07775,0.000339999999
test_07776,0.00700999983
test_07777,1
test_07778,0.999880016
test_07779,0.999970019
test_07780,1
test_07781,0.0013
test_07782,0.122529998
test_07783,0.00824000034
test_07784,0.171560004
test_07785,0.743900001
test_07786,0.297989994
test_07787,0.968800008
test_07788,0.999970019
test_07789,0.522840023
test_07790,9.99999975e-06
test_07791,0
test_07792,0.00426999992
test_07793,4.99999987e-05
test_07794,0.0527999997
test_07795,0.791880012
test_07796,0.000119999997
test_07797,0
test_07798,0.999800026
test_07799,0.999989986
test_07800,0.00165999995
test_07801,0
test_07802,0.925740004
test_07803,0.999870002
test_07804,1
test_07805,0
test_07806,1.99999995e-05
test_07807,0.06831
test_07808,0
test_07809,0.00107999996
test_07810,0.000159999996
test_07811,0.999930024
test_07812,0.0169099998
test_07813,0.999909997
test_07814,0.000869999989
test_07815,0
test_07816,0.000159999996
test_07817,0.999949992
test_07818,0
test_07819,0.973020017
test_07820,0.301019996
test_07821,0.999949992
test_07822,0
test_07823,0.00870000012
test_07824,0.999740005
test_07825,0.999989986
test_07826,0.704590023
test_07827,0.997889996
test_07828,0
test_07829,0.0159799997
test_07830,0.00246000011
test_07831,1
test_07832,0.899919987
test_07833,0.707310021
test_07834,1
test_07835,0.0169399995
test_07836,0.903140008
test_07837,0
test_07838,1
test_07839,1
test_07840,0.993830025
test_07841,0.000839999993
test_07842,0.00694000022
test_07843,0
test_07844,0.966610014
test_07845,1
test_07846,0.000209999998
test_07847,0.989090025
test_07848,0.000239999994
test_07849,0.999960005
test_07850,1
test_07851,0.299910009
test_07852,0.197280005
test_07853,0
test_07854,0.273220003
test_07855,0.961160004
test_07856,1.99999995e-05
test_07857,7.00000019e-05
test_07858,0
test_07859,0.999559999
test_07860,0.096330002
test_07861,0.212050006
test_07862,0
test_07863,0.328480005
test_07864,0.810389996
test_07865,0.983200014
test_07866,0.98672998
test_07867,4.99999987e-05
test_07868,1
test_07869,0.779940009
test_07870,0.0148200002
test_07871,0.994419992
test_07872,0.254209995
test_07873,3.9999999e-05
test_07874,0
test_07875,0
test_07876,0.000910000002
test_07877,0
test_07878,2.99999992e-05
test_07879,0.000939999998
test_07880,0.946959972
test_07881,0.965460002
test_07882,0.132420003
test_07883,0.999920011
test_07884,0.998529971
test_07885,0.99891001
test_07886,9.99999975e-06
test_07887,1
test_07888,0.402150005
test_07889,1
test_07890,0.999859989
test_07891,0.97924
test_07892,0.0308999997
test_07893,1
test_07894,0.000239999994
test_07895,0.418309987
test_07896,0.992229998
test_07897,0.000199999995
test_07898,0.42324999
test_07899,1
test_07900,1
test_07901,0.999329984
test_07902,0
test_07903,0.281219989
test_07904,0
test_07905,0.468039989
test_07906,1.99999995e-05
test_07907,0.02152
test_07908,0.0725900009
test_07909,0.744710028
test_07910,0.999369979
test_07911,1
test_07912,9.99999975e-06
test_07913,0
test_07914,0
test_07915,3.9999999e-05
test_07916,0.999239981
test_07917,0
test_07918,0
test_07919,0.214179993
test_07920,0
test_07921,0.999920011
test_07922,0.582419991
test_07923,0.999530017
test_07924,0.00178000005
test_07925,0
test_07926,0.696349978
test_07927,0.99980998
test_07928,0
test_07929,0.00142999995
test_07930,0.880050004
test_07931,0.0190999992
test_07932,0.999960005
test_07933,0.997060001
test_07934,0.00013
test_07935,0.0290200002
test_07936,0
test_07937,0.583549976
test_07938,0.839550018
test_07939,0
test_07940,0.000230000005
test_07941,0.482719988
test_07942,0
test_07943,0.994239986
test_07944,0.00668000011
test_07945,0.902450025
test_07946,9.00000014e-05
test_07947,0.999989986
test_07948,0.888149977
test_07949,0.988470018
test_07950,1
test_07951,0
test_07952,0.000390000001
test_07953,0.0115700001
test_07954,0.00383000006
test_07955,0
test_07956,0.000230000005
test_07957,0.815620005
test_07958,0.689830005
test_07959,0.999800026
test_07960,0
test_07961,0.999989986
test_07962,0.000440000003
test_07963,0.999260008
test_07964,0
test_07965,0
test_07966,0.837830007
test_07967,0.998340011
test_07968,1.99999995e-05
test_07969,0.0273499992
test_07970,0.00297000003
test_07971,1.99999995e-05
test_07972,0.992370009
test_07973,0
test_07974,0.831960022
test_07975,0.000199999995
test_07976,0.781279981
test_07977,0
test_07978,0.962580025
test_07979,0
test_07980,0.0805599988
test_07981,0.815649986
test_07982,0.0317099988
test_07983,0.383579999
test_07984,0.999949992
test_07985,1
test_07986,0.00132000004
test_07987,9.99999975e-06
test_07988,0.815779984
test_07989,0
test_07990,0.986899972
test_07991,0.927640021
test_07992,0
test_07993,1
test_07994,0.0476900004
test_07995,0.0638400018
test_07996,0.999979973
test_07997,0.999989986
test_07998,0.999989986
test_07999,1
test_08000,0.00297000003
test_08001,0
test_08002,0.000199999995
test_08003,0.999960005
test_08004,9.99999975e-06
test_08005,0.995999992
test_08006,0.283380002
test_08007,0
test_08008,0.885029972
test_08009,0.310449988
test_08010,0.207589999
test_08011,0.989629984
test_08012,1
test_08013,0
test_08014,0
test_08015,0
test_08016,0.606549978
test_08017,0.717599988
test_08018,0.999909997
test_08019,0.999989986
test_08020,0.999310017
test_08021,0.110409997
test_08022,1.99999995e-05
test_08023,0
test_08024,0.000140000004
test_08025,0.679780006
test_08026,0.999000013
test_08027,0.996630013
test_08028,7.00000019e-05
test_08029,0.99879998
test_08030,0.586849988
test_08031,0
test_08032,0.26177001
test_08033,0.0549199991
test_08034,1
test_08035,9.99999975e-06
test_08036,0.783159971
test_08037,0.0280900002
test_08038,0.00234999997
test_08039,0.999859989
test_08040,0.212540001
test_08041,1
test_08042,0.999419987
test_08043,0.995729983
test_08044,0.0543100014
test_08045,0.115960002
test_08046,0.133609995
test_08047,0
test_08048,0.0452100001
test_08049,0.908290029
test_08050,0.979460001
test_08051,0.135309994
test_08052,0.99962002
test_08053,0.0152000003
test_08054,1.99999995e-05
test_08055,1
test_08056,1
test_08057,7.00000019e-05
test_08058,0.000560000015
test_08059,0.0303700007
test_08060,1
test_08061,0.150230005
test_08062,0.981970012
test_08063,0.0121600004
test_08064,0.404709995
test_08065,0.999960005
test_08066,0.00665999996
test_08067,1
test_08068,0.418449998
test_08069,0.76928997
test_08070,0
test_08071,0.99131
test_08072,0
test_08073,0.994260013
test_08074,0.923340023
test_08075,0.195950001
test_08076,0
test_08077,0.00118999998
test_08078,0.112709999
test_08079,0.000809999998
test_08080,0.993059993
test_08081,9.99999975e-05
test_08082,0
test_08083,0.999970019
test_08084,0.0767199993
test_08085,9.99999975e-06
test_08086,0.00147000002
test_08087,0.0883399993
test_08088,0.815100014
test_08089,0.958130002
test_08090,1.99999995e-05
test_08091,0.999960005
test_08092,0.873340011
test_08093,0.558950007
test_08094,1.99999995e-05
test_08095,0.523829997
test_08096,7.9999998e-05
test_08097,0.999989986
test_08098,4.99999987e-05
test_08099,0.00426999992
test_08100,1
test_08101,1.99999995e-05
test_08102,0
test_08103,0.997789979
test_08104,0
test_08105,1
test_08106,0.999960005
test_08107,0.0658399984
test_08108,0.422259986
test_08109,0.999960005
test_08110,1
test_08111,0
test_08112,1
test_08113,0
test_08114,0
test_08115,9.99999975e-06
test_08116,0.999830008
test_08117,0.00026999999
test_08118,0.00110999995
test_08119,0.897899985
test_08120,0.00390999997
test_08121,0.726750016
test_08122,0.999859989
test_08123,0.236179993
test_08124,0.00522000017
test_08125,1
test_08126,0.309489995
test_08127,0
test_08128,0.175630003
test_08129,0.000209999998
test_08130,0.629630029
test_08131,0.999800026
test_08132,0.038759999
test_08133,0.00264999992
test_08134,0.0211999994
test_08135,0.03015
test_08136,0.999939978
test_08137,0.000199999995
test_08138,0
test_08139,0.999989986
test_08140,0.999939978
test_08141,0.999909997
test_08142,1
test_08143,0.988969982
test_08144,0.999890029
test_08145,0.000310000003
test_08146,0.732039988
test_08147,0.00188
test_08148,0.185179994
test_08149,0
test_08150,0.999800026
test_08151,0.925650001
test_08152,0.230619997
test_08153,0.68900001
test_08154,0.244660005
test_08155,0.000220000002
test_08156,0
test_08157,0
test_08158,0
test_08159,0.999580026
test_08160,1
test_08161,0.125719994
test_08162,0.00367000001
test_08163,1
test_08164,0.198650002
test_08165,0.0665400028
test_08166,0.0576200001
test_08167,0
test_08168,1
test_08169,0.976419985
test_08170,0
test_08171,0.990180016
test_08172,0.589380026
test_08173,9.99999975e-06
test_08174,0.0554200001
test_08175,0.999559999
test_08176,0.999960005
test_08177,0.968089998
test_08178,0.999090016
test_08179,0.779829979
test_08180,0
test_08181,4.99999987e-05
test_08182,0.827600002
test_08183,0.99940002
test_08184,1
test_08185,0.999939978
test_08186,0.999939978
test_08187,0.997799993
test_08188,0
test_08189,0
test_08190,0
test_08191,0.959119976
test_08192,0.992259979
test_08193,0.999549985
test_08194,0.153689995
test_08195,0
test_08196,0
test_08197,1
test_08198,0.999939978
test_08199,9.99999975e-06
test_08200,0.930350006
test_08201,0.00170999998
test_08202,0.994099975
test_08203,0.792569995
test_08204,0.866469979
test_08205,0.46954
test_08206,0.000469999999
test_08207,1
test_08208,0.998300016
test_08209,0.775110006
test_08210,0.880930007
test_08211,0.00013
test_08212,1
test_08213,1
test_08214,0.00392000005
test_08215,0
test_08216,0.0438200012
test_08217,1
test_08218,0.785740018
test_08219,0.270289987
test_08220,0
test_08221,0
test_08222,0.999939978
test_08223,1.99999995e-05
test_08224,7.9999998e-05
test_08225,0
test_08226,0.285369992
test_08227,1
test_08228,0.970149994
test_08229,0
test_08230,0.217739999
test_08231,1.99999995e-05
test_08232,0.000410000008
test_08233,2.99999992e-05
test_08234,4.99999987e-05
test_08235,0.000339999999
test_08236,0.0255800001
test_08237,0.999660015
test_08238,1
test_08239,1
test_08240,0.889590025
test_08241,0.658150017
test_08242,0.121140003
test_08243,9.99999975e-06
test_08244,0.999689996
test_08245,0
test_08246,0.00437999982
test_08247,0.689390004
test_08248,0.0980399996
test_08249,0.880959988
test_08250,0.881770015
test_08251,0.472259998
test_08252,0.998409986
test_08253,9.99999975e-06
test_08254,0.525430024
test_08255,0.000150000007
test_08256,0.000199999995
test_08257,0.000250000012
test_08258,0.0997600034
test_08259,1
test_08260,0.996930003
test_08261,0.999549985
test_08262,0.930379987
test_08263,1
test_08264,0.993160009
test_08265,0.986490011
test_08266,0.999989986
test_08267,0.267439991
test_08268,0.380400002
test_08269,0.999819994
test_08270,0
test_08271,0.998300016
test_08272,0.999409974
test_08273,0.860589981
test_08274,1
test_08275,0.991259992
test_08276,1
test_08277,0.00132000004
test_08278,0.0157099999
test_08279,0.120980002
test_08280,0
test_08281,0.913500011
test_08282,1
test_08283,0.994979978
test_08284,0.966400027
test_08285,1
test_08286,0.000119999997
test_08287,0.064000003
test_08288,0
test_08289,0.137789994
test_08290,0
test_08291,0.867049992
test_08292,0
test_08293,0.997659981
test_08294,0.00215000007
test_08295,0.999930024
test_08296,0.99980998
test_08297,1
test_08298,9.99999975e-06
test_08299,0
test_08300,0.999930024
test_08301,0.999660015
test_08302,0.977890015
test_08303,0.999289989
test_08304,0.999989986
test_08305,0.312460005
test_08306,0.000360000005
test_08307,0.219899997
test_08308,0.992370009
test_08309,9.99999975e-06
test_08310,0.63270998
test_08311,4.99999987e-05
test_08312,0.997669995
test_08313,0.985499978
test_08314,0.00100000005
test_08315,0.852129996
test_08316,1
test_08317,0.848839998
test_08318,0.00121999998
test_08319,1
test_08320,0.00164999999
test_08321,0.811699986
test_08322,0.264079988
test_08323,1
test_08324,0.00239000004
test_08325,0.999939978
test_08326,0
test_08327,0.00147999998
test_08328,0
test_08329,0.0155699998
test_08330,0.972769976
test_08331,0.682720006
test_08332,0.220980003
test_08333,0.324239999
test_08334,0.999390006
test_08335,0.0425999984
test_08336,0.967909992
test_08337,0.107419997
test_08338,0.991280019
test_08339,0.000199999995
test_08340,9.99999975e-06
test_08341,0.999800026
test_08342,0
test_08343,0.237990007
test_08344,0.776579976
test_08345,1
test_08346,0.457300007
test_08347,9.99999975e-06
test_08348,1
test_08349,9.99999975e-06
test_08350,0.93226999
test_08351,1
test_08352,0
test_08353,0.999989986
test_08354,0
test_08355,0.71875
test_08356,0.329490006
test_08357,0
test_08358,0.995280027
test_08359,0.888209999
test_08360,0.997990012
test_08361,0.999939978
test_08362,1.99999995e-05
test_08363,0.999629974
test_08364,0.000310000003
test_08365,0
test_08366,0.170719996
test_08367,0.999989986
test_08368,0.99792999
test_08369,0.000549999997
test_08370,0.999819994
test_08371,9.99999975e-06
test_08372,0
test_08373,0.996460021
test_08374,1
test_08375,9.00000014e-05
test_08376,1
test_08377,0.997870028
test_08378,0.884410024
test_08379,1
test_08380,1
test_08381,0.400460005
test_08382,0.999740005
test_08383,0.0041100001
test_08384,0
test_08385,0.000169999999
test_08386,0
test_08387,0.000809999998
test_08388,0
test_08389,0.999459982
test_08390,3.9999999e-05
test_08391,0.412970006
test_08392,0.877189994
test_08393,0.999769986
test_08394,5.99999985e-05
test_08395,0.157820001
test_08396,9.99999975e-06
test_08397,0.0100400001
test_08398,0.999979973
test_08399,0
test_08400,0
test_08401,0.00129000004
test_08402,0
test_08403,0.242650002
test_08404,0.995840013
test_08405,0.162440002
test_08406,0.00066000002
test_08407,1
test_08408,0.951600015
test_08409,0
test_08410,0.770860016
test_08411,1
test_08412,1
test_08413,0
test_08414,0
test_08415,3.9999999e-05
test_08416,0.999819994
test_08417,0.931280017
test_08418,0.955900013
test_08419,0
test_08420,0.0123100001
test_08421,0.821389973
test_08422,0.999840021
test_08423,1
test_08424,0.342839986
test_08425,0.00469999993
test_08426,0.00316999992
test_08427,0.999779999
test_08428,0.999989986
test_08429,0.000140000004
test_08430,0.999279976
test_08431,0.00749000022
test_08432,0.136840001
test_08433,0.983020008
test_08434,0.999949992
test_08435,0
test_08436,0.999859989
test_08437,9.99999975e-06
test_08438,0.999970019
test_08439,0.144930005
test_08440,0.999989986
test_08441,0.0382600017
test_08442,0.97931999
test_08443,1.99999995e-05
test_08444,0
test_08445,0.997560024
test_08446,1.99999995e-05
test_08447,0.000110000001
test_08448,0.605180025
test_08449,0.999979973
test_08450,0.886150002
test_08451,0.206049994
test_08452,0.113090001
test_08453,0.000230000005
test_08454,0.0936700031
test_08455,0.00039999999
test_08456,0.999090016
test_08457,0.99980998
test_08458,0.00266
test_08459,0.396380007
test_08460,1
test_08461,0.00321
test_08462,0
test_08463,0.99831003
test_08464,0.000479999988
test_08465,1
test_08466,0.00255000009
test_08467,0.000140000004
test_08468,1
test_08469,0.00536999991
test_08470,9.99999975e-06
test_08471,0
test_08472,0.999979973
test_08473,0.00144000002
test_08474,1
test_08475,0.00724999979
test_08476,1
test_08477,1
test_08478,0.856209993
test_08479,0.214699998
test_08480,0.000380000012
test_08481,0.088849999
test_08482,1
test_08483,0.0287500005
test_08484,0.178179994
test_08485,0.994440019
test_08486,0.323049992
test_08487,0.00260000001
test_08488,0.15185
test_08489,0.0737299994
test_08490,0.428030014
test_08491,0.999329984
test_08492,1
test_08493,0.996980011
test_08494,0.155939996
test_08495,0.561850011
test_08496,0.0262599997
test_08497,0.95668
test_08498,0
test_08499,0.246800005
test_08500,0.729719996
test_08501,0.00230000005
test_08502,0.99980998
test_08503,2.99999992e-05
test_08504,0.164189994
test_08505,0
test_08506,0.978460014
test_08507,4.99999987e-05
test_08508,1
test_08509,0.925930023
test_08510,1
test_08511,0.00124999997
test_08512,0.999859989
test_08513,0.999989986
test_08514,9.99999975e-05
test_08515,0.999989986
test_08516,1
test_08517,0.991450012
test_08518,0.962800026
test_08519,0.999880016
test_08520,0.000110000001
test_08521,0
test_08522,4.99999987e-05
test_08523,0
test_08524,0
test_08525,0.999949992
test_08526,0
test_08527,0
test_08528,9.99999975e-06
test_08529,0.999930024
test_08530,0
test_08531,0.815970004
test_08532,0.416159987
test_08533,0.125100002
test_08534,0.0138100004
test_08535,1
test_08536,9.99999975e-06
test_08537,0.0134399999
test_08538,0.147019997
test_08539,0.999289989
test_08540,1
test_08541,0
test_08542,0.996119976
test_08543,4.99999987e-05
test_08544,0.999369979
test_08545,0.988619983
test_08546,0.896730006
test_08547,1
test_08548,0.0347799994
test_08549,0.000110000001
test_08550,0.997870028
test_08551,0.999970019
test_08552,0.907310009
test_08553,1
test_08554,0
test_08555,0.996159971
test_08556,0
test_08557,0.00408999994
test_08558,0.26433
test_08559,1
test_08560,0.648599982
test_08561,1
test_08562,0.725799978
test_08563,1.99999995e-05
test_08564,0
test_08565,1
test_08566,0.990310013
test_08567,2.99999992e-05
test_08568,0.00033000001
test_08569,9.00000014e-05
test_08570,0.0231599994
test_08571,0.00124999997
test_08572,0.844519973
test_08573,0.999549985
test_08574,0
test_08575,0.936450005
test_08576,0.602630019
test_08577,0.999149978
test_08578,0
test_08579,0.999989986
test_08580,0.998700023
test_08581,1
test_08582,0.00378999999
test_08583,0.00129000004
test_08584,0.113559999
test_08585,0.00803000014
test_08586,0.722769976
test_08587,0.0798899978
test_08588,0.224930003
test_08589,0.958220005
test_08590,0.852410018
test_08591,0
test_08592,0.982089996
test_08593,0
test_08594,0.335660011
test_08595,0.0526800007
test_08596,0.995729983
test_08597,0.999710023
test_08598,0.982840002
test_08599,0.235200003
test_08600,1
test_08601,1
test_08602,0.999960005
test_08603,0.999979973
test_08604,0.999580026
test_08605,0.00313000008
test_08606,0.999970019
test_08607,1
test_08608,0.999899983
test_08609,0.00138000003
test_08610,0.924440026
test_08611,0
test_08612,1
test_08613,0.043159999
test_08614,0.999629974
test_08615,0.124779999
test_08616,1
test_08617,0.000239999994
test_08618,3.9999999e-05
test_08619,1
test_08620,0.968190014
test_08621,1
test_08622,0.981530011
test_08623,4.99999987e-05
test_08624,0.932380021
test_08625,0.97062999
test_08626,0.000280000007
test_08627,0
test_08628,0.985769987
test_08629,0.00522000017
test_08630,0.996089995
test_08631,0.3389
test_08632,0
test_08633,1
test_08634,1
test_08635,0.987320006
test_08636,0.140780002
test_08637,0.999989986
test_08638,0.999010026
test_08639,9.99999975e-06
test_08640,0.140159994
test_08641,0.997489989
test_08642,0.999989986
test_08643,0
test_08644,1
test_08645,0
test_08646,0.162300006
test_08647,9.99999975e-06
test_08648,0
test_08649,0.999450028
test_08650,0.999989986
test_08651,0.999830008
test_08652,0.878239989
test_08653,0.999920011
test_08654,0.00156
test_08655,0.874979973
test_08656,0.0433100015
test_08657,0.999960005
test_08658,0.994449973
test_08659,0.000869999989
test_08660,0.264589995
test_08661,0.410490006
test_08662,0
test_08663,0
test_08664,0
test_08665,0.0124000004
test_08666,0.999710023
test_08667,0.999920011
test_08668,0.0145300003
test_08669,1
test_08670,0.136720002
test_08671,0.0632800013
test_08672,1
test_08673,1
test_08674,1
test_08675,5.99999985e-05
test_08676,0.998139977
test_08677,0.999440014
test_08678,0.999199986
test_08679,0.977190018
test_08680,1
test_08681,9.99999975e-06
test_08682,0.282110006
test_08683,0.991829991
test_08684,0.0978100002
test_08685,0.0503100008
test_08686,0.999960005
test_08687,0
test_08688,0.915970027
test_08689,1
test_08690,0.00994999986
test_08691,0.999949992
test_08692,0.999989986
test_08693,0.510890007
test_08694,0.000339999999
test_08695,0.198949993
test_08696,0.0305700004
test_08697,0.000289999996
test_08698,0.999909997
test_08699,0.67385
test_08700,0.999989986
test_08701,1
test_08702,0
test_08703,0.0179399997
test_08704,0
test_08705,0.118960001
test_08706,0.000190000006
test_08707,0.999480009
test_08708,0.990920007
test_08709,0.61631
test_08710,0
test_08711,0.998920023
test_08712,0
test_08713,0.963230014
test_08714,0.611800015
test_08715,0.000180000003
test_08716,1
test_08717,0.98119998
test_08718,1.99999995e-05
test_08719,0.269910008
test_08720,0.998260021
test_08721,0.988839984
test_08722,0.998579979
test_08723,0.904269993
test_08724,0.00162999996
test_08725,1
test_08726,1
test_08727,0.574440002
test_08728,0
test_08729,0.0469699986
test_08730,0.0565200001
test_08731,0.848500013
test_08732,0.0234200004
test_08733,0
test_08734,0.995630026
test_08735,0
test_08736,1
test_08737,0
test_08738,0.716350019
test_08739,0.0766000003
test_08740,0.998780012
test_08741,0.00356999994
test_08742,0.987119973
test_08743,0
test_08744,0.991029978
test_08745,0.997950017
test_08746,0.000119999997
test_08747,0.999670029
test_08748,3.9999999e-05
test_08749,0.000469999999
test_08750,0.998269975
test_08751,0.00173000002
test_08752,0.000739999989
test_08753,0.384110004
test_08754,0
test_08755,0.996079981
test_08756,0.999010026
test_08757,1
test_08758,9.99999975e-05
test_08759,9.99999975e-05
test_08760,0
test_08761,0.0772600025
test_08762,0.092869997
test_08763,0.0212200005
test_08764,0.386909992
test_08765,0.000590000011
test_08766,0.999960005
test_08767,0.0469500013
test_08768,1
test_08769,0.540030003
test_08770,1
test_08771,0
test_08772,0.000150000007
test_08773,4.99999987e-05
test_08774,0
test_08775,0.999670029
test_08776,0.999979973
test_08777,0
test_08778,1
test_08779,0.99958998
test_08780,0.983699977
test_08781,0.971340001
test_08782,0.0138699999
test_08783,1
test_08784,0.44205001
test_08785,0.435099989
test_08786,0.837710023
test_08787,0.988900006
test_08788,0.526250005
test_08789,0.681039989
test_08790,0.000190000006
test_08791,1.99999995e-05
test_08792,0.00966999959
test_08793,0.000969999994
test_08794,0.434329987
test_08795,0.999960005
test_08796,1
test_08797,0.441170007
test_08798,0.45017001
test_08799,1
test_08800,0.997259974
test_08801,1
test_08802,0.611069977
test_08803,1
test_08804,0.0151000004
test_08805,1
test_08806,0.991289973
test_08807,0.00706999982
test_08808,0.999979973
test_08809,1
test_08810,3.9999999e-05
test_08811,1
test_08812,0.0242100004
test_08813,0.999979973
test_08814,9.99999975e-05
test_08815,0
test_08816,0
test_08817,0.999059975
test_08818,0.186900005
test_08819,0.999750018
test_08820,0.999949992
test_08821,0.0449399985
test_08822,0.983500004
test_08823,0.00972000044
test_08824,0
test_08825,1
test_08826,0
test_08827,0.999549985
test_08828,1
test_08829,0.0480599999
test_08830,0.998049974
test_08831,0.927730024
test_08832,0
test_08833,1
test_08834,0.999939978
test_08835,0.577750027
test_08836,0.568539977
test_08837,0.00839000009
test_08838,0.999830008
test_08839,0.893369973
test_08840,0.965020001
test_08841,0.999939978
test_08842,9.99999975e-06
test_08843,0.983110011
test_08844,0.836539984
test_08845,0
test_08846,0.99842
test_08847,0.990960002
test_08848,0.239460006
test_08849,9.99999975e-06
test_08850,0.763759971
test_08851,0
test_08852,0.0411400013
test_08853,0.999890029
test_08854,0.737160027
test_08855,0.868300021
test_08856,0.999199986
test_08857,0.997579992
test_08858,0.933650017
test_08859,0.00774999987
test_08860,0.999970019
test_08861,0.999800026
test_08862,0.000110000001
test_08863,0.000490000006
test_08864,0.101970002
test_08865,0.000110000001
test_08866,0.892750025
test_08867,0.939209998
test_08868,0
test_08869,0.170120001
test_08870,0.971620023
test_08871,1
test_08872,0.817510009
test_08873,1
test_08874,4.99999987e-05
test_08875,0.999930024
test_08876,1
test_08877,0.996200025
test_08878,0.999319971
test_08879,0.919990003
test_08880,0.817309976
test_08881,1
test_08882,0.104829997
test_08883,0.137189999
test_08884,0.998650014
test_08885,1.99999995e-05
test_08886,0
test_08887,7.00000019e-05
test_08888,0.0389200002
test_08889,1
test_08890,0.901350021
test_08891,0.134650007
test_08892,0.265700012
test_08893,0.000140000004
test_08894,0.999490023
test_08895,0.853999972
test_08896,1
test_08897,0
test_08898,0.370819986
test_08899,0
test_08900,0.999930024
test_08901,0.999960005
test_08902,0.945729971
test_08903,0.687290013
test_08904,0.999979973
test_08905,0.997789979
test_08906,0.999989986
test_08907,0.999740005
test_08908,0.96825999
test_08909,0.949829996
test_08910,0
test_08911,0.999909997
test_08912,0
test_08913,9.99999975e-06
test_08914,9.00000014e-05
test_08915,0.787919998
test_08916,0.999849975
test_08917,0.920629978
test_08918,0.999239981
test_08919,0.977880001
test_08920,0
test_08921,0.655330002
test_08922,0.00954
test_08923,0.999949992
test_08924,1
test_08925,0.998560011
test_08926,0
test_08927,0.00066000002
test_08928,0.000190000006
test_08929,0.999899983
test_08930,0.999949992
test_08931,0.0866699964
test_08932,0.765879989
test_08933,0.106810004
test_08934,0.576049984
test_08935,1
test_08936,0.980459988
test_08937,0.999909997
test_08938,1
test_08939,0
test_08940,0
test_08941,0.989300013
test_08942,0.113609999
test_08943,0.999670029
test_08944,1
test_08945,0.999949992
test_08946,0.00092999998
test_08947,0.314850003
test_08948,1
test_08949,0.00653999997
test_08950,0
test_08951,0.999960005
test_08952,0.694140017
test_08953,0.998139977
test_08954,0.994090021
test_08955,0.999989986
test_08956,0.108269997
test_08957,0
test_08958,0
test_08959,0.93866998
test_08960,0.986670017
test_08961,9.99999975e-06
test_08962,0.468230009
test_08963,9.00000014e-05
test_08964,9.99999975e-06
test_08965,0.000180000003
test_08966,0.999939978
test_08967,0.0507900007
test_08968,0.0949100032
test_08969,4.99999987e-05
test_08970,1
test_08971,0
test_08972,0
test_08973,0.99980998
test_08974,0.594850004
test_08975,0.0916299969
test_08976,0
test_08977,0.905179977
test_08978,0.593379974
test_08979,0.0131000001
test_08980,0.84653002
test_08981,1
test_08982,0.999880016
test_08983,0.342739999
test_08984,0.0859000012
test_08985,0
test_08986,1
test_08987,9.99999975e-06
test_08988,0.0049399999
test_08989,0.999949992
test_08990,0
test_08991,0
test_08992,9.00000014e-05
test_08993,0.0159399994
test_08994,0.999989986
test_08995,7.00000019e-05
test_08996,0.999949992
test_08997,0.0320199989
test_08998,0.386110008
test_08999,0.943449974
test_09000,1
test_09001,0.970220029
test_09002,9.99999975e-06
test_09003,0.983619988
test_09004,0.210270002
test_09005,1
test_09006,0.997770011
test_09007,0.0234099999
test_09008,0.000859999971
test_09009,0.99879998
test_09010,0.959990025
test_09011,0
test_09012,1
test_09013,0.999949992
test_09014,0
test_09015,0.823329985
test_09016,0.995930016
test_09017,0.999920011
test_09018,1
test_09019,0.686179996
test_09020,0.0221699998
test_09021,0.995980024
test_09022,0.999979973
test_09023,0.0354099981
test_09024,0.370609999
test_09025,1
test_09026,0.999710023
test_09027,0.0209299996
test_09028,0.998369992
test_09029,0
test_09030,0.999989986
test_09031,3.9999999e-05
test_09032,0.999970019
test_09033,0.988709986
test_09034,0
test_09035,0.00214
test_09036,5.99999985e-05
test_09037,0.98605001
test_09038,0
test_09039,0.00530999992
test_09040,0.997489989
test_09041,9.99999975e-06
test_09042,1
test_09043,0.18558
test_09044,0.0337399989
test_09045,0.0131200003
test_09046,0.999719977
test_09047,0.548409998
test_09048,0.00216999999
test_09049,1
test_09050,0.102899998
test_09051,0.834609985
test_09052,0.999989986
test_09053,0.991710007
test_09054,0.0328699984
test_09055,0.125560001
test_09056,0
test_09057,9.00000014e-05
test_09058,0.0022499999
test_09059,7.00000019e-05
test_09060,1
test_09061,0
test_09062,0.402209997
test_09063,0.999430001
test_09064,0.000679999997
test_09065,0.998749971
test_09066,0.224629998
test_09067,0.999350011
test_09068,1.99999995e-05
test_09069,0.00182999996
test_09070,0
test_09071,0.999949992
test_09072,0.997889996
test_09073,1
test_09074,0.205850005
test_09075,0.999949992
test_09076,0.0227899998
test_09077,1
test_09078,0.999970019
test_09079,0.995140016
test_09080,0.999920011
test_09081,0.693759978
test_09082,0
test_09083,0.989189982
test_09084,0
test_09085,0.965939999
test_09086,0.999909997
test_09087,9.99999975e-06
test_09088,4.99999987e-05
test_09089,0.999559999
test_09090,0.0112399999
test_09091,0.000199999995
test_09092,0
test_09093,0.000769999984
test_09094,0.998849988
test_09095,1
test_09096,0
test_09097,0.0118399998
test_09098,1
test_09099,0.0412500016
test_09100,0.661469996
test_09101,0.999170005
test_09102,0.0411400013
test_09103,0
test_09104,0.999970019
test_09105,0.814520001
test_09106,0.999329984
test_09107,0
test_09108,0.999859989
test_09109,9.99999975e-06
test_09110,0.0497200005
test_09111,1
test_09112,0.370110005
test_09113,0.999939978
test_09114,0
test_09115,0.00026999999
test_09116,0.989690006
test_09117,0
test_09118,1
test_09119,0.00474999985
test_09120,0.999909997
test_09121,0.999459982
test_09122,1
test_09123,0
test_09124,0.83494997
test_09125,0.999899983
test_09126,0
test_09127,0.999329984
test_09128,0.00196000002
test_09129,0.00215000007
test_09130,0
test_09131,0.000549999997
test_09132,0.0709500015
test_09133,0.000950000016
test_09134,0
test_09135,0.993049979
test_09136,1
test_09137,1
test_09138,0.980690002
test_09139,0.250409991
test_09140,0.999960005
test_09141,0.435380012
test_09142,0
test_09143,0.0548500009
test_09144,1
test_09145,0.999989986
test_09146,4.99999987e-05
test_09147,0.998860002
test_09148,0
test_09149,0.0110499999
test_09150,0
test_09151,9.00000014e-05
test_09152,0.0875099972
test_09153,0.813049972
test_09154,0.947309971
test_09155,0.702570021
test_09156,0.150419995
test_09157,0
test_09158,0.963850021
test_09159,0.539870024
test_09160,0.999270022
test_09161,1
test_09162,0
test_09163,1
test_09164,0.986429989
test_09165,2.99999992e-05
test_09166,0.593209982
test_09167,0.0163700003
test_09168,1
test_09169,0.999989986
test_09170,0.561039984
test_09171,0.00478000008
test_09172,0.999970019
test_09173,0.998969972
test_09174,0.330760002
test_09175,0
test_09176,0.000989999971
test_09177,0.998340011
test_09178,0.998000026
test_09179,0.302929997
test_09180,7.00000019e-05
test_09181,0.000490000006
test_09182,1
test_09183,5.99999985e-05
test_09184,0
test_09185,0.761250019
test_09186,0.900150001
test_09187,0.998539984
test_09188,0.577040017
test_09189,0.0322099999
test_09190,1
test_09191,0.978630006
test_09192,0
test_09193,1
test_09194,0.109080002
test_09195,1
test_09196,1
test_09197,0.105509996
test_09198,0.000469999999
test_09199,0.998510003
test_09200,0
test_09201,0.0141099999
test_09202,0.428259999
test_09203,1
test_09204,0.999909997
test_09205,0.308090001
test_09206,0.998030007
test_09207,0
test_09208,0.962000012
test_09209,0
test_09210,0.670629978
test_09211,0.863900006
test_09212,0
test_09213,1
test_09214,0.971109986
test_09215,0.999920011
test_09216,0
test_09217,0.208389997
test_09218,0.999930024
test_09219,0.999899983
test_09220,0.999859989
test_09221,0.977230012
test_09222,0.0408900008
test_09223,0.805100024
test_09224,0.999890029
test_09225,0.995130002
test_09226,0.999960005
test_09227,0
test_09228,0
test_09229,0.85255003
test_09230,0.993589997
test_09231,0.0118800001
test_09232,0.0249000005
test_09233,0
test_09234,0.981840014
test_09235,0
test_09236,0
test_09237,0.992049992
test_09238,1
test_09239,0.815140009
test_09240,0.0022499999
test_09241,7.00000019e-05
test_09242,0.999580026
test_09243,0.00939999986
test_09244,0.102849998
test_09245,0.999989986
test_09246,0.999920011
test_09247,0.000839999993
test_09248,0.999830008
test_09249,0.999989986
test_09250,0.000500000024
test_09251,0.000119999997
test_09252,0
test_09253,1
test_09254,0.804840028
test_09255,0.99950999
test_09256,1
test_09257,0.00590999983
test_09258,0.733089983
test_09259,0.999989986
test_09260,0
test_09261,0.00242000003
test_09262,0.998790026
test_09263,0.465680003
test_09264,0.0464299992
test_09265,0.64418
test_09266,0.999790013
test_09267,0.956780016
test_09268,0.955309987
test_09269,0.950469971
test_09270,0
test_09271,0.999949992
test_09272,0.998899996
test_09273,1
test_09274,0.647319973
test_09275,0
test_09276,0.000859999971
test_09277,1
test_09278,0.818769991
test_09279,0
test_09280,0.00132000004
test_09281,0.0183600001
test_09282,0.000119999997
test_09283,2.99999992e-05
test_09284,0.996959984
test_09285,0.177670002
test_09286,9.99999975e-06
test_09287,0.999930024
test_09288,0.962159991
test_09289,0.739950001
test_09290,0
test_09291,0.999979973
test_09292,0.999979973
test_09293,0.00162999996
test_09294,0
test_09295,0
test_09296,0
test_09297,0.625699997
test_09298,0.000310000003
test_09299,0
test_09300,0.0568699986
test_09301,0
test_09302,0.995630026
test_09303,0.395179987
test_09304,0.306080014
test_09305,0.00457999995
test_09306,0
test_09307,0.0621600002
test_09308,0
test_09309,1
test_09310,1
test_09311,0.849730015
test_09312,0.916549981
test_09313,0.985050023
test_09314,0
test_09315,0.0122499997
test_09316,0.602800012
test_09317,1
test_09318,0.996909976
test_09319,0.928340018
test_09320,0.996159971
test_09321,0.332529992
test_09322,0.984600008
test_09323,0.999899983
test_09324,0.221550003
test_09325,1
test_09326,0.858640015
test_09327,0.0187599994
test_09328,0.969889998
test_09329,0.111749999
test_09330,0.000339999999
test_09331,1
test_09332,0
test_09333,0.263779998
test_09334,0.999989986
test_09335,0.0131299999
test_09336,0
test_09337,0.771499991
test_09338,0.0892200023
test_09339,9.99999975e-05
test_09340,0.000180000003
test_09341,0
test_09342,0.0741700009
test_09343,0
test_09344,1
test_09345,0.284339994
test_09346,0.975870013
test_09347,3.9999999e-05
test_09348,0.999010026
test_09349,9.99999975e-06
test_09350,1
test_09351,1
test_09352,9.99999975e-06
test_09353,1.99999995e-05
test_09354,0.99962002
test_09355,0.999880016
test_09356,0.999989986
test_09357,0.865869999
test_09358,0.13628
test_09359,0
test_09360,0.530250013
test_09361,0.0256900005
test_09362,3.9999999e-05
test_09363,0.0100400001
test_09364,9.99999975e-05
test_09365,0
test_09366,0.999949992
test_09367,0.585229993
test_09368,4.99999987e-05
test_09369,0.059390001
test_09370,0
test_09371,0.00954
test_09372,1
test_09373,0
test_09374,1
test_09375,0.00706999982
test_09376,0
test_09377,0.71973002
test_09378,0.76056999
test_09379,1
test_09380,0.00152000005
test_09381,0.999989986
test_09382,1
test_09383,0.555540025
test_09384,0.000289999996
test_09385,1
test_09386,0.987129986
test_09387,1
test_09388,0.0788599998
test_09389,0.826799989
test_09390,1
test_09391,0.00135000004
test_09392,0
test_09393,0.475459993
test_09394,0.757279992
test_09395,0.042059999
test_09396,1
test_09397,0.10746
test_09398,0.473459989
test_09399,0.0591400005
test_09400,0.999369979
test_09401,0.965950012
test_09402,0.999769986
test_09403,3.9999999e-05
test_09404,0.982919991
test_09405,0.429040015
test_09406,0.999629974
test_09407,0.9023
test_09408,0.912440002
test_09409,0.261460006
test_09410,1
test_09411,1
test_09412,0.996670008
test_09413,0.999759972
test_09414,0
test_09415,0.106339999
test_09416,1
test_09417,0
test_09418,1
test_09419,0.722450018
test_09420,1
test_09421,0.00101000001
test_09422,0.0013
test_09423,0.146329999
test_09424,0.997009993
test_09425,0
test_09426,0.00212999992
test_09427,0
test_09428,0
test_09429,0.998019993
test_09430,0.999289989
test_09431,0.999559999
test_09432,0
test_09433,0.915600002
test_09434,0.999989986
test_09435,0.279309988
test_09436,0.00680000009
test_09437,0.00188999996
test_09438,0.998690009
test_09439,0.711149991
test_09440,0.996219993
test_09441,0.510070026
test_09442,0
test_09443,1
test_09444,0.999580026
test_09445,0.627709985
test_09446,0.0533600003
test_09447,0.04947
test_09448,0.999289989
test_09449,0.515900016
test_09450,0.999930024
test_09451,0.980040014
test_09452,0.999930024
test_09453,0.999989986
test_09454,0.0158799998
test_09455,1
test_09456,1
test_09457,9.99999975e-06
test_09458,9.99999975e-06
test_09459,0.999170005
test_09460,0.999930024
test_09461,0.999859989
test_09462,0.0171399992
test_09463,0.01547
test_09464,0.998470008
test_09465,0.999360025
test_09466,0
test_09467,0.999819994
test_09468,0.98980999
test_09469,0.247700006
test_09470,0.999930024
test_09471,0.232170001
test_09472,1
test_09473,0
test_09474,0.48973
test_09475,0.999920011
test_09476,0.998709977
test_09477,0.0637400001
test_09478,0
test_09479,0.999469995
test_09480,2.99999992e-05
test_09481,0
test_09482,4.99999987e-05
test_09483,0.998969972
test_09484,0.98435998
test_09485,7.9999998e-05
test_09486,0.996200025
test_09487,0.999729991
test_09488,0
test_09489,1
test_09490,9.99999975e-06
test_09491,0.0301300008
test_09492,1
test_09493,0.000209999998
test_09494,0.837469995
test_09495,0.631600022
test_09496,9.00000014e-05
test_09497,0
test_09498,0.99950999
test_09499,0.0262100007
test_09500,1
test_09501,0.999830008
test_09502,0.285930008
test_09503,0.960030019
test_09504,0.902079999
test_09505,0.999859989
test_09506,0.0712499991
test_09507,0.999979973
test_09508,1
test_09509,0
test_09510,0.850610018
test_09511,0
test_09512,0
test_09513,0.20273
test_09514,1
test_09515,2.99999992e-05
test_09516,0.0816100016
test_09517,0.767750025
test_09518,0
test_09519,0.999989986
test_09520,0.788420022
test_09521,1
test_09522,0.974699974
test_09523,0
test_09524,0.999650002
test_09525,1
test_09526,0.999830008
test_09527,0.0369900018
test_09528,0
test_09529,1
test_09530,0.848839998
test_09531,0.00176000001
test_09532,0
test_09533,0.993770003
test_09534,0.824980021
test_09535,0
test_09536,0
test_09537,1
test_09538,0.000220000002
test_09539,0.995019972
test_09540,2.99999992e-05
test_09541,9.99999975e-06
test_09542,0
test_09543,0.998839974
test_09544,0.0744199976
test_09545,0.99691999
test_09546,0
test_09547,0
test_09548,0
test_09549,0.894460022
test_09550,0
test_09551,0.02159
test_09552,0.0352700017
test_09553,0.416590005
test_09554,0.000469999999
test_09555,0
test_09556,0.700680017
test_09557,0.00679000001
test_09558,0.995389998
test_09559,0.999260008
test_09560,0.0457100011
test_09561,0.000969999994
test_09562,1
test_09563,0.00742000015
test_09564,0.999989986
test_09565,1
test_09566,0.00092999998
test_09567,0.999960005
test_09568,0.993189991
test_09569,0.00227000006
test_09570,0
test_09571,0.175479993
test_09572,0.650579989
test_09573,0.945179999
test_09574,0.999989986
test_09575,0.993040025
test_09576,0.100189999
test_09577,0
test_09578,0.00100000005
test_09579,0.999840021
test_09580,0.38955
test_09581,0.985889971
test_09582,0.998790026
test_09583,0
test_09584,1
test_09585,0.58822
test_09586,0.904519975
test_09587,0
test_09588,1
test_09589,1
test_09590,0.999989986
test_09591,0.999989986
test_09592,0.999960005
test_09593,0.000600000028
test_09594,1
test_09595,0.972819984
test_09596,0.999870002
test_09597,1
test_09598,0.904770017
test_09599,0.000110000001
test_09600,3.9999999e-05
test_09601,0.965269983
test_09602,0.0604300015
test_09603,0.0242199991
test_09604,0
test_09605,0.54016
test_09606,0.847119987
test_09607,0.992690027
test_09608,0.00026999999
test_09609,0.696749985
test_09610,0.950580001
test_09611,0.256119996
test_09612,0.999989986
test_09613,0.165409997
test_09614,0.274210006
test_09615,0.000980000012
test_09616,0
test_09617,0.999930024
test_09618,0.755879998
test_09619,5.99999985e-05
test_09620,1
test_09621,1
test_09622,0
test_09623,0.999949992
test_09624,0.00488999998
test_09625,0.999970019
test_09626,0.999989986
test_09627,0.00113999995
test_09628,0.0114399996
test_09629,0.998199999
test_09630,1
test_09631,0
test_09632,2.99999992e-05
test_09633,1
test_09634,0.0147200003
test_09635,0.0771600008
test_09636,0
test_09637,0.28538999
test_09638,0.00846999977
test_09639,0.577390015
test_09640,0.000419999997
test_09641,0
test_09642,0.00968000013
test_09643,0.12929
test_09644,0.000520000001
test_09645,0.0785999969
test_09646,0
test_09647,0.0198999997
test_09648,0.00551000005
test_09649,0
test_09650,0
test_09651,5.99999985e-05
test_09652,0.864049971
test_09653,0.984950006
test_09654,0
test_09655,0.998470008
test_09656,0.999989986
test_09657,5.99999985e-05
test_09658,0.00013
test_09659,0.890309989
test_09660,0.99733001
test_09661,1
test_09662,0.944850028
test_09663,1
test_09664,0.997609973
test_09665,0.0135599999
test_09666,0.0132200001
test_09667,0
test_09668,9.99999975e-05
test_09669,1
test_09670,0
test_09671,0.00179999997
test_09672,0.68088001
test_09673,0.000119999997
test_09674,0.000190000006
test_09675,1.99999995e-05
test_09676,0.999930024
test_09677,0.268480003
test_09678,1
test_09679,0
test_09680,0.99958998
test_09681,0.243049994
test_09682,0.191330001
test_09683,0.0087799998
test_09684,0.241510004
test_09685,0.0166900009
test_09686,1.99999995e-05
test_09687,0.000140000004
test_09688,0.161050007
test_09689,0.375319988
test_09690,0.992850006
test_09691,0.999909997
test_09692,0.843020022
test_09693,0.673730016
test_09694,1
test_09695,0
test_09696,0.192809999
test_09697,0.996259987
test_09698,0.999979973
test_09699,0.00858999975
test_09700,0.999390006
test_09701,0.560850024
test_09702,0.999989986
test_09703,0.995840013
test_09704,0.997640014
test_09705,1
test_09706,0.00359000009
test_09707,1
test_09708,0.981280029
test_09709,0.000989999971
test_09710,0.0246399995
test_09711,0
test_09712,0
test_09713,0.999939978
test_09714,0.972920001
test_09715,0.000560000015
test_09716,0.509259999
test_09717,0.0516100004
test_09718,0.561569989
test_09719,0
test_09720,0.842369974
test_09721,0.176280007
test_09722,0.00013
test_09723,0.0382199995
test_09724,0.0737700015
test_09725,0.999779999
test_09726,0.0198800005
test_09727,1
test_09728,0
test_09729,0.975539982
test_09730,1
test_09731,0.0138600003
test_09732,0.447710007
test_09733,0.877629995
test_09734,0
test_09735,9.99999975e-06
test_09736,0
test_09737,0.999909997
test_09738,0.00620999979
test_09739,0.99703002
test_09740,0
test_09741,0.0813499987
test_09742,0
test_09743,0.99405998
test_09744,1
test_09745,0.995000005
test_09746,0.999859989
test_09747,1
test_09748,0.742009997
test_09749,1
test_09750,0.999989986
test_09751,0.993300021
test_09752,0.00958999991
test_09753,0.968020022
test_09754,0
test_09755,0.251700014
test_09756,0.32190001
test_09757,0.00176000001
test_09758,0.999949992
test_09759,0.937609971
test_09760,0
test_09761,0.000859999971
test_09762,3.9999999e-05
test_09763,0.975189984
test_09764,0.00242000003
test_09765,0
test_09766,0.000289999996
test_09767,0
test_09768,0.868719995
test_09769,0
test_09770,0
test_09771,0.72596997
test_09772,0.999880016
test_09773,0.999819994
test_09774,0.00292999996
test_09775,0
test_09776,0.141120002
test_09777,0.994780004
test_09778,0.203280002
test_09779,0.989650011
test_09780,0
test_09781,0.376859993
test_09782,1
test_09783,1
test_09784,0.00261999993
test_09785,0.998589993
test_09786,0
test_09787,0.971970022
test_09788,1
test_09789,0.0419999994
test_09790,0
test_09791,0.356869996
test_09792,0.0984899998
test_09793,0.172849998
test_09794,0.00231999997
test_09795,0.79610002
test_09796,0.196009994
test_09797,0.523450017
test_09798,1
test_09799,0.420630008
test_09800,0.99496001
test_09801,0.0100299995
test_09802,0.999970019
test_09803,0.988650024
test_09804,0.999419987
test_09805,0.999750018
test_09806,0.999989986
test_09807,1
test_09808,0.999090016
test_09809,0.00365000009
test_09810,1
test_09811,0.0035300001
test_09812,0.0269600004
test_09813,0.000159999996
test_09814,0.0803800002
test_09815,0
test_09816,0.900860012
test_09817,0.00233999989
test_09818,0.999920011
test_09819,0.999490023
test_09820,0.83721
test_09821,0
test_09822,0.999989986
test_09823,1
test_09824,1
test_09825,0.999580026
test_09826,0.999970019
test_09827,0.999650002
test_09828,0.999989986
test_09829,0.997229993
test_09830,1
test_09831,1
test_09832,0.00793999992
test_09833,1
test_09834,0.996140003
test_09835,0
test_09836,0.999989986
test_09837,0.999949992
test_09838,1
test_09839,0.997189999
test_09840,0.701020002
test_09841,0.999979973
test_09842,0.0101399999
test_09843,0
test_09844,2.99999992e-05
test_09845,0.999979973
test_09846,0.990769982
test_09847,0.105530001
test_09848,0.86838001
test_09849,1
test_09850,1
test_09851,0.96509999
test_09852,0.949329972
test_09853,0.992619991
test_09854,1
test_09855,0
test_09856,0
test_09857,0.998070002
test_09858,0.873950005
test_09859,5.99999985e-05
test_09860,0.000549999997
test_09861,0.999989986
test_09862,9.99999975e-06
test_09863,0.999979973
test_09864,0.923280001
test_09865,2.99999992e-05
test_09866,0.998650014
test_09867,0
test_09868,1
test_09869,1
test_09870,4.99999987e-05
test_09871,0
test_09872,0.641550004
test_09873,0.999989986
test_09874,0.00185999996
test_09875,1
test_09876,0.999679983
test_09877,0.000380000012
test_09878,7.9999998e-05
test_09879,1.99999995e-05
test_09880,0.000110000001
test_09881,1
test_09882,0.958150029
test_09883,0.000159999996
test_09884,0.913049996
test_09885,0.985629976
test_09886,0.999989986
test_09887,3.9999999e-05
test_09888,0
test_09889,1
test_09890,0
test_09891,0.00285000005
test_09892,1
test_09893,0.000110000001
test_09894,0.959540009
test_09895,0.01205
test_09896,7.00000019e-05
test_09897,0.99962002
test_09898,0.996890008
test_09899,0.953610003
test_09900,0
test_09901,2.99999992e-05
test_09902,0.970579982
test_09903,0.0383800007
test_09904,0
test_09905,0.999979973
test_09906,0.998130023
test_09907,0.999979973
test_09908,0
test_09909,0.893570006
test_09910,0
test_09911,0.995289981
test_09912,0.0233800001
test_09913,0.988659978
test_09914,0.0105699999
test_09915,9.99999975e-06
test_09916,0.735430002
test_09917,0
test_09918,0.000360000005
test_09919,0.807240009
test_09920,9.99999975e-06
test_09921,0.997870028
test_09922,0.148509994
test_09923,0.402469993
test_09924,0.999580026
test_09925,1
test_09926,1
test_09927,0.0431500003
test_09928,0.111809999
test_09929,0.995490015
test_09930,1
test_09931,0
test_09932,1
test_09933,0.778209984
test_09934,0.000500000024
test_09935,9.99999975e-06
test_09936,1
test_09937,0.999979973
test_09938,0.999329984
test_09939,4.99999987e-05
test_09940,0.567369998
test_09941,0.999989986
test_09942,0.992209971
test_09943,0.0367899984
test_09944,0.929639995
test_09945,1
test_09946,0
test_09947,0.999639988
test_09948,0.986609995
test_09949,0.332130015
test_09950,0
test_09951,1
test_09952,0.00524999993
test_09953,0.0605200008
test_09954,0.00221999991
test_09955,1.99999995e-05
test_09956,0.999960005
test_09957,0
test_09958,0.893469989
test_09959,0.564719975
test_09960,1
test_09961,0.997990012
test_09962,0.0671200007
test_09963,0.953599989
test_09964,9.99999975e-06
test_09965,0
test_09966,0.999979973
test_09967,0
test_09968,0.000250000012
test_09969,0.656930029
test_09970,0
test_09971,0.00141000003
test_09972,0.995100021
test_09973,0.121239997
test_09974,1
test_09975,0
test_09976,0.992299974
test_09977,0
test_09978,0.396180004
test_09979,0.943620026
test_09980,0.00243000011
test_09981,0.415619999
test_09982,1
test_09983,3.9999999e-05
test_09984,0
test_09985,0.000530000019
test_09986,0.999970019
test_09987,0.000159999996
test_09988,0.998929977
test_09989,1
test_09990,0.358579993
test_09991,1
test_09992,0.0672499985
test_09993,9.99999975e-06
test_09994,1
test_09995,1
test_09996,0.999949992
test_09997,0.00110999995
test_09998,0.0309900008
test_09999,1
test_10000,0.547429979
test_10001,0.999930024
test_10002,1
test_10003,1
test_10004,1
test_10005,0
test_10006,0.976559997
test_10007,0.999650002
test_10008,0.821049988
test_10009,0
test_10010,0.999100029
test_10011,0.0516100004
test_10012,0.00155000004
test_10013,0
test_10014,0
test_10015,0.000440000003
test_10016,0.999360025
test_10017,0.96833998
test_10018,0.997780025
test_10019,0.0363200009
test_10020,0
test_10021,0.000140000004
test_10022,1.99999995e-05
test_10023,0
test_10024,0.999979973
test_10025,0
test_10026,0.91772002
test_10027,0.00190999999
test_10028,0.0184000004
test_10029,0.994790018
test_10030,0.722829998
test_10031,0.00115999999
test_10032,0.000419999997
test_10033,0.00190999999
test_10034,0
test_10035,0.11197
test_10036,0
test_10037,1
test_10038,1
test_10039,0.0702700019
test_10040,0.3037
test_10041,0.996469975
test_10042,0.0863400027
test_10043,0.469220012
test_10044,0.0584799983
test_10045,0.00334000005
test_10046,1
test_10047,0.961399972
test_10048,0.0631100014
test_10049,0.999369979
test_10050,0.994430006
test_10051,0.552590013
test_10052,0.985239983
test_10053,0.00033000001
test_10054,0.935259998
test_10055,9.99999975e-06
test_10056,0.998960018
test_10057,0.939970016
test_10058,0.248569995
test_10059,0.74229002
test_10060,0.00730999978
test_10061,0.0346600004
test_10062,0
test_10063,1
test_10064,0
test_10065,0.000150000007
test_10066,0.999989986
test_10067,0.999939978
test_10068,0.984950006
test_10069,0.00853999984
test_10070,0.879329979
test_10071,0.999979973
test_10072,0
test_10073,0.978659987
test_10074,9.99999975e-05
test_10075,0.977500021
test_10076,0
test_10077,0.252939999
test_10078,0
test_10079,0.999779999
test_10080,0
test_10081,0.0013
test_10082,1
test_10083,1
test_10084,0.956759989
test_10085,0.0115999999
test_10086,0.962689996
test_10087,0.991330028
test_10088,0.069009997
test_10089,0.00066000002
test_10090,0.981480002
test_10091,1
test_10092,0.999920011
test_10093,0.999899983
test_10094,0.0106300004
test_10095,0.946020007
test_10096,0
test_10097,1
test_10098,0.000199999995
test_10099,0.819649994
test_10100,1
test_10101,0.472669989
test_10102,0
test_10103,0.000190000006
test_10104,0.999939978
test_10105,1
test_10106,1.99999995e-05
test_10107,0
test_10108,0.999800026
test_10109,0.0859400034
test_10110,0
test_10111,0.0607200004
test_10112,0
test_10113,0.876339972
test_10114,0.192870006
test_10115,0
test_10116,0
test_10117,0.05088
test_10118,1
test_10119,0.999970019
test_10120,0.716000021
test_10121,0.999960005
test_10122,0
test_10123,0.0279099997
test_10124,0.168420002
test_10125,9.99999975e-06
test_10126,1.99999995e-05
test_10127,0
test_10128,0.942040026
test_10129,0.991639972
test_10130,0.960730016
test_10131,0.0197700001
test_10132,4.99999987e-05
test_10133,0.000780000002
test_10134,0.000199999995
test_10135,9.00000014e-05
test_10136,4.99999987e-05
test_10137,0
test_10138,0.999989986
test_10139,0.0156500004
test_10140,0
test_10141,0.00502000004
test_10142,5.99999985e-05
test_10143,0.91839999
test_10144,0.642889977
test_10145,3.9999999e-05
test_10146,0.00138000003
test_10147,1
test_10148,0.97092998
test_10149,0.00322999991
test_10150,0.987540007
test_10151,0
test_10152,2.99999992e-05
test_10153,1
test_10154,0.999989986
test_10155,0.418489993
test_10156,0.999870002
test_10157,0.878589988
test_10158,0
test_10159,0.911960006
test_10160,0.999159992
test_10161,0.99970001
test_10162,0.772119999
test_10163,0.999639988
test_10164,5.99999985e-05
test_10165,0.00221000006
test_10166,1
test_10167,1
test_10168,0.999880016
test_10169,0.999989986
test_10170,4.99999987e-05
test_10171,9.00000014e-05
test_10172,0
test_10173,0.996659994
test_10174,1
test_10175,0.998430014
test_10176,0
test_10177,0
test_10178,0.00328999991
test_10179,0
test_10180,0.97992003
test_10181,1.99999995e-05
test_10182,0.999629974
test_10183,0
test_10184,0.695760012
test_10185,0.0209500007
test_10186,4.99999987e-05
test_10187,0.998860002
test_10188,0.999989986
test_10189,0.99980998
test_10190,0.999939978
test_10191,0.998260021
test_10192,0
test_10193,0.798500001
test_10194,0.0335199982
test_10195,0.915889978
test_10196,0
test_10197,0.986689985
test_10198,0
test_10199,0
test_10200,0.0670799986
test_10201,9.99999975e-06
test_10202,0.991720021
test_10203,0.978389978
test_10204,0
test_10205,0.00150000001
test_10206,0.351220012
test_10207,2.99999992e-05
test_10208,1
test_10209,1
test_10210,0.994430006
test_10211,0.00803999975
test_10212,1
test_10213,9.00000014e-05
test_10214,0.469859987
test_10215,0.00236999989
test_10216,0.999769986
test_10217,0.679180026
test_10218,0.998579979
test_10219,0.999800026
test_10220,0.98398
test_10221,0.589540005
test_10222,1
test_10223,0.421149999
test_10224,0.0914700031
test_10225,0.116120003
test_10226,0
test_10227,0.00671999995
test_10228,0.584339976
test_10229,0.0973199978
test_10230,0.331319988
test_10231,0.996519983
test_10232,0.999979973
test_10233,0.972959995
test_10234,0
test_10235,0.00805999991
test_10236,0.993499994
test_10237,0.124990001
test_10238,0
test_10239,0.26078999
test_10240,0.999960005
test_10241,0.563759983
test_10242,0.999480009
test_10243,0.999499977
test_10244,0.317209989
test_10245,0.697030008
test_10246,0.999140024
test_10247,0.988520026
test_10248,0.388960004
test_10249,9.99999975e-06
test_10250,0.536559999
test_10251,0.876330018
test_10252,0
test_10253,0.999939978
test_10254,9.99999975e-06
test_10255,0.000119999997
test_10256,3.9999999e-05
test_10257,0
test_10258,0.994989991
test_10259,0.0248700008
test_10260,0.117760003
test_10261,0.999679983
test_10262,0.00295000011
test_10263,1
test_10264,0.605170012
test_10265,0
test_10266,0.00039999999
test_10267,1
test_10268,0.999979973
test_10269,0.00118999998
test_10270,0.000630000024
test_10271,0.34920001
test_10272,0.00578999985
test_10273,0.837930024
test_10274,0.00162999996
test_10275,1
test_10276,1
test_10277,0.993860006
test_10278,0.000880000007
test_10279,0.0925899968
test_10280,0.271759987
test_10281,0.000449999992
test_10282,2.99999992e-05
test_10283,0
test_10284,0.979960024
test_10285,0.0085699996
test_10286,0.254480004
test_10287,0.938329995
test_10288,1
test_10289,0.726639986
test_10290,0.999979973
test_10291,0.999689996
test_10292,0.0273899995
test_10293,1
test_10294,0.0257399995
test_10295,0.999880016
test_10296,1
test_10297,0.076410003
test_10298,0
test_10299,0.00315
test_10300,0.00240000011
test_10301,0.000300000014
test_10302,1
test_10303,1
test_10304,0.860870004
test_10305,0.98980999
test_10306,0
test_10307,0
test_10308,0
test_10309,0.995700002
test_10310,0.0152899995
test_10311,0.0361200012
test_10312,0.00377000007
test_10313,0.474189997
test_10314,1
test_10315,1.99999995e-05
test_10316,1
test_10317,0
test_10318,0.966040015
test_10319,0.961579978
test_10320,0.999960005
test_10321,0.999779999
test_10322,0.000119999997
test_10323,9.99999975e-06
test_10324,0
test_10325,1
test_10326,1
test_10327,0.999859989
test_10328,0.760349989
test_10329,1
test_10330,0
test_10331,0.997730017
test_10332,1
test_10333,0.999899983
test_10334,0.974139988
test_10335,0
test_10336,0.99940002
test_10337,0.0392000005
test_10338,0.754289985
test_10339,0.999960005
test_10340,0.999899983
test_10341,0
test_10342,0.67110002
test_10343,0.965260029
test_10344,0.792219996
test_10345,0.00146000006
test_10346,0.99417001
test_10347,0.997049987
test_10348,0.999490023
test_10349,0.000410000008
test_10350,0.175319999
test_10351,0
test_10352,0
test_10353,0.00066000002
test_10354,1
test_10355,0.870620012
test_10356,0
test_10357,0.310710013
test_10358,1
test_10359,7.9999998e-05
test_10360,0.00343999988
test_10361,1
test_10362,0.999499977
test_10363,0.994920015
test_10364,0.999350011
test_10365,4.99999987e-05
test_10366,0
test_10367,0.192169994
test_10368,0.0768299997
test_10369,0.142330006
test_10370,0.585280001
test_10371,1
test_10372,0.00484000007
test_10373,0.999840021
test_10374,0
test_10375,0.998960018
test_10376,0.999930024
test_10377,5.99999985e-05
test_10378,0.00156999996
test_10379,0.00577000016
test_10380,1
test_10381,0.890470028
test_10382,1
test_10383,0.962840021
test_10384,0
test_10385,0.00039999999
test_10386,0.989820004
test_10387,1
test_10388,0
test_10389,0
test_10390,0.000169999999
test_10391,0.000239999994
test_10392,0.000890000025
test_10393,0
test_10394,0.01272
test_10395,0.966250002
test_10396,5.99999985e-05
test_10397,0.00558000011
test_10398,0.88075
test_10399,0
test_10400,1
test_10401,0.00026999999
test_10402,4.99999987e-05
test_10403,4.99999987e-05
test_10404,0.000650000002
test_10405,0.0127900001
test_10406,1
test_10407,1
test_10408,0.999989986
test_10409,0
test_10410,0
test_10411,0.959529996
test_10412,0
test_10413,0.0162000004
test_10414,9.99999975e-06
test_10415,0.999970019
test_10416,0.00297000003
test_10417,0.99980998
test_10418,0.75654
test_10419,1
test_10420,0.877619982
test_10421,0.47676
test_10422,0.0109599996
test_10423,1
test_10424,1
test_10425,0.277909994
test_10426,0.996150017
test_10427,0.999989986
test_10428,0.214320004
test_10429,0.858219981
test_10430,0
test_10431,0.289020002
test_10432,2.99999992e-05
test_10433,1
test_10434,1
test_10435,0.00130999996
test_10436,0.0802699998
test_10437,0.000220000002
test_10438,1
test_10439,0.104230002
test_10440,0
test_10441,0.805570006
test_10442,0.610790014
test_10443,1
test_10444,0.661949992
test_10445,0.987940013
test_10446,0.999610007
test_10447,1
test_10448,9.99999975e-06
test_10449,0.873809993
test_10450,0.982200027
test_10451,0.999379992
test_10452,0.00478000008
test_10453,0.877749979
test_10454,0.00728000002
test_10455,0
test_10456,1.99999995e-05
test_10457,1
test_10458,0.707910001
test_10459,0.398059994
test_10460,0.0101899998
test_10461,0.0239300001
test_10462,0.245670006
test_10463,0
test_10464,0.471060008
test_10465,0
test_10466,0.999989986
test_10467,1
test_10468,0.991169989
test_10469,0.00429000007
test_10470,0.999930024
test_10471,0.893169999
test_10472,1
test_10473,1
test_10474,1
test_10475,0.745850027
test_10476,0
test_10477,0.00255000009
test_10478,0
test_10479,1
test_10480,0.999960005
test_10481,0.0203799997
test_10482,0
test_10483,0.730340004
test_10484,0.335770011
test_10485,0
test_10486,0
test_10487,0.999750018
test_10488,0
test_10489,0.00066000002
test_10490,0.999989986
test_10491,0
test_10492,7.00000019e-05
test_10493,0.999970019
test_10494,0.000679999997
test_10495,1
test_10496,0
test_10497,0
test_10498,0
test_10499,0.993669987
test_10500,1
test_10501,9.99999975e-06
test_10502,0.709410012
test_10503,0.950999975
test_10504,0.37007001
test_10505,0.210899994
test_10506,1
test_10507,0.0103799999
test_10508,0.993579984
test_10509,0.993969977
test_10510,0.990790009
test_10511,0
test_10512,0
test_10513,1
test_10514,1
test_10515,0
test_10516,0.405200005
test_10517,0.989769995
test_10518,0.795539975
test_10519,0
test_10520,1
test_10521,0.999469995
test_10522,0.0887899995
test_10523,1
test_10524,0.999949992
test_10525,0.999989986
test_10526,0.992619991
test_10527,0.919380009
test_10528,0.996200025
test_10529,1
test_10530,7.9999998e-05
test_10531,1
test_10532,0.827560008
test_10533,1
test_10534,1.99999995e-05
test_10535,0.000339999999
test_10536,0.569190025
test_10537,0.9745
test_10538,3.9999999e-05
test_10539,0.999599993
test_10540,0.00343000004
test_10541,0
test_10542,0.995289981
test_10543,1
test_10544,0
test_10545,0.274260014
test_10546,1
test_10547,1
test_10548,0.0324099995
test_10549,0.995019972
test_10550,1
test_10551,0
test_10552,0.298420012
test_10553,1.99999995e-05
test_10554,1
test_10555,1
test_10556,0.645619988
test_10557,0.0114599997
test_10558,0
test_10559,0.999800026
test_10560,1
test_10561,0.0135000004
test_10562,0.999899983
test_10563,0.999989986
test_10564,1
test_10565,0.267650008
test_10566,0.999989986
test_10567,0.000440000003
test_10568,1
test_10569,0.0333600007
test_10570,0.835280001
test_10571,0.81418997
test_10572,1
test_10573,1
test_10574,0.247930005
test_10575,0.999979973
test_10576,0.999920011
test_10577,0.705519974
test_10578,0
test_10579,0.00399000011
test_10580,0.106339999
test_10581,0.997280002
test_10582,1
test_10583,0
test_10584,0.999689996
test_10585,9.99999975e-06
test_10586,0.00109000003
test_10587,0.204050004
test_10588,0.0159000009
test_10589,0.00104999996
test_10590,0.088030003
test_10591,0
test_10592,0
test_10593,1
test_10594,0.954649985
test_10595,0.914089978
test_10596,1
test_10597,0
test_10598,0.989199996
test_10599,0.980949998
test_10600,0
test_10601,0
test_10602,0.999729991
test_10603,0.974150002
test_10604,0.999549985
test_10605,0.999949992
test_10606,1
test_10607,0.785629988
test_10608,0.000429999985
test_10609,0.999979973
test_10610,0.00188
test_10611,0.998899996
test_10612,0.00494999997
test_10613,3.9999999e-05
test_10614,0.00101000001
test_10615,1
test_10616,1
test_10617,0.963509977
test_10618,1
test_10619,0.765619993
test_10620,0.999939978
test_10621,0.99921
test_10622,1
test_10623,0.980769992
test_10624,0.998449981
test_10625,0.679279983
test_10626,0
test_10627,0.936739981
test_10628,0.999530017
test_10629,0.342579991
test_10630,1
test_10631,0.217879996
test_10632,0.996869981
test_10633,1
test_10634,1
test_10635,0.0213900004
test_10636,1
test_10637,0.999790013
test_10638,0
test_10639,1
test_10640,1.99999995e-05
test_10641,1
test_10642,0.986769974
test_10643,0.884320021
test_10644,0.358150005
test_10645,0.00810999982
test_10646,0.01688
test_10647,0.221560001
test_10648,0.0295800008
test_10649,0.998170018
test_10650,0.93651998
test_10651,0.166830003
test_10652,0.000479999988
test_10653,1
test_10654,0.00877000019
test_10655,0.00240999996
test_10656,1
test_10657,0.26286
test_10658,1
test_10659,0.00147000002
test_10660,0.51888001
test_10661,0.875739992
test_10662,0.000110000001
test_10663,0.000609999988
test_10664,1
test_10665,0.586499989
test_10666,0.204030007
test_10667,0.719569981
test_10668,0.988810003
test_10669,0.0102899997
test_10670,0
test_10671,0.0539500006
test_10672,0
test_10673,0.0831900015
test_10674,0.138459995
test_10675,0.00079000002
test_10676,0.999949992
test_10677,0.999989986
test_10678,0.995500028
test_10679,0.84799999
test_10680,0.0217899997
test_10681,0.999960005
test_10682,0.999979973
test_10683,0.997099996
test_10684,9.99999975e-06
test_10685,0.00586999999
test_10686,1
test_10687,0.00944000017
test_10688,0.895399988
test_10689,0.00577999977
test_10690,0.999450028
test_10691,0.000380000012
test_10692,0.81655997
test_10693,0
test_10694,0.994780004
test_10695,0.999989986
test_10696,0.35699001
test_10697,0
test_10698,0.980759978
test_10699,0.999899983
test_10700,0
test_10701,0.999390006
test_10702,0
test_10703,0.00798000023
test_10704,3.9999999e-05
test_10705,0.984040022
test_10706,0.000140000004
test_10707,0.997780025
test_10708,1
test_10709,1
test_10710,0.999819994
test_10711,0.999979973
test_10712,0.999979973
test_10713,0
test_10714,0.990339994
test_10715,0.994930029
test_10716,0.255479991
test_10717,1
test_10718,0.00171999994
test_10719,0.999890029
test_10720,1
test_10721,0
test_10722,0.985409975
test_10723,0.0308899991
test_10724,0
test_10725,0
test_10726,0.979900002
test_10727,0
test_10728,0
test_10729,0
test_10730,0.997990012
test_10731,9.99999975e-06
test_10732,0.970369995
test_10733,0
test_10734,0.0325799994
test_10735,0.95174998
test_10736,0
test_10737,0
test_10738,0.999989986
test_10739,0.999409974
test_10740,0.999939978
test_10741,1
test_10742,0.00581
test_10743,0.999979973
test_10744,0
test_10745,9.99999975e-06
test_10746,0.304179996
test_10747,0.999890029
test_10748,0.728890002
test_10749,0.999970019
test_10750,0.949039996
test_10751,0
test_10752,0.999710023
test_10753,1
test_10754,1
test_10755,5.99999985e-05
test_10756,1
test_10757,5.99999985e-05
test_10758,0
test_10759,0.0612899996
test_10760,0
test_10761,0.00774999987
test_10762,0.953890026
test_10763,0.997870028
test_10764,0.999970019
test_10765,0.281630009
test_10766,0.999580026
test_10767,0.861199975
test_10768,0.999539971
test_10769,0.781910002
test_10770,0
test_10771,0.961960018
test_10772,0
test_10773,0.999949992
test_10774,0.939559996
test_10775,0.808329999
test_10776,0.887380004
test_10777,5.99999985e-05
test_10778,1
test_10779,0.999989986
test_10780,0.998480022
test_10781,1
test_10782,0.790260017
test_10783,0.206540003
test_10784,1.99999995e-05
test_10785,0.834439993
test_10786,1
test_10787,1
test_10788,7.9999998e-05
test_10789,0
test_10790,0.353170007
test_10791,0.000349999988
test_10792,0.999939978
test_10793,0.999629974
test_10794,0.184009999
test_10795,0.000110000001
test_10796,0.979250014
test_10797,0.00246000011
test_10798,1
test_10799,0.000449999992
test_10800,0.999989986
test_10801,0.000159999996
test_10802,0.000969999994
test_10803,0.998700023
test_10804,0.801429987
test_10805,0
test_10806,1
test_10807,1
test_10808,1
test_10809,0.999859989
test_10810,0.997290015
test_10811,0.99970001
test_10812,0.0206099991
test_10813,0.000180000003
test_10814,4.99999987e-05
test_10815,0.00637000008
test_10816,0.204689994
test_10817,0.784979999
test_10818,1
test_10819,0.907490015
test_10820,0
test_10821,4.99999987e-05
test_10822,0.0609100014
test_10823,0.316500008
test_10824,0
test_10825,0.590910017
test_10826,1
test_10827,0.921280026
test_10828,0.99970001
test_10829,0.387059987
test_10830,0.999920011
test_10831,0.867079973
test_10832,0.365390003
test_10833,0.999719977
test_10834,0.983210027
test_10835,0.000220000002
test_10836,0
test_10837,0.0998599976
test_10838,0.339650005
test_10839,0.00239000004
test_10840,0.993420005
test_10841,0.00800000038
test_10842,0.00496000005
test_10843,0
test_10844,0.0265299994
test_10845,0
test_10846,0.999970019
test_10847,0.55302
test_10848,0.0078800004
test_10849,0
test_10850,0
test_10851,7.00000019e-05
test_10852,0.000220000002
test_10853,0.0547499992
test_10854,0.950940013
test_10855,0.000339999999
test_10856,0.00106000004
test_10857,0.999939978
test_10858,0.000709999993
test_10859,1
test_10860,0.00104999996
test_10861,0.350210011
test_10862,0.623160005
test_10863,1
test_10864,0.360680014
test_10865,0.993170023
test_10866,1
test_10867,0.998730004
test_10868,0
test_10869,0.00156
test_10870,0.625899971
test_10871,0
test_10872,1
test_10873,1
test_10874,0.000600000028
test_10875,0.848100007
test_10876,0.0046000001
test_10877,0.997370005
test_10878,0.999930024
test_10879,0
test_10880,0.000699999975
test_10881,0
test_10882,0
test_10883,0.0515899993
test_10884,0.999849975
test_10885,0.933369994
test_10886,0.97773999
test_10887,1
test_10888,1
test_10889,0.0710700005
test_10890,0.0178999994
test_10891,0.992250025
test_10892,0.999530017
test_10893,0
test_10894,0.000339999999
test_10895,0.896839976
test_10896,0.000720000011
test_10897,0.000479999988
test_10898,0.750760019
test_10899,0.998880029
test_10900,0.175270006
test_10901,1
test_10902,0.954339981
test_10903,0.998669982
test_10904,0.998969972
test_10905,0.999159992
test_10906,1
test_10907,9.99999975e-06
test_10908,0.218060002
test_10909,1
test_10910,0.000209999998
test_10911,0.00190000003
test_10912,1
test_10913,0
test_10914,0.984870017
test_10915,0.582449973
test_10916,0.000190000006
test_10917,0.0203600004
test_10918,0.902140021
test_10919,0
test_10920,0.999989986
test_10921,0.431710005
test_10922,0.571680009
test_10923,0.999979973
test_10924,0.999689996
test_10925,0.986710012
test_10926,2.99999992e-05
test_10927,0.0230999999
test_10928,0
test_10929,0
test_10930,0.951059997
test_10931,0.919200003
test_10932,1
test_10933,1
test_10934,0
test_10935,0
test_10936,0.754920006
test_10937,0.993539989
test_10938,0
test_10939,0.998619974
test_10940,0
test_10941,0.00107
test_10942,0.310160011
test_10943,0.000239999994
test_10944,1
test_10945,0
test_10946,9.99999975e-06
test_10947,0.984929979
test_10948,0.202000007
test_10949,0.797399998
test_10950,0.84375
test_10951,0.980189979
test_10952,0
test_10953,0.958679974
test_10954,0.999989986
test_10955,0.999870002
test_10956,0
test_10957,0.00170999998
test_10958,0.00175000005
test_10959,0.0609499998
test_10960,0.784080029
test_10961,0.110189997
test_10962,0.0469899997
test_10963,0.000339999999
test_10964,2.99999992e-05
test_10965,0
test_10966,4.99999987e-05
test_10967,0.112709999
test_10968,0.000110000001
test_10969,0.991540015
test_10970,0.0302499998
test_10971,0.967540026
test_10972,0.998199999
test_10973,0
test_10974,0.00779000018
test_10975,1
test_10976,1
test_10977,0.0309200007
test_10978,1
test_10979,0
test_10980,0.61571002
test_10981,0.970830023
test_10982,1
test_10983,0
test_10984,0.998319983
test_10985,1
test_10986,0
test_10987,1
test_10988,0
test_10989,9.99999975e-05
test_10990,0
test_10991,0
test_10992,1
test_10993,0.999979973
test_10994,0.000319999992
test_10995,0.000119999997
test_10996,0.999989986
test_10997,1
test_10998,0
test_10999,1.99999995e-05
test_11000,2.99999992e-05
test_11001,0.25158
test_11002,0.0617300011
test_11003,0
test_11004,0
test_11005,0.95648998
test_11006,3.9999999e-05
test_11007,0
test_11008,9.99999975e-06
test_11009,0
test_11010,0.999559999
test_11011,0.989910007
test_11012,0
test_11013,0.488860011
test_11014,0.998179972
test_11015,0.0636899993
test_11016,0.0118000004
test_11017,0.00138000003
test_11018,0.999979973
test_11019,0.000579999993
test_11020,0.615819991
test_11021,0.999729991
test_11022,0.0951199979
test_11023,0.00306000002
test_11024,1
test_11025,1
test_11026,0.999419987
test_11027,1
test_11028,0.986940026
test_11029,0.996490002
test_11030,0.996219993
test_11031,0.00295999995
test_11032,0
test_11033,1.99999995e-05
test_11034,0.953880012
test_11035,1
test_11036,1
test_11037,0
test_11038,1
test_11039,0.889710009
test_11040,1
test_11041,0.963429987
test_11042,0
test_11043,0.122890003
test_11044,0.279089987
test_11045,1
test_11046,0.999960005
test_11047,0.983020008
test_11048,0.0188299995
test_11049,0.144539997
test_11050,0
test_11051,0.998300016
test_11052,0.999979973
test_11053,0.999970019
test_11054,0.999650002
test_11055,0
test_11056,0.995060027
test_11057,0
test_11058,0.104039997
test_11059,0.00147999998
test_11060,0.832679987
test_11061,0
test_11062,1
test_11063,0.00380999991
test_11064,0.999989986
test_11065,0.999989986
test_11066,1
test_11067,0
test_11068,0
test_11069,0.998409986
test_11070,0.999970019
test_11071,1
test_11072,9.99999975e-06
test_11073,0
test_11074,0
test_11075,1
test_11076,0.98645997
test_11077,0.0128199998
test_11078,0.000539999979
test_11079,0.323949993
test_11080,0
test_11081,0.00159
test_11082,0
test_11083,0.0336299986
test_11084,0.999469995
test_11085,0.00179000001
test_11086,0.871800005
test_11087,0.99733001
test_11088,0
test_11089,0.0531800017
test_11090,0.999989986
test_11091,0.939170003
test_11092,0
test_11093,1
test_11094,0.909449995
test_11095,1
test_11096,0.945529997
test_11097,0.0269499999
test_11098,1.99999995e-05
test_11099,1
test_11100,0.999989986
test_11101,0
test_11102,0.834249973
test_11103,0.999989986
test_11104,0.238460004
test_11105,0
test_11106,0.146510005
test_11107,0.999670029
test_11108,0.983080029
test_11109,0.999530017
test_11110,0.999989986
test_11111,0.699349999
test_11112,0.999249995
test_11113,0.125379995
test_11114,0.999979973
test_11115,0.996760011
test_11116,0.999050021
test_11117,0.158010006
test_11118,0.999629974
test_11119,0.998700023
test_11120,0.00224000006
test_11121,0.865360022
test_11122,0.997129977
test_11123,0.996519983
test_11124,1
test_11125,1
test_11126,1
test_11127,0.10853
test_11128,0.0840300024
test_11129,0.0281399991
test_11130,0.999979973
test_11131,2.99999992e-05
test_11132,0.994350016
test_11133,0
test_11134,0.255070001
test_11135,0.879930019
test_11136,1
test_11137,0.360630006
test_11138,0.432810009
test_11139,0.00954
test_11140,0.553879976
test_11141,0.147459999
test_11142,9.99999975e-06
test_11143,0.959900022
test_11144,0.999979973
test_11145,0
test_11146,0
test_11147,0.993709981
test_11148,0.0718699992
test_11149,0
test_11150,1
test_11151,0.678579986
test_11152,1
test_11153,0.99891001
test_11154,0.893289983
test_11155,0.00139999995
test_11156,0.000730000029
test_11157,0.999979973
test_11158,0.000319999992
test_11159,0
test_11160,0.00404000003
test_11161,0.774699986
test_11162,0.000140000004
test_11163,0.814750016
test_11164,0.00436000014
test_11165,0.885060012
test_11166,0.0294899996
test_11167,3.9999999e-05
test_11168,0.00144999998
test_11169,0.999970019
test_11170,0.998820007
test_11171,0.00182999996
test_11172,0.100599997
test_11173,0.977199972
test_11174,1.99999995e-05
test_11175,0.000419999997
test_11176,0.0371100008
test_11177,9.99999975e-06
test_11178,0.000209999998
test_11179,0
test_11180,0.999310017
test_11181,0.999840021
test_11182,0.02049
test_11183,0.0457299985
test_11184,0.999679983
test_11185,0.999729991
test_11186,0
test_11187,0.000360000005
test_11188,1
test_11189,0.416399986
test_11190,0.00206999993
test_11191,1
test_11192,0.0873100013
test_11193,9.99999975e-05
test_11194,0.0154100005
test_11195,1
test_11196,0.000390000001
test_11197,0.999979973
test_11198,0.991110027
test_11199,0.000110000001
test_11200,0
test_11201,0.000180000003
test_11202,4.99999987e-05
test_11203,0.488489985
test_11204,0.402990013
test_11205,9.99999975e-06
test_11206,0.999459982
test_11207,0
test_11208,0.607299984
test_11209,0
test_11210,1
test_11211,9.99999975e-06
test_11212,0.98803997
test_11213,0.0276200008
test_11214,0
test_11215,0.000369999994
test_11216,0.000349999988
test_11217,0.997560024
test_11218,0.997229993
test_11219,0.363180012
test_11220,0.999140024
test_11221,0.998700023
test_11222,0
test_11223,2.99999992e-05
test_11224,0.76967001
test_11225,0
test_11226,0.0208999999
test_11227,0.492029995
test_11228,3.9999999e-05
test_11229,0.955680013
test_11230,3.9999999e-05
test_11231,0.96837002
test_11232,0.000220000002
test_11233,0.997049987
test_11234,0.999100029
test_11235,0.351049989
test_11236,0.667859972
test_11237,0
test_11238,0.999920011
test_11239,0.999989986
test_11240,0.999989986
test_11241,0.00135000004
test_11242,1
test_11243,0.923590004
test_11244,0.00780999986
test_11245,0
test_11246,0.999779999
test_11247,0.197919995
test_11248,1
test_11249,0
test_11250,0.861150026
test_11251,0.999849975
test_11252,0
test_11253,0.308759987
test_11254,0.998570025
test_11255,0.716109991
test_11256,0.640209973
test_11257,0.999920011
test_11258,0.890579998
test_11259,0
test_11260,0
test_11261,0
test_11262,1
test_11263,0.721140027
test_11264,0.763610005
test_11265,0.128959998
test_11266,0.00510000018
test_11267,0.000289999996
test_11268,0.381949991
test_11269,0.256179988
test_11270,1
test_11271,0.53302002
test_11272,4.99999987e-05
test_11273,0.977020025
test_11274,1
test_11275,0.586820006
test_11276,1.99999995e-05
test_11277,0.986509979
test_11278,0
test_11279,0.989589989
test_11280,0.929719985
test_11281,0.20149
test_11282,0.0832099989
test_11283,7.00000019e-05
test_11284,0.0181499999
test_11285,0
test_11286,0
test_11287,0.976809978
test_11288,0.947899997
test_11289,9.99999975e-06
test_11290,0.86473
test_11291,0.999830008
test_11292,1
test_11293,0
test_11294,0.99871999
test_11295,0.997020006
test_11296,0
test_11297,1
test_11298,0.00039999999
test_11299,0.802680016
test_11300,1
test_11301,0.997189999
test_11302,0
test_11303,0.591030002
test_11304,0.999490023
test_11305,0.00245000003
test_11306,0.999989986
test_11307,0.986220002
test_11308,1
test_11309,0.000500000024
test_11310,0.785700023
test_11311,0.00132000004
test_11312,0.962800026
test_11313,0
test_11314,0.00634999992
test_11315,0.000140000004
test_11316,0.00695999991
test_11317,0.99059999
test_11318,0.00927999988
test_11319,0
test_11320,9.99999975e-06
test_11321,0
test_11322,9.99999975e-06
test_11323,0
test_11324,1.99999995e-05
test_11325,0.959370017
test_11326,0
test_11327,0.0359699987
test_11328,0.999859989
test_11329,2.99999992e-05
test_11330,0.868690014
test_11331,0.790880024
test_11332,1
test_11333,0.0298200008
test_11334,0.171269998
test_11335,0.849179983
test_11336,0.994620025
test_11337,0.998600006
test_11338,0.876749992
test_11339,0.114710003
test_11340,0.707109988
test_11341,0.965539992
test_11342,0.00161000004
test_11343,0.897080004
test_11344,0
test_11345,0.00121000002
test_11346,0.435860008
test_11347,0.995100021
test_11348,0.000319999992
test_11349,9.99999975e-06
test_11350,0.0579899997
test_11351,0
test_11352,0.0282600001
test_11353,1
test_11354,0.00640999991
test_11355,0.186309993
test_11356,9.99999975e-06
test_11357,0
test_11358,0.000220000002
test_11359,0.00175000005
test_11360,0.67106998
test_11361,3.9999999e-05
test_11362,0
test_11363,1.99999995e-05
test_11364,0
test_11365,0.00361000001
test_11366,0.999939978
test_11367,0
test_11368,1.99999995e-05
test_11369,0.707459986
test_11370,0.995899975
test_11371,0
test_11372,0.000500000024
test_11373,0
test_11374,0.995880008
test_11375,1.99999995e-05
test_11376,0
test_11377,0.0179600008
test_11378,0.50999999
test_11379,0
test_11380,0
test_11381,0.00152000005
test_11382,0.0274299998
test_11383,0.00184000004
test_11384,0.95589
test_11385,0.999930024
test_11386,1
test_11387,1
test_11388,0
test_11389,0.000579999993
test_11390,0.971369982
test_11391,0.99980998
test_11392,1
test_11393,0.851310015
test_11394,0.570829988
test_11395,0.000250000012
test_11396,0.211759999
test_11397,0
test_11398,0.999979973
test_11399,0.227899998
test_11400,0.00301999995
test_11401,0.999979973
test_11402,0.999989986
test_11403,0.996379972
test_11404,0.999909997
test_11405,0.0260600001
test_11406,9.99999975e-05
test_11407,0.000119999997
test_11408,0.657899976
test_11409,0.540889978
test_11410,0
test_11411,0.653829992
test_11412,0.557560027
test_11413,0
test_11414,0.00066000002
test_11415,0.999499977
test_11416,9.99999975e-06
test_11417,0.128979996
test_11418,0.992510021
test_11419,0.999979973
test_11420,0.000199999995
test_11421,0.148849994
test_11422,0.0501400009
test_11423,0.00677999994
test_11424,0.967779994
test_11425,0.0013
test_11426,0.0288600009
test_11427,1
test_11428,0.000230000005
test_11429,1
test_11430,0.000150000007
test_11431,1
test_11432,0.882019997
test_11433,0
test_11434,1
test_11435,1
test_11436,0.886009991
test_11437,0.955529988
test_11438,3.9999999e-05
test_11439,0
test_11440,5.99999985e-05
test_11441,0.00221000006
test_11442,0
test_11443,0.30647999
test_11444,0.000140000004
test_11445,0.850650012
test_11446,0
test_11447,0.972880006
test_11448,0.000939999998
test_11449,0.999360025
test_11450,1
test_11451,0.709010005
test_11452,0.91535002
test_11453,0.0829100013
test_11454,1.99999995e-05
test_11455,0
test_11456,0
test_11457,0.997619987
test_11458,0.00306000002
test_11459,9.99999975e-06
test_11460,0.92622
test_11461,0.999740005
test_11462,0.983200014
test_11463,0.0128800003
test_11464,1
test_11465,0.999450028
test_11466,0.98597002
test_11467,0
test_11468,0.999849975
test_11469,0
test_11470,0.00266
test_11471,0.993439972
test_11472,0
test_11473,0.555249989
test_11474,1
test_11475,0.118730001
test_11476,0.00127000001
test_11477,0.997780025
test_11478,0.91377002
test_11479,0.00622999994
test_11480,0.993409991
test_11481,0.0740899965
test_11482,0.411000013
test_11483,1
test_11484,0
test_11485,1
test_11486,0.0211500004
test_11487,0.934119999
test_11488,0
test_11489,1
test_11490,0.999979973
test_11491,0
test_11492,0.985279977
test_11493,1
test_11494,0.111639999
test_11495,0.000110000001
test_11496,0.967949986
test_11497,1
test_11498,0.188229993
test_11499,0.985409975
test_11500,0.00013
test_11501,0.0440700017
test_11502,3.9999999e-05
test_11503,0.801389992
test_11504,1
test_11505,1
test_11506,0
test_11507,1.99999995e-05
test_11508,0
test_11509,0.00430000015
test_11510,9.99999975e-06
test_11511,0
test_11512,0
test_11513,0.0044300002
test_11514,0
test_11515,0
test_11516,0.0225799996
test_11517,0.00123000005
test_11518,0.780449986
test_11519,0.95273
test_11520,0.547339976
test_11521,0.00115999999
test_11522,0
test_11523,0.74563998
test_11524,0
test_11525,0.99962002
test_11526,0.977310002
test_11527,0.121870004
test_11528,0.57464999
test_11529,0.0331999995
test_11530,0.996670008
test_11531,0.999960005
test_11532,0.987590015
test_11533,0.566420019
test_11534,1
test_11535,0.000429999985
test_11536,1
test_11537,0.999979973
test_11538,0.110019997
test_11539,1
test_11540,0.999710023
test_11541,3.9999999e-05
test_11542,1.99999995e-05
test_11543,0.999989986
test_11544,9.99999975e-06
test_11545,0.999989986
test_11546,9.00000014e-05
test_11547,0.999989986
test_11548,0.950299978
test_11549,0.194289997
test_11550,0.964359999
test_11551,0
test_11552,0.999639988
test_11553,0.997020006
test_11554,0.000490000006
test_11555,1
test_11556,0.0878100023
test_11557,0.99962002
test_11558,1
test_11559,0.0109200003
test_11560,0.099150002
test_11561,0
test_11562,0.999989986
test_11563,0.997770011
test_11564,0.000250000012
test_11565,0.276919991
test_11566,0
test_11567,0.989269972
test_11568,0.0335000008
test_11569,1
test_11570,0.000380000012
test_11571,0.562030017
test_11572,0
test_11573,0.996360004
test_11574,0.871330023
test_11575,0.173069999
test_11576,0.99515003
test_11577,1
test_11578,0.0264800005
test_11579,0.999949992
test_11580,0.999939978
test_11581,0.971189976
test_11582,0
test_11583,0.176440001
test_11584,0.991150022
test_11585,0
test_11586,0.999989986
test_11587,0.999840021
test_11588,0.20002
test_11589,0.999759972
test_11590,1
test_11591,0.786949992
test_11592,0.876190007
test_11593,0.739449978
test_11594,0.0168600008
test_11595,0
test_11596,0.98992002
test_11597,0.999759972
test_11598,0.000110000001
test_11599,0
test_11600,0.596159995
test_11601,0.997990012
test_11602,0.00191999995
test_11603,0.999979973
test_11604,1
test_11605,1
test_11606,0
test_11607,0.999989986
test_11608,1.99999995e-05
test_11609,1
test_11610,0.133939996
test_11611,1
test_11612,0.999450028
test_11613,1
test_11614,0.000239999994
test_11615,0.977310002
test_11616,1
test_11617,1
test_11618,1
test_11619,0.872200012
test_11620,0.153009996
test_11621,0
test_11622,0.00512999995
test_11623,0
test_11624,0.745109975
test_11625,0.999949992
test_11626,0.996460021
test_11627,0.999979973
test_11628,7.00000019e-05
test_11629,0.0102899997
test_11630,0.0253500007
test_11631,0.071800001
test_11632,2.99999992e-05
test_11633,0.99980998
test_11634,0.866479993
test_11635,1
test_11636,0.999300003
test_11637,0.992070019
test_11638,0.515550017
test_11639,0.00908000022
test_11640,0.999970019
test_11641,0.736329973
test_11642,0.999989986
test_11643,1
test_11644,0.999979973
test_11645,0.0719299987
test_11646,0
test_11647,0.0664699972
test_11648,1
test_11649,0
test_11650,1
test_11651,0.000260000001
test_11652,0
test_11653,9.99999975e-06
test_11654,0.000369999994
test_11655,0.000750000007
test_11656,0.999490023
test_11657,0
test_11658,0.00675999979
test_11659,0
test_11660,0.939180017
test_11661,0.0169399995
test_11662,0.970369995
test_11663,0
test_11664,0.00903000031
test_11665,0.115249999
test_11666,9.99999975e-06
test_11667,0.000380000012
test_11668,1
test_11669,0.999960005
test_11670,0
test_11671,0.720009983
test_11672,0.971430004
test_11673,9.99999975e-06
test_11674,0
test_11675,0
test_11676,0.999689996
test_11677,0.2491
test_11678,9.00000014e-05
test_11679,0.999989986
test_11680,0
test_11681,2.99999992e-05
test_11682,2.99999992e-05
test_11683,0.682669997
test_11684,0.586759984
test_11685,0.00199000002
test_11686,0.999899983
test_11687,0.0686199963
test_11688,0.00100000005
test_11689,0.0369799994
test_11690,0.257910013
test_11691,0.999109983
test_11692,0.0115700001
test_11693,0.185680002
test_11694,0
test_11695,0.493339986
test_11696,0
test_11697,0
test_11698,0
test_11699,0.0448299982
test_11700,0.0304400008
test_11701,0.0241800006
test_11702,0.00161000004
test_11703,0
test_11704,0.998210013
test_11705,0.999580026
test_11706,1
test_11707,3.9999999e-05
test_11708,1
test_11709,1
test_11710,0.945410013
test_11711,1
test_11712,0.986169994
test_11713,0.996819973
test_11714,1
test_11715,1
test_11716,0.220029995
test_11717,0
test_11718,0.0229599997
test_11719,0
test_11720,1
test_11721,0.127100006
test_11722,0.203370005
test_11723,1
test_11724,0.000140000004
test_11725,0.515510023
test_11726,0.965420008
test_11727,1
test_11728,0.999939978
test_11729,0.950879991
test_11730,0.956520021
test_11731,0
test_11732,0.999979973
test_11733,1
test_11734,0
test_11735,0.610090017
test_11736,0.00800000038
test_11737,0.0129399998
test_11738,0.995209992
test_11739,0.970770001
test_11740,0.00368999992
test_11741,0.983009994
test_11742,1.99999995e-05
test_11743,0.999949992
test_11744,0.999949992
test_11745,0
test_11746,0.646130025
test_11747,0.977310002
test_11748,9.99999975e-06
test_11749,0.999960005
test_11750,0.462949991
test_11751,0.999979973
test_11752,0.999769986
test_11753,0.82069999
test_11754,0.924220026
test_11755,0.999779999
test_11756,0.901380002
test_11757,0
test_11758,0.000110000001
test_11759,0.958130002
test_11760,0.994650006
test_11761,0.999939978
test_11762,0.999989986
test_11763,0.935100019
test_11764,0.998860002
test_11765,1.99999995e-05
test_11766,0.27847001
test_11767,0.263830006
test_11768,0.149869993
test_11769,0.997770011
test_11770,0.333220005
test_11771,1
test_11772,0.999920011
test_11773,0.0512700006
test_11774,0
test_11775,1
test_11776,0.995790005
test_11777,0.999379992
test_11778,0.999920011
test_11779,1
test_11780,0.992770016
test_11781,0.000560000015
test_11782,0
test_11783,0
test_11784,1
test_11785,0
test_11786,0.899890006
test_11787,0.03675
test_11788,0.000520000001
test_11789,9.99999975e-06
test_11790,0
test_11791,0.999989986
test_11792,0.991490006
test_11793,0.999979973
test_11794,0.26286
test_11795,0.492229998
test_11796,0
test_11797,0.998700023
test_11798,0.915199995
test_11799,0.999949992
test_11800,0
test_11801,0.0189100001
test_11802,0.0013
test_11803,2.99999992e-05
test_11804,9.99999975e-06
test_11805,0.000910000002
test_11806,0.0325299986
test_11807,0.999469995
test_11808,0.975530028
test_11809,0.02881
test_11810,0.999870002
test_11811,0.0323899984
test_11812,0.00159
test_11813,0.00188999996
test_11814,0.00331000006
test_11815,0
test_11816,0.993669987
test_11817,0.525789976
test_11818,0
test_11819,0.357650012
test_11820,0.179930001
test_11821,1
test_11822,0.763289988
test_11823,1
test_11824,0.970430017
test_11825,0.956889987
test_11826,0
test_11827,0.999880016
test_11828,0
test_11829,0.975409985
test_11830,0.993239999
test_11831,0
test_11832,0.161259994
test_11833,0
test_11834,0.997690022
test_11835,0.02042
test_11836,0.999930024
test_11837,0.999800026
test_11838,0.000630000024
test_11839,2.99999992e-05
test_11840,0.000500000024
test_11841,0.000549999997
test_11842,7.00000019e-05
test_11843,0
test_11844,0.000169999999
test_11845,0.848010004
test_11846,0.000780000002
test_11847,0.813250005
test_11848,1
test_11849,0
test_11850,1
test_11851,9.99999975e-06
test_11852,0.00120000006
test_11853,1
test_11854,9.99999975e-06
test_11855,0.32001999
test_11856,0.999750018
test_11857,0
test_11858,1
test_11859,0.998199999
test_11860,0.222489998
test_11861,0.02379
test_11862,0
test_11863,0.754000008
test_11864,0.963699996
test_11865,0.999239981
test_11866,0.998629987
test_11867,0.999570012
test_11868,0.000239999994
test_11869,0.332320005
test_11870,0.998820007
test_11871,1
test_11872,1
test_11873,0.440039992
test_11874,0.0300600007
test_11875,0.999939978
test_11876,1
test_11877,1.99999995e-05
test_11878,0.743009984
test_11879,0.00118000002
test_11880,0.0101800002
test_11881,1
test_11882,0.999970019
test_11883,0.143959999
test_11884,1
test_11885,0.87816
test_11886,0.00135999999
test_11887,1
test_11888,0.558839977
test_11889,0.0105299996
test_11890,9.99999975e-06
test_11891,0.965979993
test_11892,5.99999985e-05
test_11893,0.977400005
test_11894,0.33860001
test_11895,9.99999975e-06
test_11896,1
test_11897,3.9999999e-05
test_11898,0.000150000007
test_11899,0.999979973
test_11900,0.428559989
test_11901,0.986190021
test_11902,0.999960005
test_11903,0.999670029
test_11904,0.999970019
test_11905,1
test_11906,0
test_11907,0.999920011
test_11908,0
test_11909,3.9999999e-05
test_11910,0.362619996
test_11911,0.635169983
test_11912,0.000220000002
test_11913,0.0468700007
test_11914,0.0469300002
test_11915,0.000349999988
test_11916,0
test_11917,0.0834700018
test_11918,0.842880011
test_11919,0.01009
test_11920,0.297749996
test_11921,0.0435100012
test_11922,0.00162
test_11923,0.980740011
test_11924,0.999629974
test_11925,0.99624002
test_11926,0.999369979
test_11927,1
test_11928,0.0754500031
test_11929,0
test_11930,1
test_11931,0.0113899997
test_11932,0.101570003
test_11933,0.372249991
test_11934,0.0178599991
test_11935,1.99999995e-05
test_11936,1
test_11937,0
test_11938,1
test_11939,0.313659996
test_11940,0.972230017
test_11941,9.99999975e-06
test_11942,0.0190900005
test_11943,0
test_11944,0
test_11945,0.99871999
test_11946,0.908850014
test_11947,0.876929998
test_11948,0.00480999984
test_11949,0.00677999994
test_11950,1.99999995e-05
test_11951,0.00337999989
test_11952,0
test_11953,0.0205199998
test_11954,9.99999975e-06
test_11955,1
test_11956,0.531589985
test_11957,0.999920011
test_11958,0.416240007
test_11959,0.0148400003
test_11960,2.99999992e-05
test_11961,0.0198999997
test_11962,9.99999975e-05
test_11963,0.65467
test_11964,0.964810014
test_11965,0.0945599973
test_11966,0.999930024
test_11967,0.00447000004
test_11968,0.999949992
test_11969,0
test_11970,0.000150000007
test_11971,0.058290001
test_11972,0.999580026
test_11973,0.446859986
test_11974,1
test_11975,1
test_11976,0
test_11977,0.999989986
test_11978,0.999759972
test_11979,0.999559999
test_11980,1
test_11981,0
test_11982,0.999989986
test_11983,0.868929982
test_11984,0.000429999985
test_11985,0.000110000001
test_11986,0.00578999985
test_11987,0.0148099996
test_11988,1
test_11989,0.51481998
test_11990,1
test_11991,0.4278
test_11992,9.99999975e-06
test_11993,1
test_11994,0.630800009
test_11995,0.850899994
test_11996,0.00138999999
test_11997,0.999660015
test_11998,0.00603999989
test_11999,0.511879981
test_12000,0.999979973
test_12001,0
test_12002,0.000140000004
test_12003,0.748690009
test_12004,0.111560002
test_12005,2.99999992e-05
test_12006,0.94125998
test_12007,0.998340011
test_12008,0.722389996
test_12009,0.000600000028
test_12010,1.99999995e-05
test_12011,1
test_12012,0.900049984
test_12013,0
test_12014,0.990350008
test_12015,0.993040025
test_12016,0.325980008
test_12017,1
test_12018,0.999759972
test_12019,1
test_12020,0.0120700002
test_12021,1
test_12022,0.999580026
test_12023,1.99999995e-05
test_12024,0.173710003
test_12025,0.999430001
test_12026,1.99999995e-05
test_12027,0.999989986
test_12028,0
test_12029,0.0262100007
test_12030,0.0161199998
test_12031,0.996330023
test_12032,0.000220000002
test_12033,1
test_12034,1
test_12035,0.999890029
test_12036,0
test_12037,0.0984599963
test_12038,0.141599998
test_12039,0
test_12040,0.999909997
test_12041,1
test_12042,0.00373
test_12043,0.99763
test_12044,0.000119999997
test_12045,0
test_12046,0.999989986
test_12047,0
test_12048,0.988950014
test_12049,0
test_12050,0.00407999987
test_12051,0
test_12052,0.00206999993
test_12053,0.933790028
test_12054,0.99052
test_12055,0.936190009
test_12056,0.986660004
test_12057,0.999939978
test_12058,0.525590003
test_12059,0.999899983
test_12060,0.999819994
test_12061,0.000199999995
test_12062,0.0102199996
test_12063,0.997619987
test_12064,1
test_12065,0.861129999
test_12066,0.000239999994
test_12067,0.99980998
test_12068,0
test_12069,0
test_12070,5.99999985e-05
test_12071,0.999939978
test_12072,0.999440014
test_12073,0
test_12074,0.00266
test_12075,0.999920011
test_12076,0.667689979
test_12077,0.111510001
test_12078,0.999989986
test_12079,0
test_12080,0
test_12081,1
test_12082,0.000199999995
test_12083,0
test_12084,1
test_12085,0.983089983
test_12086,0.999960005
test_12087,1
test_12088,0.220980003
test_12089,9.99999975e-06
test_12090,0.0611299984
test_12091,1
test_12092,0.996529996
test_12093,0.999989986
test_12094,0.999909997
test_12095,0.99970001
test_12096,0.99526
test_12097,9.00000014e-05
test_12098,0.678250015
test_12099,9.00000014e-05
test_12100,0.0192799997
test_12101,0.999979973
test_12102,0
test_12103,0
test_12104,0.0925099999
test_12105,4.99999987e-05
test_12106,0.952250004
test_12107,0.999220014
test_12108,0.999360025
test_12109,0
test_12110,0
test_12111,1
test_12112,0.992250025
test_12113,0.997460008
test_12114,0.993709981
test_12115,0
test_12116,0
test_12117,0.0740699992
test_12118,0.99782002
test_12119,1
test_12120,0.999970019
test_12121,0.0147000002
test_12122,0.00147000002
test_12123,0.00930000003
test_12124,1
test_12125,0.000190000006
test_12126,0.999970019
test_12127,1
test_12128,0.99357003
test_12129,0.994210005
test_12130,0.999970019
test_12131,0.326649994
test_12132,9.99999975e-06
test_12133,1
test_12134,1
test_12135,0
test_12136,0.782689989
test_12137,0.910979986
test_12138,0
test_12139,0.998880029
test_12140,0.995850027
test_12141,1.99999995e-05
test_12142,0.956889987
test_12143,0.996599972
test_12144,0.996850014
test_12145,0.000429999985
test_12146,1
test_12147,3.9999999e-05
test_12148,0.00298000011
test_12149,1
test_12150,0
test_12151,0.999870002
test_12152,0.0562100001
test_12153,0.375849992
test_12154,0.999989986
test_12155,0.850380003
test_12156,0.00482999999
test_12157,0.994499981
test_12158,9.99999975e-06
test_12159,0.999989986
test_12160,0.999920011
test_12161,0.999960005
test_12162,1
test_12163,0.100400001
test_12164,0.197170004
test_12165,0
test_12166,0.999989986
test_12167,0.999559999
test_12168,0.00039999999
test_12169,0.75278002
test_12170,9.99999975e-06
test_12171,0
test_12172,0.970679998
test_12173,1
test_12174,0.00607000012
test_12175,0.999899983
test_12176,0.162839994
test_12177,0.130930007
test_12178,0.942380011
test_12179,0.000319999992
test_12180,0.722479999
test_12181,1
test_12182,0.668439984
test_12183,0.999960005
test_12184,0.00184000004
test_12185,0.999989986
test_12186,0.740649998
test_12187,0
test_12188,0
test_12189,0.920109987
test_12190,0.633300006
test_12191,0.999800026
test_12192,0.00240000011
test_12193,0.000569999975
test_12194,0
test_12195,0
test_12196,0
test_12197,0.132379994
test_12198,0.00527000008
test_12199,0.00101999997
test_12200,0.00167000003
test_12201,0
test_12202,0.999580026
test_12203,1
test_12204,0.0317899995
test_12205,0.0397699997
test_12206,0.0916699991
test_12207,0.000250000012
test_12208,1
test_12209,0.999920011
test_12210,0
test_12211,0
test_12212,0.838660002
test_12213,0
test_12214,1
test_12215,0.988430023
test_12216,0.236190006
test_12217,0
test_12218,1.99999995e-05
test_12219,0
test_12220,0.00304999994
test_12221,9.00000014e-05
test_12222,0.00159
test_12223,0
test_12224,0.38714999
test_12225,0
test_12226,0.00215999992
test_12227,0.00104
test_12228,0.999989986
test_12229,0
test_12230,0.133579999
test_12231,0.0265100002
test_12232,0.00344999996
test_12233,9.99999975e-06
test_12234,0.377189994
test_12235,0.000289999996
test_12236,0.00193999999
test_12237,0.0286100004
test_12238,0.982659996
test_12239,0.999949992
test_12240,0.0220899992
test_12241,9.99999975e-06
test_12242,2.99999992e-05
test_12243,0.961440027
test_12244,3.9999999e-05
test_12245,0.980790019
test_12246,0.999379992
test_12247,0
test_12248,1.99999995e-05
test_12249,2.99999992e-05
test_12250,0.473919988
test_12251,0
test_12252,0.00218999991
test_12253,0.892289996
test_12254,0.999559999
test_12255,0.0619699992
test_12256,0.0487600006
test_12257,0.957679987
test_12258,0
test_12259,0.926900029
test_12260,0.998920023
test_12261,0.999989986
test_12262,0.906790018
test_12263,0.910769999
test_12264,0.0282000005
test_12265,0
test_12266,0.0696199983
test_12267,0.0633300021
test_12268,3.9999999e-05
test_12269,0.973169982
test_12270,0.920329988
test_12271,0.0645200014
test_12272,0.999970019
test_12273,9.99999975e-06
test_12274,0.0160499997
test_12275,0
test_12276,0.997099996
test_12277,0.997110009
test_12278,0
test_12279,0.770619988
test_12280,0.999989986
test_12281,0.0219000001
test_12282,0
test_12283,0.928539991
test_12284,9.99999975e-06
test_12285,0.911409974
test_12286,0.0639500022
test_12287,0.998759985
test_12288,0.999570012
test_12289,1.99999995e-05
test_12290,0.00013
test_12291,0.489659995
test_12292,0
test_12293,0.0774699971
test_12294,0.633239985
test_12295,0.996179998
test_12296,0.201539993
test_12297,4.99999987e-05
test_12298,0.00170000002
test_12299,0.941020012
test_12300,0.00179999997
test_12301,0.303609997
test_12302,0.000150000007
test_12303,0
test_12304,0.999949992
test_12305,0
test_12306,0.834420025
test_12307,0.0107399998
test_12308,0.871980011
test_12309,0.978259981
test_12310,0.00820999965
test_12311,0.960219979
test_12312,0.999880016
test_12313,0
test_12314,0.999830008
test_12315,0.0211999994
test_12316,0
test_12317,0
test_12318,4.99999987e-05
test_12319,0.999819994
test_12320,1
test_12321,0.746649981
test_12322,0.000899999985
test_12323,0.00803999975
test_12324,0
test_12325,0.999989986
test_12326,1
test_12327,0.999909997
test_12328,0
test_12329,0.500649989
test_12330,0.987079978
test_12331,0
test_12332,0.06611
test_12333,0.000110000001
test_12334,0
test_12335,0.995169997
test_12336,0.0173799992
test_12337,0.0313600004
test_12338,0
test_12339,0.904449999
test_12340,0.144679993
test_12341,0.241019994
test_12342,0
test_12343,0
test_12344,0.01095
test_12345,0.675040007
test_12346,1
test_12347,0.977490008
test_12348,0.990270019
test_12349,0.997189999
test_12350,0.0294799991
test_12351,0.921599984
test_12352,1
test_12353,0.991590023
test_12354,0.00584000023
test_12355,0
test_12356,0.999909997
test_12357,0.999979973
test_12358,0.000549999997
test_12359,0.999989986
test_12360,0.039760001
test_12361,0.999530017
test_12362,0.0518799983
test_12363,0.774969995
test_12364,0
test_12365,0.999989986
test_12366,0.0316400006
test_12367,0.0151500003
test_12368,1
test_12369,0.222310007
test_12370,0.000110000001
test_12371,0.999880016
test_12372,0.999979973
test_12373,0.999939978
test_12374,0.178959996
test_12375,0.997919977
test_12376,0.000369999994
test_12377,1.99999995e-05
test_12378,0
test_12379,0.000110000001
test_12380,0
test_12381,0.0550800003
test_12382,0.000880000007
test_12383,0
test_12384,0.956870019
test_12385,0
test_12386,0.141650006
test_12387,1
test_12388,0.0045599998
test_12389,0.00853000022
test_12390,0.0339299999
test_12391,0.772800028
test_12392,9.99999975e-06
test_12393,0
test_12394,0.313679993
test_12395,1
test_12396,0.127690002
test_12397,0
test_12398,0.00297000003
test_12399,0
test_12400,1
test_12401,0.000199999995
test_12402,0
test_12403,0.900170028
test_12404,0
test_12405,0.0491899997
test_12406,0.115910001
test_12407,0.100720003
test_12408,1
test_12409,0.719879985
test_12410,0
test_12411,0.999109983
test_12412,0.998470008
test_12413,0.456459999
test_12414,9.99999975e-06
test_12415,0.983510017
test_12416,0.999419987
test_12417,0.999149978
test_12418,1
test_12419,0.980050027
test_12420,0.896619976
test_12421,0
test_12422,0.995410025
test_12423,0.389470011
test_12424,0.0239799991
test_12425,0.974030018
test_12426,0.999989986
test_12427,0.524720013
test_12428,0.999890029
test_12429,0.788929999
test_12430,0.999989986
test_12431,1
test_12432,1
test_12433,0.43957001
test_12434,0.999580026
test_12435,0
test_12436,0.00673000002
test_12437,0.300249994
test_12438,0.000630000024
test_12439,3.9999999e-05
test_12440,0.996159971
test_12441,1
test_12442,0.999899983
test_12443,0.00706000021
test_12444,9.99999975e-05
test_12445,0.999989986
test_12446,0.574240029
test_12447,0.000230000005
test_12448,0
test_12449,0.220019996
test_12450,0.999069989
test_12451,0.993589997
test_12452,0.157299995
test_12453,1
test_12454,0.963580012
test_12455,0.00227000006
test_12456,0.0443499982
test_12457,0.0153799998
test_12458,0.938610017
test_12459,0.812070012
test_12460,0.000250000012
test_12461,1
test_12462,0.319799989
test_12463,0.0123100001
test_12464,0.000209999998
test_12465,0.990469992
test_12466,9.99999975e-06
test_12467,0.976800025
test_12468,0.292160004
test_12469,9.99999975e-06
test_12470,1
test_12471,0.987890005
test_12472,0
test_12473,0.999989986
test_12474,0
test_12475,0.301950008
test_12476,0.88233
test_12477,0
test_12478,0.949450016
test_12479,0
test_12480,0.0100100003
test_12481,0
test_12482,0.996519983
test_12483,9.99999975e-06
test_12484,1
test_12485,0
test_12486,0.000349999988
test_12487,0.00404000003
test_12488,0.000230000005
test_12489,1
test_12490,0.00203999993
test_12491,0.0384499989
test_12492,0.948270023
test_12493,0.955179989
test_12494,0.999949992
test_12495,0.000180000003
test_12496,0.163859993
test_12497,0
test_12498,0.995859981
test_12499,0.999459982
test_12500,1
test_12501,1
test_12502,0
test_12503,0.999979973
test_12504,0.999729991
test_12505,0.169229999
test_12506,0.999989986
test_12507,0.876439989
test_12508,0.999970019
test_12509,0.958959997
test_12510,0.999660015
test_12511,0.997250021
test_12512,0.00603999989
test_12513,0.00221000006
test_12514,0.999970019
test_12515,0.00350000011
test_12516,0.999989986
test_12517,9.99999975e-06
test_12518,0.000339999999
test_12519,0.000140000004
test_12520,0.00110999995
test_12521,0.000220000002
test_12522,0.00185999996
test_12523,0
test_12524,0.999989986
test_12525,9.99999975e-06
test_12526,1
test_12527,0
test_12528,9.99999975e-06
test_12529,0.0254100002
test_12530,0.999080002
test_12531,0
test_12532,0.00402999995
test_12533,1
test_12534,0.998130023
test_12535,0.999989986
test_12536,0
test_12537,0.955760002
test_12538,1
test_12539,0.0124500003
test_12540,0.00420999993
test_12541,0.0280300006
test_12542,2.99999992e-05
test_12543,0.0315000005
test_12544,0.000410000008
test_12545,1
test_12546,0.000600000028
test_12547,0
test_12548,0.700519979
test_12549,0.570720017
test_12550,0.711809993
test_12551,0.000609999988
test_12552,0.993439972
test_12553,0.801890016
test_12554,0
test_12555,0.976859987
test_12556,0.315640002
test_12557,0.885029972
test_12558,0.0397399999
test_12559,0.999979973
test_12560,1
test_12561,0.999970019
test_12562,0.00375999999
test_12563,0.601189971
test_12564,0.300909996
test_12565,0.00526000001
test_12566,1
test_12567,0
test_12568,0
test_12569,0.263390005
test_12570,1
test_12571,0
test_12572,0.983519971
test_12573,0
test_12574,9.99999975e-06
test_12575,0
test_12576,0.259519994
test_12577,0.372350007
test_12578,0.330460012
test_12579,1
test_12580,2.99999992e-05
test_12581,0.982940018
test_12582,0.01853
test_12583,0.999989986
test_12584,0.257120013
test_12585,0.999939978
test_12586,0.942110002
test_12587,0.0137299998
test_12588,0
test_12589,0
test_12590,0.888830006
test_12591,1
test_12592,3.9999999e-05
test_12593,0
test_12594,0.0215799995
test_12595,0.634000003
test_12596,0
test_12597,0.999849975
test_12598,9.99999975e-06
test_12599,0
test_12600,0.999769986
test_12601,0.999970019
test_12602,0.0333600007
test_12603,1
test_12604,5.99999985e-05
test_12605,0.73514998
test_12606,0.743830025
test_12607,0
test_12608,0.999779999
test_12609,0.935310006
test_12610,0.0196100008
test_12611,0
test_12612,0.00179000001
test_12613,0.988839984
test_12614,0.0329400003
test_12615,0.674210012
test_12616,2.99999992e-05
test_12617,0
test_12618,0.000360000005
test_12619,0.997089982
test_12620,0.995840013
test_12621,0
test_12622,0
test_12623,0.695829988
test_12624,1
test_12625,0
test_12626,0
test_12627,0.000230000005
test_12628,0.00121000002
test_12629,0.99970001
test_12630,0
test_12631,1
test_12632,0.0662100017
test_12633,0.000250000012
test_12634,0
test_12635,0.624130011
test_12636,0.368649989
test_12637,0.989180028
test_12638,0
test_12639,0.999629974
test_12640,0.192650005
test_12641,0
test_12642,0.656910002
test_12643,0.999979973
test_12644,0
test_12645,1
test_12646,0.999989986
test_12647,0
test_12648,0.00965000037
test_12649,0
test_12650,1
test_12651,0.999979973
test_12652,0
test_12653,0.798129976
test_12654,0
test_12655,1
test_12656,0.999800026
test_12657,0.265610009
test_12658,1
test_12659,2.99999992e-05
test_12660,4.99999987e-05
test_12661,0.993619978
test_12662,1
test_12663,0.322649986
test_12664,0
test_12665,0.998109996
test_12666,0.00437000021
test_12667,0.999859989
test_12668,7.9999998e-05
test_12669,5.99999985e-05
test_12670,0.999970019
test_12671,0.999930024
test_12672,0
test_12673,9.99999975e-06
test_12674,0.550610006
test_12675,0.0022499999
test_12676,1
test_12677,0.999750018
test_12678,0.0255600009
test_12679,0.993550003
test_12680,0.476379991
test_12681,0.945529997
test_12682,0.997479975
test_12683,0
test_12684,0.999890029
test_12685,0.00571000017
test_12686,0.999650002
test_12687,1
test_12688,1
test_12689,0.728999972
test_12690,0.000850000011
test_12691,0.999379992
test_12692,0.999350011
test_12693,0.936890006
test_12694,0.000319999992
test_12695,0
test_12696,0.10548
test_12697,0
test_12698,0.968640029
test_12699,0
test_12700,0.000150000007
test_12701,0.788779974
test_12702,0
test_12703,1.99999995e-05
test_12704,1
test_12705,1
test_12706,0
test_12707,0.264340013
test_12708,0.999989986
test_12709,1
test_12710,0.738139987
test_12711,0.255760014
test_12712,0.997550011
test_12713,0.01511
test_12714,0.0109700002
test_12715,0.0709900036
test_12716,0
test_12717,0.266460001
test_12718,0.000180000003
test_12719,0.743610024
test_12720,1
test_12721,0.999249995
test_12722,0.912249982
test_12723,0
test_12724,3.9999999e-05
test_12725,0.137569994
test_12726,0.30715999
test_12727,0.903509974
test_12728,0.287880003
test_12729,0.00528000016
test_12730,0
test_12731,1
test_12732,0.173189998
test_12733,0.983690023
test_12734,1
test_12735,0.999840021
test_12736,0.999599993
test_12737,0.999989986
test_12738,0.00249999994
test_12739,0.998730004
test_12740,4.99999987e-05
test_12741,0
test_12742,0.31558001
test_12743,0.0360299982
test_12744,0
test_12745,0.00285999989
test_12746,0.922730029
test_12747,0.999989986
test_12748,0.172260001
test_12749,0.00419999985
test_12750,0
test_12751,0.000150000007
test_12752,1
test_12753,0.0270700008
test_12754,0
test_12755,0.851769984
test_12756,1
test_12757,0.511389971
test_12758,0.813920021
test_12759,0
test_12760,0.818920016
test_12761,0.975979984
test_12762,0.000110000001
test_12763,0.336890012
test_12764,0
test_12765,0.999660015
test_12766,9.99999975e-06
test_12767,0
test_12768,0.999979973
test_12769,0.999989986
test_12770,0.00046000001
test_12771,0
test_12772,0.231169999
test_12773,1
test_12774,0
test_12775,1
test_12776,0.00450999988
test_12777,3.9999999e-05
test_12778,1
test_12779,0.985360026
test_12780,1
test_12781,0.999979973
test_12782,0
test_12783,1
test_12784,0.571609974
test_12785,0.999989986
test_12786,0.941320002
test_12787,0.999189973
test_12788,0.0227400009
test_12789,0.999069989
test_12790,0.234259993
test_12791,0
test_12792,0.0143499998
test_12793,0.999970019
test_12794,0.0675999969
test_12795,0.999849975
test_12796,0.999960005
test_12797,1
test_12798,0.0585899986
test_12799,0
test_12800,0.447340012
test_12801,9.99999975e-06
test_12802,1.99999995e-05
test_12803,0.998780012
test_12804,1
test_12805,0.0359300002
test_12806,0.0142099997
test_12807,0.741890013
test_12808,1.99999995e-05
test_12809,1
test_12810,0.000449999992
test_12811,0.999040008
test_12812,0.809069991
test_12813,0.999979973
test_12814,0.349079996
test_12815,0.99980998
test_12816,0.00109000003
test_12817,0
test_12818,0
test_12819,0
test_12820,0.991750002
test_12821,0.955299973
test_12822,0.537320018
test_12823,0.999979973
test_12824,0
test_12825,0.615480006
test_12826,0.854830027
test_12827,0
test_12828,0.967440009
test_12829,0.15997
test_12830,0
test_12831,0
test_12832,1
test_12833,0.00288999989
test_12834,1
test_12835,0.687529981
test_12836,0.121789999
test_12837,0.99879998
test_12838,0.99980998
test_12839,0.000490000006
test_12840,0.00966999959
test_12841,0
test_12842,0
test_12843,1
test_12844,0.431300014
test_12845,0
test_12846,0.000230000005
test_12847,0.971849978
test_12848,0.998510003
test_12849,0.000600000028
test_12850,0.991479993
test_12851,0.00319999992
test_12852,0.00318
test_12853,0.999960005
test_12854,0.0433899984
test_12855,0.0174000002
test_12856,1
test_12857,0.998579979
test_12858,0.000280000007
test_12859,1
test_12860,0.98281002
test_12861,0.00322000007
test_12862,0
test_12863,0
test_12864,3.9999999e-05
test_12865,0.999939978
test_12866,0.406910002
test_12867,0.921329975
test_12868,0.969590008
test_12869,0
test_12870,1
test_12871,0.0496499985
test_12872,0.977729976
test_12873,0.88003999
test_12874,0.820299983
test_12875,4.99999987e-05
test_12876,1.99999995e-05
test_12877,0
test_12878,0.995360017
test_12879,0.96322
test_12880,0.161479995
test_12881,0
test_12882,1
test_12883,9.99999975e-06
test_12884,0.0438699983
test_12885,0
test_12886,0.0465000011
test_12887,0
test_12888,9.99999975e-06
test_12889,0
test_12890,1
test_12891,9.99999975e-06
test_12892,0.920599997
test_12893,1
test_12894,0.0149699999
test_12895,0.999319971
test_12896,0.944620013
test_12897,0.999289989
test_12898,0.921649992
test_12899,0.310600013
test_12900,0.994350016
test_12901,0.999769986
test_12902,0.999899983
test_12903,0.887359977
test_12904,0.0157999992
test_12905,1
test_12906,0
test_12907,0
test_12908,0.999800026
test_12909,1
test_12910,0.0243599992
test_12911,0.999960005
test_12912,1
test_12913,0
test_12914,0
test_12915,0.937489986
test_12916,1
test_12917,0.999729991
test_12918,0
test_12919,0.0600299984
test_12920,1
test_12921,0
test_12922,0.00208000001
test_12923,0.999960005
test_12924,1
test_12925,0.998019993
test_12926,0.999970019
test_12927,9.00000014e-05
test_12928,0
test_12929,1
test_12930,0.999970019
test_12931,0.00133999996
test_12932,1.99999995e-05
test_12933,1
test_12934,0.00832999963
test_12935,0.199369997
test_12936,0.980480015
test_12937,0.25613001
test_12938,0.0510599986
test_12939,0.999989986
test_12940,0.93945998
test_12941,0.880460024
test_12942,0.762059987
test_12943,1.99999995e-05
test_12944,0.999710023
test_12945,0.00254000002
test_12946,1
test_12947,0.992439985
test_12948,0.119379997
test_12949,2.99999992e-05
test_12950,0.997269988
test_12951,0.290190011
test_12952,0.303250015
test_12953,1
test_12954,0.00124000001
test_12955,0.376049995
test_12956,0.999989986
test_12957,0.135130003
test_12958,0.000679999997
test_12959,0.712989986
test_12960,0.99958998
test_12961,1.99999995e-05
test_12962,0.0166200008
test_12963,1
test_12964,0
test_12965,0.839850008
test_12966,0.888960004
test_12967,9.99999975e-06
test_12968,0.000769999984
test_12969,0.0250599999
test_12970,0.316989988
test_12971,0
test_12972,0.00662000012
test_12973,0
test_12974,0.000300000014
test_12975,0.000260000001
test_12976,0.00158000004
test_12977,0
test_12978,0.998889983
test_12979,0.000449999992
test_12980,9.99999975e-06
test_12981,0.999880016
test_12982,0.999979973
test_12983,0.49623999
test_12984,0.852530003
test_12985,0.995840013
test_12986,0.978760004
test_12987,0.999719977
test_12988,0.000280000007
test_12989,0.193010002
test_12990,0.973969996
test_12991,0.278679997
test_12992,0.986790001
test_12993,1
test_12994,0.00026999999
test_12995,0.944100022
test_12996,0.964139998
test_12997,1.99999995e-05
test_12998,1
test_12999,0.0091599999
test_13000,0.852500021
test_13001,1
test_13002,0
test_13003,1
test_13004,0.0351199992
test_13005,0.00107999996
test_13006,0.00283999997
test_13007,0
test_13008,0.741940022
test_13009,0.992500007
test_13010,0.688269973
test_13011,0.401030004
test_13012,0.375099987
test_13013,0.997690022
test_13014,0.000300000014
test_13015,1
test_13016,0
test_13017,0.998130023
test_13018,0
test_13019,0.993149996
test_13020,0.0846100003
test_13021,0.0150899999
test_13022,0.0037
test_13023,0.773580015
test_13024,0.999670029
test_13025,1
test_13026,0.989440024
test_13027,0.983359993
test_13028,0
test_13029,0.999970019
test_13030,0.0214200001
test_13031,0.0387400016
test_13032,0.861100018
test_13033,5.99999985e-05
test_13034,0.915899992
test_13035,0.000159999996
test_13036,0.322459996
test_13037,1
test_13038,0.00313000008
test_13039,1
test_13040,0.0153999999
test_13041,0.993730009
test_13042,0.0463000014
test_13043,0.999989986
test_13044,0.999979973
test_13045,9.99999975e-06
test_13046,0.999710023
test_13047,0.0284100007
test_13048,0
test_13049,0.999989986
test_13050,0
test_13051,0.326050013
test_13052,0.961109996
test_13053,0.999490023
test_13054,0.0418599993
test_13055,0.00896999985
test_13056,0.998969972
test_13057,2.99999992e-05
test_13058,0
test_13059,0.999610007
test_13060,0.994289994
test_13061,1
test_13062,1
test_13063,0.00527000008
test_13064,0.00168999995
test_13065,1
test_13066,0.178619996
test_13067,0.17306
test_13068,0.805320024
test_13069,0.999989986
test_13070,0.069219999
test_13071,0
test_13072,2.99999992e-05
test_13073,0.668030024
test_13074,0.996389985
test_13075,0.999909997
test_13076,0.931140006
test_13077,0.295670003
test_13078,0.999970019
test_13079,0.788760006
test_13080,9.99999975e-06
test_13081,0
test_13082,0.999979973
test_13083,0.968270004
test_13084,0.936930001
test_13085,0.999989986
test_13086,0.260399997
test_13087,0.000440000003
test_13088,0.0421000011
test_13089,0.129500002
test_13090,9.99999975e-06
test_13091,0.00425000023
test_13092,0.998149991
test_13093,0
test_13094,0.993799984
test_13095,0.998099983
test_13096,0
test_13097,0.000679999997
test_13098,0.181480005
test_13099,0.02293
test_13100,0
test_13101,0.101530001
test_13102,0.578750014
test_13103,0.00112999999
test_13104,0
test_13105,0.99357003
test_13106,0.993210018
test_13107,0.762969971
test_13108,0.999989986
test_13109,0
test_13110,1
test_13111,0.198039994
test_13112,0.986710012
test_13113,0.323940009
test_13114,0.104769997
test_13115,0.11146
test_13116,0.677850008
test_13117,5.99999985e-05
test_13118,2.99999992e-05
test_13119,0.000300000014
test_13120,9.99999975e-06
test_13121,0.412970006
test_13122,9.99999975e-06
test_13123,0.0747099966
test_13124,0.748099983
test_13125,0.948310018
test_13126,0.0449000001
test_13127,0.99733001
test_13128,0.958090007
test_13129,0.0383200012
test_13130,0.999989986
test_13131,9.00000014e-05
test_13132,0.32833001
test_13133,1.99999995e-05
test_13134,0
test_13135,0
test_13136,0.836049974
test_13137,0.998579979
test_13138,0.854049981
test_13139,0.596180022
test_13140,0
test_13141,1
test_13142,4.99999987e-05
test_13143,0.999260008
test_13144,0
test_13145,0.767690003
test_13146,0.999949992
test_13147,1
test_13148,0
test_13149,0.349070013
test_13150,0.0623300001
test_13151,1
test_13152,0.000380000012
test_13153,0.999949992
test_13154,0.00115000003
test_13155,1
test_13156,0.00106000004
test_13157,0.997080028
test_13158,0.0693600029
test_13159,0.999970019
test_13160,0.454650015
test_13161,0.0983999968
test_13162,0.0236900002
test_13163,0.992299974
test_13164,0.00158000004
test_13165,0.973089993
test_13166,0.00258999993
test_13167,0.00313000008
test_13168,3.9999999e-05
test_13169,0.876399994
test_13170,0.168400005
test_13171,0.933610022
test_13172,1
test_13173,3.9999999e-05
test_13174,0.996119976
test_13175,0
test_13176,0.144549996
test_13177,0.0074
test_13178,0.0483999997
test_13179,2.99999992e-05
test_13180,0.999989986
test_13181,0.00208000001
test_13182,0.715489984
test_13183,1
test_13184,0.0246900003
test_13185,1
test_13186,0.985029995
test_13187,0.999979973
test_13188,0
test_13189,0.00107
test_13190,9.99999975e-06
test_13191,7.9999998e-05
test_13192,1
test_13193,0.000349999988
test_13194,0.999650002
test_13195,0.960520029
test_13196,1
test_13197,0
test_13198,0.303490013
test_13199,0.376949996
test_13200,0.000739999989
test_13201,9.99999975e-06
test_13202,0.998340011
test_13203,1
test_13204,0.883260012
test_13205,0.0877799988
test_13206,0
test_13207,0.998549998
test_13208,0
test_13209,0
test_13210,0.999909997
test_13211,0.0709099993
test_13212,0.99763
test_13213,0.02269
test_13214,0
test_13215,7.9999998e-05
test_13216,0.999339998
test_13217,0.999930024
test_13218,1
test_13219,0.967719972
test_13220,0.995869994
test_13221,0.000639999984
test_13222,0.989549994
test_13223,0.0265200008
test_13224,1
test_13225,0.00218000007
test_13226,0.999989986
test_13227,1
test_13228,0.0193399992
test_13229,9.99999975e-06
test_13230,0.000349999988
test_13231,0.874849975
test_13232,0.977490008
test_13233,0
test_13234,0.999719977
test_13235,7.00000019e-05
test_13236,0.213310003
test_13237,0
test_13238,1
test_13239,0.884050012
test_13240,0
test_13241,0
test_13242,0.00318
test_13243,0.739180028
test_13244,0.99770999
test_13245,0.810699999
test_13246,0.95243001
test_13247,0.999989986
test_13248,0.981249988
test_13249,0.255389988
test_13250,0.995159984
test_13251,0.0107399998
test_13252,1.99999995e-05
test_13253,0.249009997
test_13254,0.01425
test_13255,0.999220014
test_13256,0
test_13257,0.000509999983
test_13258,0.390320003
test_13259,0.999989986
test_13260,0.00671999995
test_13261,0
test_13262,0
test_13263,0
test_13264,0.913219988
test_13265,0.999660015
test_13266,0.999890029
test_13267,0.0724700019
test_13268,0.000579999993
test_13269,0
test_13270,0
test_13271,0
test_13272,0
test_13273,1
test_13274,0.000110000001
test_13275,0.000469999999
test_13276,3.9999999e-05
test_13277,0.00138000003
test_13278,0.0209500007
test_13279,0.0225300007
test_13280,0.00375999999
test_13281,0.999960005
test_13282,0
test_13283,0.582750022
test_13284,0.82239002
test_13285,0.0809099972
test_13286,0.961099982
test_13287,0
test_13288,0.999899983
test_13289,0
test_13290,0.999970019
test_13291,1
test_13292,0.999979973
test_13293,1
test_13294,0.992730021
test_13295,1
test_13296,0.998899996
test_13297,0.00104999996
test_13298,0.999989986
test_13299,0.999989986
test_13300,0.834010005
test_13301,0.995119989
test_13302,0.995419979
test_13303,0
test_13304,0.998210013
test_13305,7.9999998e-05
test_13306,0.00387999997
test_13307,0
test_13308,0.999459982
test_13309,1
test_13310,1
test_13311,0.98864001
test_13312,0.00182999996
test_13313,0.520699978
test_13314,0.996890008
test_13315,1
test_13316,0
test_13317,0.999960005
test_13318,0.0038699999
test_13319,0.906099975
test_13320,9.99999975e-06
test_13321,0.0140199997
test_13322,3.9999999e-05
test_13323,1
test_13324,0.321660012
test_13325,9.99999975e-05
test_13326,0
test_13327,1
test_13328,0
test_13329,0
test_13330,0
test_13331,0.0509399995
test_13332,0
test_13333,1
test_13334,0.162609994
test_13335,0
test_13336,0.0128699997
test_13337,1
test_13338,0.00442000013
test_13339,0.932640016
test_13340,0.000349999988
test_13341,1
test_13342,0.148900002
test_13343,1
test_13344,0.993059993
test_13345,0.874599993
test_13346,0.786199987
test_13347,0.0256600007
test_13348,0
test_13349,0
test_13350,2.99999992e-05
test_13351,0.999989986
test_13352,0
test_13353,9.99999975e-06
test_13354,0.999419987
test_13355,0.962750018
test_13356,0.999949992
test_13357,0.000390000001
test_13358,1
test_13359,0.999970019
test_13360,1
test_13361,0.680989981
test_13362,0.998619974
test_13363,0
test_13364,0.982749999
test_13365,0.258749992
test_13366,1
test_13367,0.999939978
test_13368,0.0317299999
test_13369,0
test_13370,0.0864299983
test_13371,0.999989986
test_13372,1
test_13373,0.848140001
test_13374,0.999890029
test_13375,0.982410014
test_13376,1
test_13377,0.705900013
test_13378,0
test_13379,0.0415100008
test_13380,0.619069993
test_13381,0
test_13382,1
test_13383,1
test_13384,0.99338001
test_13385,0.0169600006
test_13386,1.99999995e-05
test_13387,0
test_13388,0
test_13389,9.99999975e-06
test_13390,0.01511
test_13391,1
test_13392,0.00375999999
test_13393,0.469749987
test_13394,1
test_13395,0.999909997
test_13396,1
test_13397,0.196600005
test_13398,0.000280000007
test_13399,0.999759972
test_13400,0.99871999
test_13401,0.00216999999
test_13402,0.45302999
test_13403,0.997150004
test_13404,0.999629974
test_13405,1
test_13406,0.99980998
test_13407,9.99999975e-06
test_13408,0.00109999999
test_13409,0.49970001
test_13410,0
test_13411,1
test_13412,0.0013
test_13413,0.121809997
test_13414,0.49454999
test_13415,0.996760011
test_13416,1
test_13417,0.00079999998
test_13418,9.99999975e-06
test_13419,0.841069996
test_13420,0.999679983
test_13421,0
test_13422,0.000150000007
test_13423,0.127540007
test_13424,0.716820002
test_13425,0.111380003
test_13426,0.0252299998
test_13427,1
test_13428,1
test_13429,0.999870002
test_13430,0
test_13431,1
test_13432,2.99999992e-05
test_13433,0.00457999995
test_13434,0.999989986
test_13435,0.615419984
test_13436,9.99999975e-06
test_13437,0
test_13438,0.0716599971
test_13439,0.999970019
test_13440,0.99921
test_13441,0.999610007
test_13442,1
test_13443,0.959890008
test_13444,1
test_13445,1
test_13446,0
test_13447,0.972490013
test_13448,9.00000014e-05
test_13449,0
test_13450,0.474750012
test_13451,3.9999999e-05
test_13452,0.40211001
test_13453,0.994520009
test_13454,0
test_13455,0.312070012
test_13456,1
test_13457,0.202419996
test_13458,0.225380003
test_13459,0.988200009
test_13460,0.673300028
test_13461,0
test_13462,0.999710023
test_13463,0
test_13464,0
test_13465,0.988279998
test_13466,0.989009976
test_13467,0
test_13468,0
test_13469,0.999000013
test_13470,0.00092000002
test_13471,1
test_13472,0.999719977
test_13473,1
test_13474,0.971080005
test_13475,0.999530017
test_13476,0.00560999988
test_13477,0.999989986
test_13478,1
test_13479,0.999769986
test_13480,0.0206599999
test_13481,0.996879995
test_13482,0.0551499985
test_13483,0.947300017
test_13484,0.896269977
test_13485,0.938269973
test_13486,0.42535001
test_13487,0.00263
test_13488,2.99999992e-05
test_13489,0.999930024
test_13490,0
test_13491,0.746010005
test_13492,0.548590004
test_13493,1
test_13494,0
test_13495,0.00251000002
test_13496,0.988810003
test_13497,0.0573300011
test_13498,0.865119994
test_13499,0.000260000001
test_13500,0.67118001
test_13501,0
test_13502,0.11265
test_13503,0.222560003
test_13504,0.00332999998
test_13505,0.00101000001
test_13506,0.706889987
test_13507,0.000209999998
test_13508,0.999750018
test_13509,0
test_13510,0.944819987
test_13511,0.985130012
test_13512,0.967209995
test_13513,0.00243999995
test_13514,0.00141000003
test_13515,0.000220000002
test_13516,0
test_13517,0.00340000005
test_13518,0
test_13519,0.233009994
test_13520,0.164360002
test_13521,1
test_13522,0.00092000002
test_13523,1
test_13524,0.99958998
test_13525,1
test_13526,0
test_13527,0.990549982
test_13528,0.999390006
test_13529,1
test_13530,1
test_13531,0
test_13532,0.0453400016
test_13533,0.267060012
test_13534,0.00338999997
test_13535,0.998109996
test_13536,0.0255500004
test_13537,0
test_13538,1.99999995e-05
test_13539,0.397139996
test_13540,0.949109972
test_13541,1
test_13542,0
test_13543,0.00258000009
test_13544,0.999849975
test_13545,0.99849999
test_13546,0.999639988
test_13547,0.000150000007
test_13548,0.00448000012
test_13549,0.849420011
test_13550,0.000609999988
test_13551,0.97894001
test_13552,0
test_13553,1
test_13554,0.996259987
test_13555,0
test_13556,0.0581800006
test_13557,0.999970019
test_13558,0
test_13559,0
test_13560,0.00164000003
test_13561,0.00249999994
test_13562,0.100199997
test_13563,0.998740017
test_13564,0.934119999
test_13565,1
test_13566,0.754130006
test_13567,0.999769986
test_13568,0.588270009
test_13569,0.629410028
test_13570,0.999230027
test_13571,0.282400012
test_13572,0.517679989
test_13573,0.999989986
test_13574,0.895780027
test_13575,1
test_13576,0.00156
test_13577,0.00461999979
test_13578,0.85729003
test_13579,0.166820005
test_13580,0
test_13581,0.999989986
test_13582,0.999989986
test_13583,0
test_13584,1
test_13585,1
test_13586,1
test_13587,0.345770001
test_13588,0.0119700003
test_13589,0.999989986
test_13590,0.0179600008
test_13591,0.00092000002
test_13592,0.999360025
test_13593,1
test_13594,4.99999987e-05
test_13595,0
test_13596,0
test_13597,0
test_13598,9.99999975e-05
test_13599,0.998529971
test_13600,9.00000014e-05
test_13601,0.975459993
test_13602,1
test_13603,0.999989986
test_13604,1
test_13605,0.21153
test_13606,0.999570012
test_13607,0.00212000008
test_13608,0
test_13609,0.912829995
test_13610,1
test_13611,0.998319983
test_13612,0.765649974
test_13613,0.848640025
test_13614,1
test_13615,0.910099983
test_13616,0.00236000004
test_13617,0.999430001
test_13618,0
test_13619,0.999890029
test_13620,0.251320004
test_13621,0.0942300037
test_13622,0.999989986
test_13623,0
test_13624,0
test_13625,0.404740006
test_13626,0.00891999993
test_13627,0
test_13628,0.0547100008
test_13629,0
test_13630,0
test_13631,9.99999975e-06
test_13632,1
test_13633,0.000560000015
test_13634,0.989499986
test_13635,0.00565000018
test_13636,0.999979973
test_13637,0.128209993
test_13638,0.999249995
test_13639,0.999580026
test_13640,0.38519001
test_13641,0.834749997
test_13642,0.100340001
test_13643,0
test_13644,0
test_13645,1
test_13646,0.978910029
test_13647,0.52640003
test_13648,0.200489998
test_13649,0.00491000013
test_13650,1.99999995e-05
test_13651,0.612770021
test_13652,0.000310000003
test_13653,0.998769999
test_13654,0
test_13655,0
test_13656,0.992709994
test_13657,0.115170002
test_13658,0.944630027
test_13659,0.999059975
test_13660,0.794099987
test_13661,0.973850012
test_13662,0.658990026
test_13663,0.00331000006
test_13664,1
test_13665,0.00392000005
test_13666,0.995239973
test_13667,0
test_13668,2.99999992e-05
test_13669,0.211429998
test_13670,0.000760000024
test_13671,0.303559989
test_13672,0
test_13673,0.00615999987
test_13674,0.000339999999
test_13675,0.0110200001
test_13676,0.0109299999
test_13677,7.00000019e-05
test_13678,0
test_13679,0.000140000004
test_13680,0.0267500002
test_13681,1
test_13682,0.99752003
test_13683,0.999949992
test_13684,0.317939997
test_13685,0.0510799997
test_13686,1.99999995e-05
test_13687,0.998030007
test_13688,0.638670027
test_13689,0.999960005
test_13690,0.296139985
test_13691,1
test_13692,0.725139976
test_13693,0.163719997
test_13694,0.0147399995
test_13695,1
test_13696,0.999890029
test_13697,0.141540006
test_13698,1
test_13699,0.999949992
test_13700,1
test_13701,0.00613000011
test_13702,0.999970019
test_13703,0
test_13704,0
test_13705,1
test_13706,0
test_13707,0
test_13708,0.00209999993
test_13709,0.672339976
test_13710,0.71667999
test_13711,0.00141999999
test_13712,0.705919981
test_13713,0.919459999
test_13714,0.00033000001
test_13715,0.000690000015
test_13716,9.99999975e-06
test_13717,0.999890029
test_13718,0.977999985
test_13719,0.892130017
test_13720,0.550069988
test_13721,0.999989986
test_13722,0.590600014
test_13723,0
test_13724,0.00222999998
test_13725,1
test_13726,0
test_13727,0.991119981
test_13728,9.99999975e-06
test_13729,1
test_13730,0
test_13731,0.000190000006
test_13732,1
test_13733,0.874960005
test_13734,0.000530000019
test_13735,0.997659981
test_13736,1
test_13737,0
test_13738,0.752650023
test_13739,0.999970019
test_13740,0.000939999998
test_13741,3.9999999e-05
test_13742,0.000380000012
test_13743,9.00000014e-05
test_13744,0.390899986
test_13745,0.15591
test_13746,0.303579986
test_13747,0
test_13748,0
test_13749,0.34176001
test_13750,1.99999995e-05
test_13751,0.185530007
test_13752,0.00092000002
test_13753,0.1118
test_13754,1
test_13755,0.000310000003
test_13756,0.999450028
test_13757,9.99999975e-06
test_13758,5.99999985e-05
test_13759,0.310930014
test_13760,1.99999995e-05
test_13761,0
test_13762,0
test_13763,0.999989986
test_13764,0.999989986
test_13765,1
test_13766,0
test_13767,0.000150000007
test_13768,0.999870002
test_13769,0.979070008
test_13770,0.0637800023
test_13771,0.00899
test_13772,0
test_13773,1
test_13774,0.0265500005
test_13775,0
test_13776,0.999949992
test_13777,0.999989986
test_13778,0.400999993
test_13779,0.0256299991
test_13780,1
test_13781,9.00000014e-05
test_13782,1
test_13783,0.00377000007
test_13784,0.000509999983
test_13785,0.999979973
test_13786,0.0236300007
test_13787,0.999379992
test_13788,0.947619975
test_13789,0.0136799999
test_13790,0.92306
test_13791,1.99999995e-05
test_13792,0.999840021
test_13793,0.752170026
test_13794,0
test_13795,0.00150999997
test_13796,1
test_13797,0.999970019
test_13798,5.99999985e-05
test_13799,0.0599999987
test_13800,0.993520021
test_13801,0.999119997
test_13802,0.991259992
test_13803,0
test_13804,0.050379999
test_13805,0.641669989
test_13806,0.99594003
test_13807,0
test_13808,0.999939978
test_13809,0.00121999998
test_13810,1
test_13811,0.0272000004
test_13812,0.50959003
test_13813,1
test_13814,0
test_13815,0.973640025
test_13816,0.999979973
test_13817,0.0183099993
test_13818,0.00918000005
test_13819,0.998189986
test_13820,1
test_13821,0
test_13822,0.00171999994
test_13823,1
test_13824,0
test_13825,0.158519998
test_13826,0.999490023
test_13827,0.961950004
test_13828,0.832120001
test_13829,1
test_13830,0.44137001
test_13831,4.99999987e-05
test_13832,0.982949972
test_13833,0.999989986
test_13834,0.431589991
test_13835,0.908089995
test_13836,0.969649971
test_13837,0.106660001
test_13838,0.535430014
test_13839,0.798349977
test_13840,0.979969978
test_13841,0
test_13842,0.999840021
test_13843,0.0315099992
test_13844,0.0144999996
test_13845,0.999339998
test_13846,0.999350011
test_13847,0
test_13848,1
test_13849,0.00135999999
test_13850,0.912940025
test_13851,0.17013
test_13852,0.0600900017
test_13853,0.991280019
test_13854,0.41049999
test_13855,0.00630000001
test_13856,0
test_13857,0.999970019
test_13858,0.921339989
test_13859,1
test_13860,0.181659997
test_13861,1
test_13862,0.984210014
test_13863,0.999840021
test_13864,1.99999995e-05
test_13865,1
test_13866,0
test_13867,0.654799998
test_13868,0.790690005
test_13869,0.117349997
test_13870,0.23398
test_13871,9.99999975e-06
test_13872,0.00141000003
test_13873,0.969879985
test_13874,0.999970019
test_13875,2.99999992e-05
test_13876,1
test_13877,0.000310000003
test_13878,0.994009972
test_13879,0
test_13880,0.999989986
test_13881,0.999979973
test_13882,0
test_13883,1
test_13884,9.00000014e-05
test_13885,0.000110000001
test_13886,0.977299988
test_13887,0.0625300035
test_13888,0.0886000022
test_13889,0
test_13890,0.464830011
test_13891,1
test_13892,0.999989986
test_13893,0.00100000005
test_13894,0
test_13895,0
test_13896,0.995920002
test_13897,0
test_13898,0.997749984
test_13899,0.584659994
test_13900,0.825950027
test_13901,0
test_13902,0
test_13903,0.999559999
test_13904,0.999960005
test_13905,0
test_13906,0.999989986
test_13907,1
test_13908,0.00585999992
test_13909,0.917110026
test_13910,1
test_13911,0.606239974
test_13912,0.972980022
test_13913,9.99999975e-05
test_13914,0.992659986
test_13915,0.621969998
test_13916,0.957289994
test_13917,0
test_13918,0.00224000006
test_13919,1
test_13920,0.000289999996
test_13921,0.999849975
test_13922,0.134010002
test_13923,1
test_13924,0.999729991
test_13925,1
test_13926,0.990830004
test_13927,0
test_13928,0.999800026
test_13929,0.999859989
test_13930,0.999289989
test_13931,0.999740005
test_13932,0.999539971
test_13933,0.745069981
test_13934,0.000169999999
test_13935,5.99999985e-05
test_13936,0.962450027
test_13937,0.996860027
test_13938,0.994830012
test_13939,1
test_13940,0.999970019
test_13941,0.00694999984
test_13942,0.00227000006
test_13943,0.996940017
test_13944,1
test_13945,0.278609991
test_13946,9.99999975e-05
test_13947,0.01437
test_13948,0
test_13949,0.00850000046
test_13950,0
test_13951,0.995800018
test_13952,0.180270001
test_13953,0.999819994
test_13954,0.956309974
test_13955,1
test_13956,0.999769986
test_13957,0.0440099984
test_13958,1
test_13959,0.000690000015
test_13960,0.979070008
test_13961,1
test_13962,0.973829985
test_13963,0.883430004
test_13964,0.98514998
test_13965,0.999390006
test_13966,0
test_13967,1
test_13968,0.534080029
test_13969,0.0407200009
test_13970,0
test_13971,0.492170006
test_13972,0
test_13973,0.999890029
test_13974,0.167339996
test_13975,1
test_13976,7.9999998e-05
test_13977,0.999960005
test_13978,0.986400008
test_13979,0.0038699999
test_13980,0.0509300008
test_13981,0
test_13982,0.126120001
test_13983,0.999849975
test_13984,0.999939978
test_13985,1
test_13986,0.610509992
test_13987,0.00150000001
test_13988,0.994080007
test_13989,1
test_13990,0.999970019
test_13991,0.0135700004
test_13992,0.999979973
test_13993,9.99999975e-06
test_13994,0.000560000015
test_13995,0.985539973
test_13996,0.999939978
test_13997,0
test_13998,0
test_13999,1
test_14000,0
test_14001,0.000150000007
test_14002,9.99999975e-06
test_14003,0.698729992
test_14004,1
test_14005,0.00349000003
test_14006,1
test_14007,1
test_14008,0.999960005
test_14009,0.602710009
test_14010,0
test_14011,0.997799993
test_14012,0.999949992
test_14013,0.999920011
test_14014,0.120719999
test_14015,0.999939978
test_14016,1
test_14017,0
test_14018,3.9999999e-05
test_14019,0.958320022
test_14020,0.00694999984
test_14021,0
test_14022,1
test_14023,0
test_14024,9.99999975e-06
test_14025,0.998989999
test_14026,0.0639699996
test_14027,0.0311799999
test_14028,0.999979973
test_14029,0.00184000004
test_14030,1
test_14031,0.00109000003
test_14032,0.000110000001
test_14033,0.00240999996
test_14034,9.99999975e-06
test_14035,0.0784699991
test_14036,0.00475999992
test_14037,3.9999999e-05
test_14038,0
test_14039,0.533909976
test_14040,0.294730008
test_14041,5.99999985e-05
test_14042,1
test_14043,0.0672499985
test_14044,0.0471599996
test_14045,9.99999975e-06
test_14046,0.000150000007
test_14047,0.99466002
test_14048,0.00133999996
test_14049,0.324519992
test_14050,0.0289699994
test_14051,0.02458
test_14052,0.999930024
test_14053,1
test_14054,0.233160004
test_14055,5.99999985e-05
test_14056,0
test_14057,0.998889983
test_14058,0.99654001
test_14059,0.234400004
test_14060,0.715499997
test_14061,0.793959975
test_14062,0.000180000003
test_14063,0
test_14064,0.999639988
test_14065,0.820050001
test_14066,7.00000019e-05
test_14067,0.869319975
test_14068,0.999989986
test_14069,0.105860002
test_14070,0.882619977
test_14071,0
test_14072,0.916580021
test_14073,0.904240012
test_14074,1
test_14075,0.0942799971
test_14076,0
test_14077,1
test_14078,0.999440014
test_14079,0.999310017
test_14080,0.638119996
test_14081,0.0452199988
test_14082,0.978060007
test_14083,0.0130099999
test_14084,0.907949984
test_14085,0.999779999
test_14086,0.561230004
test_14087,1
test_14088,0.999949992
test_14089,0.000390000001
test_14090,0.000410000008
test_14091,0
test_14092,0.527800024
test_14093,0.72992003
test_14094,0.998929977
test_14095,0.0179500002
test_14096,1
test_14097,0.987309992
test_14098,0.999670029
test_14099,0.668089986
test_14100,0.992730021
test_14101,0.999970019
test_14102,0.660709977
test_14103,0.273849994
test_14104,0.960189998
test_14105,1.99999995e-05
test_14106,0.223079994
test_14107,0.262239993
test_14108,0
test_14109,0
test_14110,9.99999975e-06
test_14111,1
test_14112,0.251929998
test_14113,0.000410000008
test_14114,0.00026999999
test_14115,0
test_14116,1
test_14117,0.505289972
test_14118,0
test_14119,1
test_14120,4.99999987e-05
test_14121,0
test_14122,0.397709996
test_14123,0.995649993
test_14124,9.99999975e-06
test_14125,0.999979973
test_14126,0.999899983
test_14127,0.743809998
test_14128,0
test_14129,0.0346500017
test_14130,0
test_14131,0.000300000014
test_14132,0.999740005
test_14133,0.000419999997
test_14134,0
test_14135,0.774320006
test_14136,0.139119998
test_14137,0.00107999996
test_14138,0.177100003
test_14139,9.99999975e-06
test_14140,0.998769999
test_14141,0.405090004
test_14142,0
test_14143,0
test_14144,5.99999985e-05
test_14145,0
test_14146,0.00675000018
test_14147,1
test_14148,1.99999995e-05
test_14149,0.999859989
test_14150,0
test_14151,0.791559994
test_14152,0.47202
test_14153,0
test_14154,0.782700002
test_14155,0.00707999989
test_14156,0
test_14157,0.00380999991
test_14158,0.743099988
test_14159,0
test_14160,0.00486000022
test_14161,0
test_14162,1
test_14163,1
test_14164,0.776709974
test_14165,1
test_14166,0.00101999997
test_14167,0.350300014
test_14168,9.99999975e-06
test_14169,0.00288000004
test_14170,1
test_14171,0.999970019
test_14172,0.136409998
test_14173,9.99999975e-06
test_14174,0.969420016
test_14175,1
test_14176,0
test_14177,0
test_14178,0
test_14179,1
test_14180,0.900940001
test_14181,0.185100004
test_14182,0
test_14183,0.767430007
test_14184,0.208320007
test_14185,1
test_14186,0
test_14187,9.99999975e-06
test_14188,0.941200018
test_14189,9.99999975e-06
test_14190,1
test_14191,1
test_14192,1
test_14193,0.0133100003
test_14194,0.990819991
test_14195,0.999840021
test_14196,0.620389998
test_14197,0.0717599988
test_14198,0.265430003
test_14199,9.00000014e-05
test_14200,0.0037
test_14201,0
test_14202,2.99999992e-05
test_14203,0.0749199986
test_14204,0.0452199988
test_14205,0.957159996
test_14206,0.0692000017
test_14207,0.0330299996
test_14208,0.996029973
test_14209,0.000600000028
test_14210,0.989149988
test_14211,9.99999975e-06
test_14212,1
test_14213,4.99999987e-05
test_14214,0.990480006
test_14215,0.997280002
test_14216,0.00039999999
test_14217,0.00791999977
test_14218,0.767579973
test_14219,0.999480009
test_14220,0
test_14221,0.999779999
test_14222,0
test_14223,0.00121999998
test_14224,0.239559993
test_14225,0.999710023
test_14226,0.000829999975
test_14227,0.992259979
test_14228,0.000479999988
test_14229,0.999580026
test_14230,0.995230019
test_14231,0.704050004
test_14232,0
test_14233,1
test_14234,0
test_14235,0
test_14236,3.9999999e-05
test_14237,1
test_14238,1.99999995e-05
test_14239,0.63786
test_14240,0
test_14241,0.0803700015
test_14242,0.00046000001
test_14243,0.999979973
test_14244,0.834779978
test_14245,0.946020007
test_14246,0.999949992
test_14247,0.286370009
test_14248,0.962610006
test_14249,0
test_14250,1
test_14251,0.999629974
test_14252,0.000760000024
test_14253,0.999949992
test_14254,0.998960018
test_14255,9.99999975e-06
test_14256,0.00453000003
test_14257,0.989329994
test_14258,0.752699971
test_14259,0.532970011
test_14260,0
test_14261,9.99999975e-06
test_14262,0.999979973
test_14263,0.00316999992
test_14264,0.999480009
test_14265,0
test_14266,0
test_14267,0.370829999
test_14268,0
test_14269,0.990719974
test_14270,0
test_14271,0.000730000029
test_14272,0.995790005
test_14273,0.0173199996
test_14274,1
test_14275,0.000650000002
test_14276,0
test_14277,0.338369995
test_14278,0.939540029
test_14279,0.999989986
test_14280,0.229780003
test_14281,0.993579984
test_14282,0.40358001
test_14283,0
test_14284,1
test_14285,0.789420009
test_14286,0.999689996
test_14287,0.651310027
test_14288,0.119709998
test_14289,1
test_14290,0.0216600001
test_14291,0.999450028
test_14292,0
test_14293,0.996420026
test_14294,9.99999975e-06
test_14295,1
test_14296,0.999989986
test_14297,0.981999993
test_14298,1
test_14299,0.996010005
test_14300,0.663479984
test_14301,0
test_14302,0.108549997
test_14303,0.984839976
test_14304,0.615019977
test_14305,0.0517500006
test_14306,0.852840006
test_14307,1
test_14308,0.999970019
test_14309,0.00013
test_14310,0.000110000001
test_14311,1
test_14312,0.933210015
test_14313,0.770919979
test_14314,0.350710005
test_14315,0
test_14316,0
test_14317,0.861389995
test_14318,9.99999975e-06
test_14319,0.997049987
test_14320,0.124080002
test_14321,0.999840021
test_14322,0.998560011
test_14323,9.99999975e-06
test_14324,0.941510022
test_14325,0.805989981
test_14326,0.00637000008
test_14327,0
test_14328,1
test_14329,0
test_14330,0.000709999993
test_14331,0.312550008
test_14332,0.999970019
test_14333,0.0512400009
test_14334,0.965680003
test_14335,0.888010025
test_14336,0.902050018
test_14337,0
test_14338,3.9999999e-05
test_14339,1
test_14340,0.995509982
test_14341,0.997730017
test_14342,0.290939987
test_14343,1
test_14344,0.26403001
test_14345,0
test_14346,0.811630011
test_14347,1
test_14348,0.000339999999
test_14349,0.999989986
test_14350,0.487709999
test_14351,0
test_14352,4.99999987e-05
test_14353,0.998090029
test_14354,0
test_14355,0.425630003
test_14356,0.988129973
test_14357,0
test_14358,0.99289
test_14359,0.795440018
test_14360,0.995760024
test_14361,0
test_14362,0.999989986
test_14363,0.00240000011
test_14364,0.998059988
test_14365,0.134509996
test_14366,0.999800026
test_14367,0.431580007
test_14368,0.802079976
test_14369,0.897870004
test_14370,1
test_14371,0.997860014
test_14372,0.00013
test_14373,0.800970018
test_14374,0.550580025
test_14375,0.996249974
test_14376,7.9999998e-05
test_14377,0.000720000011
test_14378,0.789479971
test_14379,0
test_14380,0.559889972
test_14381,0.355479985
test_14382,0.740559995
test_14383,1
test_14384,1.99999995e-05
test_14385,0.884339988
test_14386,0.232999995
test_14387,0.00455000019
test_14388,0
test_14389,0.0039400002
test_14390,1
test_14391,0.431699991
test_14392,0.999989986
test_14393,0.140640005
test_14394,1
test_14395,0.754339993
test_14396,1
test_14397,0.999989986
test_14398,0.999989986
test_14399,0.000180000003
test_14400,0.968420029
test_14401,0.135389999
test_14402,0
test_14403,0.89823997
test_14404,0.24402
test_14405,0.999960005
test_14406,0.731830001
test_14407,0.0832699984
test_14408,7.00000019e-05
test_14409,0.99879998
test_14410,0.945490003
test_14411,0
test_14412,0.999989986
test_14413,0.763819993
test_14414,0
test_14415,0.38003999
test_14416,1
test_14417,0.000300000014
test_14418,0.0104700001
test_14419,0
test_14420,0
test_14421,0.999499977
test_14422,0.0159900002
test_14423,0.00329999998
test_14424,9.99999975e-06
test_14425,0.638220012
test_14426,0
test_14427,0.968770027
test_14428,0
test_14429,0.983669996
test_14430,7.9999998e-05
test_14431,0.360350013
test_14432,0
test_14433,1
test_14434,1
test_14435,0.00271999999
test_14436,0.0138100004
test_14437,0.999920011
test_14438,0.999719977
test_14439,0
test_14440,0.244259998
test_14441,0.839429975
test_14442,0.0199599992
test_14443,0.999989986
test_14444,0.689260006
test_14445,0
test_14446,0.000150000007
test_14447,0.999970019
test_14448,0.00182
test_14449,0.00142999995
test_14450,0.607050002
test_14451,0.686349988
test_14452,0
test_14453,0.774540007
test_14454,0
test_14455,0.000650000002
test_14456,0.935850024
test_14457,7.9999998e-05
test_14458,0.881309986
test_14459,0.00384999998
test_14460,0.104610004
test_14461,0.00334000005
test_14462,0.999109983
test_14463,0.397179991
test_14464,0.999890029
test_14465,0.89854002
test_14466,2.99999992e-05
test_14467,0.950649977
test_14468,0.67881
test_14469,0.00118999998
test_14470,0.392259985
test_14471,0.000469999999
test_14472,0.0162099991
test_14473,0.417140007
test_14474,0.289620012
test_14475,0.0798600018
test_14476,0.999729991
test_14477,0.997910023
test_14478,1
test_14479,0.654039979
test_14480,0.996370018
test_14481,0.160209998
test_14482,0.0155199999
test_14483,0.0272499993
test_14484,1
test_14485,9.99999975e-06
test_14486,0
test_14487,0.98585999
test_14488,0.911140025
test_14489,0
test_14490,0.998070002
test_14491,1
test_14492,0.0872799978
test_14493,0.0228799991
test_14494,0.0286299996
test_14495,0
test_14496,0.32554999
test_14497,0.999849975
test_14498,1
test_14499,9.99999975e-06
test_14500,9.99999975e-06
test_14501,0
test_14502,0.991550028
test_14503,0.990570009
test_14504,1.99999995e-05
test_14505,0
test_14506,0
test_14507,0.999029994
test_14508,4.99999987e-05
test_14509,0.000760000024
test_14510,0.620809972
test_14511,0.167030007
test_14512,0.99980998
test_14513,4.99999987e-05
test_14514,0.241850004
test_14515,0
test_14516,0.998369992
test_14517,0
test_14518,0.991320014
test_14519,0.999859989
test_14520,0
test_14521,0.999989986
test_14522,2.99999992e-05
test_14523,0.999989986
test_14524,0.999930024
test_14525,0.890649974
test_14526,0
test_14527,0.221740007
test_14528,1
test_14529,0.713590026
test_14530,0.99634999
test_14531,0.568310022
test_14532,0
test_14533,0.000119999997
test_14534,0.884379983
test_14535,7.00000019e-05
test_14536,1
test_14537,0
test_14538,0.610509992
test_14539,5.99999985e-05
test_14540,0.0100800004
test_14541,0.000590000011
test_14542,1
test_14543,0
test_14544,0.00260000001
test_14545,0.989279985
test_14546,0.992500007
test_14547,0.984920025
test_14548,0.00925999973
test_14549,0.465510011
test_14550,0.999140024
test_14551,0.433290005
test_14552,0.552810013
test_14553,0.97724998
test_14554,0
test_14555,0.0948799998
test_14556,0.993669987
test_14557,0.999960005
test_14558,0.197359994
test_14559,0.000809999998
test_14560,0
test_14561,0.999490023
test_14562,1
test_14563,0.999639988
test_14564,0.161430001
test_14565,0.992049992
test_14566,0.354699999
test_14567,0.0164299998
test_14568,1
test_14569,0.0678599998
test_14570,0.999059975
test_14571,1.99999995e-05
test_14572,0.0760599971
test_14573,0.999989986
test_14574,0.214699998
test_14575,0
test_14576,0.91632998
test_14577,0.977110028
test_14578,0
test_14579,0
test_14580,0.996029973
test_14581,1
test_14582,0.999989986
test_14583,1
test_14584,0.209360003
test_14585,0.972989976
test_14586,0.000530000019
test_14587,0.978609979
test_14588,0.993439972
test_14589,0
test_14590,1
test_14591,0.999989986
test_14592,0.914309978
test_14593,0.999800026
test_14594,0.987160027
test_14595,1
test_14596,0
test_14597,0.403910011
test_14598,0
test_14599,0.999559999
test_14600,1
test_14601,0.999840021
test_14602,0.623520017
test_14603,0.634459972
test_14604,0.049279999
test_14605,0
test_14606,0.801800013
test_14607,9.00000014e-05
test_14608,0.999960005
test_14609,0.994260013
test_14610,0
test_14611,0.0208000001
test_14612,0
test_14613,0.999909997
test_14614,0.999989986
test_14615,0.995970011
test_14616,0.280299991
test_14617,1
test_14618,1
test_14619,0.982770026
test_14620,0.999970019
test_14621,0.999970019
test_14622,1
test_14623,1
test_14624,0.999899983
test_14625,0.999870002
test_14626,1
test_14627,0.999419987
test_14628,0.0209400002
test_14629,0.999899983
test_14630,9.99999975e-06
test_14631,0.00135000004
test_14632,0.0131900003
test_14633,0.999949992
test_14634,0.887470007
test_14635,0.872389972
test_14636,0.106200002
test_14637,0.0252100006
test_14638,0.957120001
test_14639,1.99999995e-05
test_14640,0.000419999997
test_14641,0
test_14642,0
test_14643,0.961470008
test_14644,0.0465900004
test_14645,0.792259991
test_14646,0.00380999991
test_14647,0.0101100001
test_14648,0
test_14649,0.99940002
test_14650,0.999989986
test_14651,0.998199999
test_14652,0.000620000006
test_14653,0.992630005
test_14654,0
test_14655,0.691890001
test_14656,2.99999992e-05
test_14657,0.000250000012
test_14658,0
test_14659,0.472880006
test_14660,1.99999995e-05
test_14661,0.767270029
test_14662,0.632369995
test_14663,0.214560002
test_14664,0.999899983
test_14665,9.99999975e-06
test_14666,0.999989986
test_14667,0.150739998
test_14668,0.999849975
test_14669,0.992850006
test_14670,1
test_14671,9.99999975e-06
test_14672,0.97191
test_14673,0.988009989
test_14674,0.975790024
test_14675,1
test_14676,0.98417002
test_14677,0
test_14678,0.931779981
test_14679,0.998679996
test_14680,0.000250000012
test_14681,0.999639988
test_14682,0.998579979
test_14683,0
test_14684,0.843119979
test_14685,0.977670014
test_14686,0.269459993
test_14687,0.0122400001
test_14688,0.99958998
test_14689,0
test_14690,0.999740005
test_14691,0.0604100004
test_14692,0
test_14693,0.999599993
test_14694,0.265170008
test_14695,0.999880016
test_14696,1
test_14697,7.9999998e-05
test_14698,0.999949992
test_14699,1
test_14700,0.832650006
test_14701,0.0190699995
test_14702,1
test_14703,0.00066000002
test_14704,0.975730002
test_14705,0.0261000004
test_14706,0.791000009
test_14707,9.99999975e-06
test_14708,9.99999975e-06
test_14709,0.932990015
test_14710,1
test_14711,0.000520000001
test_14712,0.000730000029
test_14713,1
test_14714,0.737990022
test_14715,0.187619999
test_14716,0.989859998
test_14717,0.971880019
test_14718,9.00000014e-05
test_14719,0.0311299991
test_14720,1
test_14721,0.999909997
test_14722,0.99883002
test_14723,0.999989986
test_14724,0.999890029
test_14725,0.999119997
test_14726,0.999660015
test_14727,0.0573399998
test_14728,2.99999992e-05
test_14729,0.00899999961
test_14730,0.992020011
test_14731,1
test_14732,0.973249972
test_14733,0.967710018
test_14734,9.99999975e-06
test_14735,0.991349995
test_14736,0.873149991
test_14737,0.998510003
test_14738,0
test_14739,0.998669982
test_14740,0.999870002
test_14741,0
test_14742,0.000579999993
test_14743,1
test_14744,1
test_14745,1
test_14746,0.00319999992
test_14747,0.970229983
test_14748,0.000239999994
test_14749,0.802770019
test_14750,0.251049995
test_14751,1.99999995e-05
test_14752,0
test_14753,0.000209999998
test_14754,0.999989986
test_14755,0.01468
test_14756,0.99962002
test_14757,0.999989986
test_14758,0.999890029
test_14759,0.000230000005
test_14760,0.993910015
test_14761,0.665109992
test_14762,0
test_14763,0.56329
test_14764,1
test_14765,0
test_14766,0.999989986
test_14767,0.999949992
test_14768,1
test_14769,1
test_14770,0.999979973
test_14771,1
test_14772,0.976149976
test_14773,0.000119999997
test_14774,0.999909997
test_14775,0.00173000002
test_14776,0.0722400025
test_14777,0.280310005
test_14778,0.435990006
test_14779,4.99999987e-05
test_14780,1
test_14781,9.99999975e-05
test_14782,0.447959989
test_14783,0.000539999979
test_14784,0.870859981
test_14785,0.999849975
test_14786,0.000509999983
test_14787,0.00079000002
test_14788,0.957930028
test_14789,0.0624499992
test_14790,0.00155000004
test_14791,0.971310019
test_14792,0.988110006
test_14793,0.999960005
test_14794,0
test_14795,0.997550011
test_14796,0.0120000001
test_14797,1
test_14798,1
test_14799,7.00000019e-05
test_14800,0.00161000004
test_14801,9.99999975e-06
test_14802,0
test_14803,0.944750011
test_14804,0
test_14805,0.00188999996
test_14806,0
test_14807,0.000500000024
test_14808,0.708140016
test_14809,0.914129972
test_14810,0.0192099996
test_14811,0.689499974
test_14812,1
test_14813,0.995890021
test_14814,0.914960027
test_14815,1
test_14816,9.99999975e-06
test_14817,0.153009996
test_14818,0
test_14819,1
test_14820,0
test_14821,0.0066399998
test_14822,0.999949992
test_14823,0.0335999988
test_14824,0.982569993
test_14825,0.0664699972
test_14826,0.999960005
test_14827,1
test_14828,9.00000014e-05
test_14829,0.748709977
test_14830,0.397870004
test_14831,0.990499973
test_14832,0.00109000003
test_14833,0
test_14834,0.995329976
test_14835,0
test_14836,0.981830001
test_14837,0
test_14838,0
test_14839,0.00199000002
test_14840,0
test_14841,1
test_14842,1
test_14843,0
test_14844,0.00386000006
test_14845,0.999979973
test_14846,0.999979973
test_14847,0.999689996
test_14848,0.993950009
test_14849,0.962589979
test_14850,0.00309000001
test_14851,0.999650002
test_14852,0.175349995
test_14853,9.99999975e-06
test_14854,0.78433001
test_14855,0.999490023
test_14856,0
test_14857,0.999360025
test_14858,0.909389973
test_14859,1
test_14860,0.967440009
test_14861,0.245169997
test_14862,0.998449981
test_14863,0.000880000007
test_14864,0.000169999999
test_14865,0.999979973
test_14866,0.0394299999
test_14867,0.298830003
test_14868,0.0192099996
test_14869,1
test_14870,9.00000014e-05
test_14871,0.999930024
test_14872,0.473850012
test_14873,0.0078800004
test_14874,0.931020021
test_14875,0.883589983
test_14876,0.234799996
test_14877,0.000180000003
test_14878,0.999819994
test_14879,0.302650005
test_14880,0.998679996
test_14881,0.140180007
test_14882,1.99999995e-05
test_14883,0.948270023
test_14884,0.00632000016
test_14885,0.484750003
test_14886,0.15253
test_14887,0.440800011
test_14888,1
test_14889,4.99999987e-05
test_14890,0.000880000007
test_14891,0.994859993
test_14892,0.000530000019
test_14893,0.0151199996
test_14894,0.999119997
test_14895,0.853900015
test_14896,0
test_14897,0.000820000016
test_14898,0.999890029
test_14899,7.9999998e-05
test_14900,3.9999999e-05
test_14901,9.99999975e-06
test_14902,0
test_14903,0.954540014
test_14904,0.00751999998
test_14905,1
test_14906,0.974240005
test_14907,0.000169999999
test_14908,0.000319999992
test_14909,0
test_14910,0.901780009
test_14911,0.999580026
test_14912,0.999970019
test_14913,0.993290007
test_14914,0.99131
test_14915,0.346280009
test_14916,0.968819976
test_14917,0.993309975
test_14918,0.890179992
test_14919,9.00000014e-05
test_14920,0.0551300012
test_14921,0.0366699994
test_14922,9.99999975e-06
test_14923,0
test_14924,1
test_14925,1
test_14926,0.26214999
test_14927,0.0402299985
test_14928,1
test_14929,0
test_14930,0.000250000012
test_14931,1
test_14932,0.830110013
test_14933,0.341219991
test_14934,0
test_14935,4.99999987e-05
test_14936,0.723940015
test_14937,0.745239973
test_14938,0.916450024
test_14939,0.00264000008
test_14940,0.481040001
test_14941,0.999890029
test_14942,0.999979973
test_14943,0
test_14944,0.0175199993
test_14945,0
test_14946,0.16076
test_14947,0.999970019
test_14948,0.996969998
test_14949,0.00264000008
test_14950,0.999010026
test_14951,7.00000019e-05
test_14952,0.00524999993
test_14953,1
test_14954,0
test_14955,0
test_14956,0.00242000003
test_14957,0.285320014
test_14958,0
test_14959,0.000820000016
test_14960,0.685069978
test_14961,1
test_14962,0.994019985
test_14963,0.999379992
test_14964,0.00136999995
test_14965,1
test_14966,0.999840021
test_14967,0.000319999992
test_14968,0
test_14969,1.99999995e-05
test_14970,0.00175000005
test_14971,0
test_14972,0.000679999997
test_14973,0.000289999996
test_14974,1
test_14975,0.994920015
test_14976,4.99999987e-05
test_14977,0
test_14978,0.981069982
test_14979,0
test_14980,0.999989986
test_14981,0.000650000002
test_14982,0.995760024
test_14983,0.999979973
test_14984,0
test_14985,0.0077399998
test_14986,0.656719983
test_14987,0
test_14988,0
test_14989,1
test_14990,0
test_14991,1
test_14992,1
test_14993,1
test_14994,0.981339991
test_14995,0.00190999999
test_14996,0.999849975
test_14997,0
test_14998,0.999989986
test_14999,0.918380022
test_15000,0.879920006
test_15001,0.0618500002
test_15002,0
test_15003,0
test_15004,0.734570026
test_15005,0
test_15006,4.99999987e-05
test_15007,0.63211
test_15008,1
test_15009,9.99999975e-06
test_15010,2.99999992e-05
test_15011,0
test_15012,0.000230000005
test_15013,1
test_15014,0.174160004
test_15015,0.638499975
test_15016,0
test_15017,0.56050998
test_15018,0.998239994
test_15019,0.480769992
test_15020,0.999979973
test_15021,0.0208700001
test_15022,0
test_15023,0.999939978
test_15024,0.435719997
test_15025,9.99999975e-06
test_15026,0.00127999997
test_15027,0
test_15028,0
test_15029,0.963720024
test_15030,2.99999992e-05
test_15031,0
test_15032,0
test_15033,2.99999992e-05
test_15034,1
test_15035,0.967339993
test_15036,7.00000019e-05
test_15037,0.000190000006
test_15038,0.0654399991
test_15039,4.99999987e-05
test_15040,0.999329984
test_15041,0
test_15042,1
test_15043,0.000349999988
test_15044,0.999960005
test_15045,0.000469999999
test_15046,0
test_15047,1
test_15048,1
test_15049,0.999899983
test_15050,1
test_15051,0.963789999
test_15052,0.999710023
test_15053,0
test_15054,0.000380000012
test_15055,2.99999992e-05
test_15056,0.727919996
test_15057,0.728959978
test_15058,0.892970026
test_15059,0.999979973
test_15060,0.373780012
test_15061,0.999979973
test_15062,1
test_15063,1
test_15064,0
test_15065,0.991840005
test_15066,0.926339984
test_15067,0.918179989
test_15068,0.740029991
test_15069,4.99999987e-05
test_15070,0.555270016
test_15071,0.0518499985
test_15072,0.733049989
test_15073,4.99999987e-05
test_15074,0
test_15075,0
test_15076,0.99684
test_15077,0.966579974
test_15078,0.878480017
test_15079,0.317900002
test_15080,0.00294000003
test_15081,0.363310009
test_15082,0.94115001
test_15083,1
test_15084,0.999989986
test_15085,0.992259979
test_15086,0.0100600002
test_15087,0.0624700002
test_15088,0.813839972
test_15089,0
test_15090,0
test_15091,0.938610017
test_15092,0.99980998
test_15093,3.9999999e-05
test_15094,0.479229987
test_15095,0.02018
test_15096,3.9999999e-05
test_15097,1
test_15098,9.99999975e-06
test_15099,0.650960028
test_15100,0.94907999
test_15101,0
test_15102,1
test_15103,0.208810002
test_15104,0.980830014
test_15105,0.999920011
test_15106,0.999599993
test_15107,0.00120000006
test_15108,2.99999992e-05
test_15109,0.294730008
test_15110,1
test_15111,0.996010005
test_15112,0.98247999
test_15113,0.709999979
test_15114,1
test_15115,1
test_15116,1
test_15117,0.247950003
test_15118,0.0022799999
test_15119,0
test_15120,4.99999987e-05
test_15121,0
test_15122,0.64210999
test_15123,0.713989973
test_15124,9.99999975e-06
test_15125,9.99999975e-06
test_15126,0.00155000004
test_15127,0.997940004
test_15128,0.00862000044
test_15129,1.99999995e-05
test_15130,0
test_15131,0.378470004
test_15132,0.945240021
test_15133,0.999949992
test_15134,1
test_15135,0.999920011
test_15136,0.999490023
test_15137,0.999679983
test_15138,0.998510003
test_15139,0.0517299995
test_15140,0.000690000015
test_15141,0.999870002
test_15142,0.999989986
test_15143,0.914799988
test_15144,0
test_15145,1
test_15146,0.999499977
test_15147,0.0273100007
test_15148,0.994210005
test_15149,0.0390099995
test_15150,0.0142400004
test_15151,0.999949992
test_15152,0.000509999983
test_15153,0.00170000002
test_15154,1
test_15155,0.00691
test_15156,0.560519993
test_15157,0.896000028
test_15158,0
test_15159,0
test_15160,0.987070024
test_15161,1
test_15162,0.980679989
test_15163,2.99999992e-05
test_15164,0.169699997
test_15165,0
test_15166,0
test_15167,0.186230004
test_15168,0.144069999
test_15169,0.000600000028
test_15170,0.205899999
test_15171,0.999520004
test_15172,9.99999975e-06
test_15173,0
test_15174,0.0355000012
test_15175,0.25898999
test_15176,0.999890029
test_15177,0.144350007
test_15178,0
test_15179,0.799889982
test_15180,1
test_15181,0.000699999975
test_15182,0.999979973
test_15183,5.99999985e-05
test_15184,1
test_15185,1
test_15186,0.998849988
test_15187,0.0764499977
test_15188,1
test_15189,0.444799989
test_15190,0.00313000008
test_15191,0.00033000001
test_15192,0.000730000029
test_15193,0.607529998
test_15194,0
test_15195,0
test_15196,0.00687999977
test_15197,1
test_15198,0
test_15199,4.99999987e-05
test_15200,0
test_15201,0.987529993
test_15202,1
test_15203,0.000380000012
test_15204,0.221300006
test_15205,0.519309998
test_15206,1
test_15207,0.995429993
test_15208,0.0072300001
test_15209,0
test_15210,0.140980005
test_15211,0.0341299996
test_15212,0
test_15213,1
test_15214,0.999710023
test_15215,0.99962002
test_15216,0.995000005
test_15217,0.38993001
test_15218,1
test_15219,1
test_15220,0.53549999
test_15221,0
test_15222,1
test_15223,0.260710001
test_15224,0
test_15225,0.00228999997
test_15226,0.599049985
test_15227,9.99999975e-06
test_15228,0.999979973
test_15229,0.00150999997
test_15230,0.999960005
test_15231,1
test_15232,0.063699998
test_15233,3.9999999e-05
test_15234,0.755559981
test_15235,0
test_15236,1
test_15237,0.054299999
test_15238,1
test_15239,0.167860001
test_15240,1
test_15241,0.0884599984
test_15242,9.99999975e-06
test_15243,3.9999999e-05
test_15244,0
test_15245,0.99980998
test_15246,0.00026999999
test_15247,0.999989986
test_15248,0.0362400003
test_15249,0.219809994
test_15250,0.999830008
test_15251,0.999989986
test_15252,0.858969986
test_15253,1
test_15254,9.99999975e-06
test_15255,0
test_15256,0
test_15257,0.917680025
test_15258,0
test_15259,0.0214900002
test_15260,0.515049994
test_15261,0.212950006
test_15262,0.999790013
test_15263,0.999989986
test_15264,0.373199999
test_15265,0.109169997
test_15266,0.999840021
test_15267,3.9999999e-05
test_15268,2.99999992e-05
test_15269,0.999639988
test_15270,1
test_15271,9.99999975e-06
test_15272,0.999859989
test_15273,0.127340004
test_15274,0.00153999997
test_15275,0
test_15276,0.0370099992
test_15277,0
test_15278,1
test_15279,0.50049001
test_15280,0.991509974
test_15281,0
test_15282,1
test_15283,1
test_15284,0.995019972
test_15285,0.086439997
test_15286,0.872850001
test_15287,0.999939978
test_15288,0
test_15289,9.99999975e-06
test_15290,0.000440000003
test_15291,0.000869999989
test_15292,0.0755899996
test_15293,0.000390000001
test_15294,0.999949992
test_15295,0.29817
test_15296,1
test_15297,0.999989986
test_15298,0
test_15299,0.000159999996
test_15300,3.9999999e-05
test_15301,0.119060002
test_15302,0
test_15303,0.921270013
test_15304,0.997120023
test_15305,0.668049991
test_15306,0.970350027
test_15307,0.881439984
test_15308,0.302390009
test_15309,0.999989986
test_15310,0.00242000003
test_15311,0.00176000001
test_15312,0
test_15313,0.112180002
test_15314,0.995090008
test_15315,0.993900001
test_15316,0.999989986
test_15317,0.00722000003
test_15318,0
test_15319,0.0339200012
test_15320,0.00197999994
test_15321,0.990270019
test_15322,0.675599992
test_15323,0.996869981
test_15324,0.982729971
test_15325,1
test_15326,0.0141599998
test_15327,0.963209987
test_15328,0.0214900002
test_15329,0.999960005
test_15330,0.00092000002
test_15331,1
test_15332,0.429989994
test_15333,0
test_15334,0.01456
test_15335,0.00110999995
test_15336,0.998790026
test_15337,1
test_15338,0
test_15339,0.000600000028
test_15340,0.788850009
test_15341,0.999949992
test_15342,0
test_15343,0
test_15344,1
test_15345,0.433950007
test_15346,0.0041100001
test_15347,0.979610026
test_15348,0.00307000009
test_15349,1
test_15350,1.99999995e-05
test_15351,0.000360000005
test_15352,0.000220000002
test_15353,0.985279977
test_15354,0.983340025
test_15355,0.726729989
test_15356,0.000289999996
test_15357,0
test_15358,0.0527499989
test_15359,1
test_15360,1
test_15361,0.274589986
test_15362,0.0198100004
test_15363,0.0108899996
test_15364,0.928219974
test_15365,0
test_15366,0.00365000009
test_15367,0.999989986
test_15368,0.991119981
test_15369,0.999979973
test_15370,0.22473
test_15371,0.944369972
test_15372,0
test_15373,0.0230500009
test_15374,0.0130000003
test_15375,0.000380000012
test_15376,0.999979973
test_15377,1
test_15378,0.999989986
test_15379,1
test_15380,0.898739994
test_15381,1
test_15382,0
test_15383,0.0133300005
test_15384,0.000190000006
test_15385,0.0815099999
test_15386,0.999670029
test_15387,1
test_15388,0.999970019
test_15389,0.999979973
test_15390,0.144759998
test_15391,1
test_15392,0.106760003
test_15393,0.999689996
test_15394,5.99999985e-05
test_15395,0.999899983
test_15396,2.99999992e-05
test_15397,0.995169997
test_15398,0.999989986
test_15399,0.0865600035
test_15400,1
test_15401,0.995700002
test_15402,0.719110012
test_15403,7.9999998e-05
test_15404,0.000159999996
test_15405,0.999970019
test_15406,0.546689987
test_15407,1
test_15408,0.115440004
test_15409,0.997699976
test_15410,0.997919977
test_15411,0.997789979
test_15412,1
test_15413,1
test_15414,1
test_15415,0.662360013
test_15416,0
test_15417,0.999679983
test_15418,0.999849975
test_15419,0.792779982
test_15420,0.999870002
test_15421,0.231460005
test_15422,0.00033000001
test_15423,0.00749000022
test_15424,0.999939978
test_15425,1
test_15426,0.202439994
test_15427,0.999930024
test_15428,1
test_15429,0.15546
test_15430,0.999960005
test_15431,1
test_15432,0
test_15433,0.00494999997
test_15434,0.999650002
test_15435,1
test_15436,0.00240999996
test_15437,1
test_15438,0.00667000003
test_15439,1
test_15440,0
test_15441,0.1646
test_15442,0.00170999998
test_15443,0.0243500005
test_15444,0
test_15445,0.999830008
test_15446,0.999840021
test_15447,0.00182
test_15448,1
test_15449,0
test_15450,0.988089979
test_15451,9.99999975e-06
test_15452,0.984139979
test_15453,0.99496001
test_15454,0.00245000003
test_15455,1
test_15456,0.980979979
test_15457,0.742709994
test_15458,0.0101699997
test_15459,0.591700017
test_15460,0.996360004
test_15461,0.938600004
test_15462,0.999909997
test_15463,0
test_15464,7.9999998e-05
test_15465,0.999159992
test_15466,0.999989986
test_15467,0.44224
test_15468,0.994520009
test_15469,3.9999999e-05
test_15470,0.674399972
test_15471,0
test_15472,0
test_15473,0.0900000036
test_15474,0
test_15475,0.967620015
test_15476,0.0131200003
test_15477,0.998880029
test_15478,1
test_15479,0.99940002
test_15480,0.0992299989
test_15481,1
test_15482,0.971570015
test_15483,0.999660015
test_15484,0.00319999992
test_15485,0.436439991
test_15486,0.785099983
test_15487,9.00000014e-05
test_15488,0.000419999997
test_15489,0.0183700006
test_15490,0.000569999975
test_15491,0
test_15492,1
test_15493,0
test_15494,0.964150012
test_15495,9.99999975e-06
test_15496,0
test_15497,0.999430001
test_15498,0.995410025
test_15499,0.999909997
test_15500,0
test_15501,1
test_15502,0.995000005
test_15503,1
test_15504,0.999930024
test_15505,0.938310027
test_15506,0.999970019
test_15507,0
test_15508,0.999729991
test_15509,7.9999998e-05
test_15510,0.0193700008
test_15511,1
test_15512,0
test_15513,0.494839996
test_15514,0.999989986
test_15515,0.00477
test_15516,0.999899983
test_15517,0.000609999988
test_15518,0
test_15519,0.999750018
test_15520,0.000600000028
test_15521,0.0332200006
test_15522,0.977119982
test_15523,0.136399999
test_15524,9.99999975e-06
test_15525,0
test_15526,0.999989986
test_15527,0.999629974
test_15528,0.520099998
test_15529,0.0752800032
test_15530,0.998290002
test_15531,0.00798999984
test_15532,0.051070001
test_15533,0.000349999988
test_15534,0
test_15535,0
test_15536,0
test_15537,0.999970019
test_15538,0.880420029
test_15539,9.99999975e-06
test_15540,0.0277100001
test_15541,1
test_15542,0.00013
test_15543,0.0253500007
test_15544,0.346899986
test_15545,0.0502200015
test_15546,0.00092999998
test_15547,0
test_15548,0
test_15549,9.99999975e-06
test_15550,0.645749986
test_15551,9.00000014e-05
test_15552,1.99999995e-05
test_15553,0.993439972
test_15554,0.0163199995
test_15555,0.999970019
test_15556,0.930750012
test_15557,0
test_15558,0.00966999959
test_15559,0.0318100005
test_15560,0.999970019
test_15561,1
test_15562,0.999890029
test_15563,0.999979973
test_15564,0
test_15565,0
test_15566,1
test_15567,0
test_15568,0.999989986
test_15569,0
test_15570,0.999989986
test_15571,0.228689998
test_15572,0.000190000006
test_15573,0.955380023
test_15574,0.999629974
test_15575,0.00193000003
test_15576,1
test_15577,0.699010015
test_15578,1
test_15579,0.249479994
test_15580,1
test_15581,9.99999975e-06
test_15582,0.992860019
test_15583,0
test_15584,9.99999975e-06
test_15585,1
test_15586,0.999899983
test_15587,4.99999987e-05
test_15588,9.99999975e-06
test_15589,0.999689996
test_15590,0
test_15591,0.721759975
test_15592,0.967350006
test_15593,1
test_15594,0.882040024
test_15595,0.00230999989
test_15596,1
test_15597,0.976019979
test_15598,0.148560002
test_15599,2.99999992e-05
test_15600,0.321669996
test_15601,0.999769986
test_15602,1.99999995e-05
test_15603,0.00101000001
test_15604,0.198899999
test_15605,0.000950000016
test_15606,0.00109999999
test_15607,0.997070014
test_15608,0.387010008
test_15609,1
test_15610,0.256760001
test_15611,0.0761900023
test_15612,0.999989986
test_15613,0.999989986
test_15614,0.01578
test_15615,0
test_15616,7.00000019e-05
test_15617,0.00118000002
test_15618,0.032949999
test_15619,0.999979973
test_15620,0.00301999995
test_15621,1
test_15622,0.193269998
test_15623,0.228530005
test_15624,0
test_15625,0.804229975
test_15626,0.999920011
test_15627,0.998730004
test_15628,0.00142999995
test_15629,0
test_15630,0.00092000002
test_15631,0.999939978
test_15632,0.927139997
test_15633,0.411170006
test_15634,0
test_15635,0
test_15636,1
test_15637,0.999909997
test_15638,0.00378999999
test_15639,9.00000014e-05
test_15640,0.999909997
test_15641,0.999440014
test_15642,1
test_15643,0.999979973
test_15644,0
test_15645,0.999909997
test_15646,1
test_15647,0
test_15648,0.965749979
test_15649,0.0595000014
test_15650,1
test_15651,0
test_15652,0.999989986
test_15653,5.99999985e-05
test_15654,1
test_15655,0.00613000011
test_15656,1
test_15657,0.414110005
test_15658,0.758769989
test_15659,0.000319999992
test_15660,0.304930001
test_15661,0
test_15662,0.000449999992
test_15663,0.999870002
test_15664,0
test_15665,0.758750021
test_15666,1
test_15667,0.000669999979
test_15668,1
test_15669,0.999989986
test_15670,0.0624900013
test_15671,0.590460002
test_15672,1
test_15673,0
test_15674,0.01083
test_15675,0.999979973
test_15676,0
test_15677,0
test_15678,1
test_15679,0.999830008
test_15680,1
test_15681,9.99999975e-06
test_15682,0
test_15683,0.97694999
test_15684,0.999689996
test_15685,0
test_15686,0.999239981
test_15687,0.858030021
test_15688,0.999989986
test_15689,0.904089987
test_15690,5.99999985e-05
test_15691,0
test_15692,0
test_15693,1
test_15694,0.0562300012
test_15695,0
test_15696,0.974699974
test_15697,0.999899983
test_15698,0
test_15699,0.999979973
test_15700,0
test_15701,0.826200008
test_15702,0.999930024
test_15703,0.777530015
test_15704,0
test_15705,0.0402100012
test_15706,1
test_15707,1
test_15708,0.995079994
test_15709,1
test_15710,0.939100027
test_15711,0.996460021
test_15712,0
test_15713,1
test_15714,0.0467999987
test_15715,0.969030023
test_15716,0.602919996
test_15717,0.590919971
test_15718,0.99387002
test_15719,0.231169999
test_15720,0.924619973
test_15721,0.999979973
test_15722,1
test_15723,0.999840021
test_15724,0.999650002
test_15725,0.84683001
test_15726,1
test_15727,0.998600006
test_15728,0.000989999971
test_15729,0.0311699994
test_15730,5.99999985e-05
test_15731,0.08794
test_15732,0.0254900008
test_15733,1
test_15734,0
test_15735,2.99999992e-05
test_15736,0
test_15737,0.999899983
test_15738,0.0167100001
test_15739,0.999930024
test_15740,0.000239999994
test_15741,1
test_15742,0.998629987
test_15743,1
test_15744,0.0297999997
test_15745,0.468609989
test_15746,1
test_15747,1
test_15748,0.711409986
test_15749,0.880540013
test_15750,0.881269991
test_15751,0.999629974
test_15752,0.271219999
test_15753,0.689260006
test_15754,2.99999992e-05
test_15755,1
test_15756,0.000150000007
test_15757,0.998679996
test_15758,0.966470003
test_15759,0.00782999955
test_15760,0.999469995
test_15761,0.998080015
test_15762,0.976220012
test_15763,0.000380000012
test_15764,0.999989986
test_15765,0.671350002
test_15766,0.00270999991
test_15767,0.981000006
test_15768,7.00000019e-05
test_15769,9.99999975e-06
test_15770,0.254530013
test_15771,0
test_15772,0.999989986
test_15773,0
test_15774,1
test_15775,1
test_15776,1.99999995e-05
test_15777,9.99999975e-06
test_15778,0
test_15779,0
test_15780,0.00110999995
test_15781,0.212699994
test_15782,0.723720014
test_15783,0.998179972
test_15784,0.042369999
test_15785,0.0253299996
test_15786,0.999490023
test_15787,0.982540011
test_15788,0.207870007
test_15789,0
test_15790,0.915549994
test_15791,0.999939978
test_15792,0.999769986
test_15793,0.980939984
test_15794,0.238289997
test_15795,0.000239999994
test_15796,0.502910018
test_15797,0.000360000005
test_15798,0.000319999992
test_15799,0.338169992
test_15800,0.977980018
test_15801,0.870869994
test_15802,0.801590025
test_15803,9.99999975e-06
test_15804,0
test_15805,0.994620025
test_15806,0
test_15807,0.998759985
test_15808,0.981019974
test_15809,0.916019976
test_15810,0
test_15811,0.999419987
test_15812,4.99999987e-05
test_15813,0.999909997
test_15814,0.875370026
test_15815,0
test_15816,0.945529997
test_15817,0.0472799987
test_15818,0
test_15819,0.999360025
test_15820,0
test_15821,0.0310299993
test_15822,0.0169600006
test_15823,0.0687000006
test_15824,0.996089995
test_15825,1.99999995e-05
test_15826,0.000410000008
test_15827,0.999090016
test_15828,0.643739998
test_15829,1
test_15830,4.99999987e-05
test_15831,0
test_15832,1
test_15833,0.999970019
test_15834,0
test_15835,0.0229100008
test_15836,0.999899983
test_15837,1
test_15838,9.99999975e-06
test_15839,0.999989986
test_15840,0.997359991
test_15841,1.99999995e-05
test_15842,0.83634001
test_15843,0.594020009
test_15844,0.0322399996
test_15845,0.999989986
test_15846,0.760810018
test_15847,0.000159999996
test_15848,0.639349997
test_15849,0.999890029
test_15850,0.2755
test_15851,0.230460003
test_15852,0
test_15853,0.994719982
test_15854,0.962580025
test_15855,0.988300025
test_15856,0.29975
test_15857,0
test_15858,0.954819977
test_15859,0.999639988
test_15860,0
test_15861,0.753729999
test_15862,1.99999995e-05
test_15863,1
test_15864,1
test_15865,0.999979973
test_15866,1
test_15867,0.999930024
test_15868,0.998179972
test_15869,9.99999975e-06
test_15870,0.00643000007
test_15871,0.86382997
test_15872,0
test_15873,0.000180000003
test_15874,0.189060003
test_15875,0
test_15876,1.99999995e-05
test_15877,0
test_15878,0.998350024
test_15879,0.830550015
test_15880,0.00939000025
test_15881,0
test_15882,0.998570025
test_15883,0
test_15884,0.999970019
test_15885,0.999679983
test_15886,9.99999975e-06
test_15887,0.999109983
test_15888,0.0803999975
test_15889,0.0110799996
test_15890,0.00951999985
test_15891,0.33840999
test_15892,0.97645998
test_15893,0
test_15894,0
test_15895,0.999960005
test_15896,0.939890027
test_15897,0.961629987
test_15898,0.0399499983
test_15899,0.000250000012
test_15900,0.999979973
test_15901,0.856599987
test_15902,0.000910000002
test_15903,0.306109995
test_15904,0
test_15905,0.00669000018
test_15906,0
test_15907,1
test_15908,0
test_15909,1
test_15910,0.950330019
test_15911,0.0513599999
test_15912,0.970960021
test_15913,0.989600003
test_15914,0.999260008
test_15915,0.0311299991
test_15916,0.00374999992
test_15917,1.99999995e-05
test_15918,0
test_15919,0.999230027
test_15920,0.996490002
test_15921,1
test_15922,0.00013
test_15923,0.999930024
test_15924,7.9999998e-05
test_15925,0.97201997
test_15926,0.999880016
test_15927,1
test_15928,0.999480009
test_15929,1
test_15930,0.980610013
test_15931,0.00663000019
test_15932,0.991429985
test_15933,0.998870015
test_15934,0.256009996
test_15935,0.999559999
test_15936,0.000199999995
test_15937,0.998730004
test_15938,0.972469985
test_15939,0.266160011
test_15940,0.000239999994
test_15941,0.996270001
test_15942,9.99999975e-06
test_15943,1
test_15944,0.000699999975
test_15945,0.999759972
test_15946,0.00437000021
test_15947,0
test_15948,0.996320009
test_15949,0.953689992
test_15950,0
test_15951,0
test_15952,0.96754998
test_15953,0.000260000001
test_15954,1
test_15955,0.790679991
test_15956,0.00429000007
test_15957,0
test_15958,0.70302999
test_15959,1
test_15960,0.923020005
test_15961,0.999080002
test_15962,0.886009991
test_15963,0.804939985
test_15964,0.963810027
test_15965,0
test_15966,1
test_15967,3.9999999e-05
test_15968,0
test_15969,0.0027699999
test_15970,0.999989986
test_15971,0
test_15972,9.00000014e-05
test_15973,0.00982000027
test_15974,0.988860011
test_15975,0.690630019
test_15976,0.000509999983
test_15977,0.968529999
test_15978,0.999899983
test_15979,0.376120001
test_15980,0.0278999992
test_15981,1
test_15982,0
test_15983,1
test_15984,0.997120023
test_15985,0
test_15986,0.0961899981
test_15987,1.99999995e-05
test_15988,1
test_15989,0.00398000004
test_15990,0.999849975
test_15991,0.999899983
test_15992,0
test_15993,1
test_15994,0
test_15995,0.911670029
test_15996,0.749149978
test_15997,0
test_15998,0.241060004
test_15999,0.998130023
test_16000,0
test_16001,4.99999987e-05
test_16002,9.99999975e-06
test_16003,0.997850001
test_16004,0.00620999979
test_16005,0.00365999993
test_16006,0.995989978
test_16007,0.533860028
test_16008,0.702660024
test_16009,0
test_16010,0.920560002
test_16011,0.106519997
test_16012,0.000349999988
test_16013,0.999970019
test_16014,0.00109999999
test_16015,0.000760000024
test_16016,0.00639000023
test_16017,4.99999987e-05
test_16018,1
test_16019,0
test_16020,0.544950008
test_16021,1
test_16022,0.999450028
test_16023,2.99999992e-05
test_16024,0
test_16025,9.99999975e-06
test_16026,0.999989986
test_16027,0.999979973
test_16028,0.000159999996
test_16029,0
test_16030,1.99999995e-05
test_16031,0.729160011
test_16032,0.985080004
test_16033,0
test_16034,1
test_16035,0.0271899998
test_16036,0
test_16037,0.000220000002
test_16038,0
test_16039,0.48811999
test_16040,0
test_16041,1
test_16042,0.999149978
test_16043,1
test_16044,0.999909997
test_16045,0.515969992
test_16046,0.000300000014
test_16047,0.0623800009
test_16048,0.998939991
test_16049,0.360740006
test_16050,0.053199999
test_16051,0.936869979
test_16052,0
test_16053,0.997810006
test_16054,0
test_16055,0.0208899993
test_16056,0.77046001
test_16057,0.959200025
test_16058,0.0647699982
test_16059,0.998019993
test_16060,0.000289999996
test_16061,0.992619991
test_16062,0
test_16063,0.999610007
test_16064,0.999930024
test_16065,1
test_16066,0.999979973
test_16067,0.999670029
test_16068,0
test_16069,0.00506999996
test_16070,0.996039987
test_16071,0.668079972
test_16072,1
test_16073,0
test_16074,0.227610007
test_16075,0.999080002
test_16076,0.304479986
test_16077,1
test_16078,0.814649999
test_16079,0.227290004
test_16080,1
test_16081,0.0103099998
test_16082,0.0763299987
test_16083,0.000390000001
test_16084,9.99999975e-06
test_16085,0.00176000001
test_16086,1
test_16087,1
test_16088,1
test_16089,0.00185
test_16090,0
test_16091,0.946380019
test_16092,0
test_16093,0.0136299999
test_16094,0.99940002
test_16095,1
test_16096,0.95668
test_16097,0.0219899993
test_16098,0.0305100009
test_16099,0.999880016
test_16100,0.01798
test_16101,9.99999975e-06
test_16102,1
test_16103,0
test_16104,0.309179991
test_16105,0.986249983
test_16106,0.999149978
test_16107,0.999279976
test_16108,0.218260005
test_16109,1
test_16110,0.000199999995
test_16111,0.970210016
test_16112,1
test_16113,0.99703002
test_16114,0.969799995
test_16115,0
test_16116,0.0823099986
test_16117,1
test_16118,0.125780001
test_16119,0.853609979
test_16120,7.00000019e-05
test_16121,0.987529993
test_16122,0
test_16123,1
test_16124,0.999989986
test_16125,1
test_16126,0.000410000008
test_16127,1
test_16128,0.0134699997
test_16129,0.112219997
test_16130,0.985740006
test_16131,0.00283999997
test_16132,0.999790013
test_16133,9.00000014e-05
test_16134,0.99476999
test_16135,1
test_16136,0.999970019
test_16137,1
test_16138,0.989610016
test_16139,0.985509992
test_16140,0.00109999999
test_16141,0.00144999998
test_16142,0.00537999999
test_16143,0.87191999
test_16144,0.38933
test_16145,0.00498999981
test_16146,0
test_16147,0.0157600008
test_16148,0.00190999999
test_16149,0.000569999975
test_16150,0.999289989
test_16151,0.330980003
test_16152,0
test_16153,1
test_16154,0.0725800022
test_16155,1
test_16156,0.99861002
test_16157,0.00165999995
test_16158,0
test_16159,0.999570012
test_16160,0.345970005
test_16161,0.999989986
test_16162,0.997690022
test_16163,0
test_16164,0.0510499999
test_16165,0.266849995
test_16166,0
test_16167,0.000709999993
test_16168,0
test_16169,1
test_16170,0.975629985
test_16171,0.121809997
test_16172,0
test_16173,0.999989986
test_16174,0
test_16175,0.967739999
test_16176,0.821200013
test_16177,0
test_16178,0
test_16179,0
test_16180,2.99999992e-05
test_16181,1
test_16182,0.0265100002
test_16183,0
test_16184,0.997900009
test_16185,0.999890029
test_16186,0.00408999994
test_16187,0.00190999999
test_16188,0.00100000005
test_16189,0.534529984
test_16190,9.00000014e-05
test_16191,0.462889999
test_16192,0.999840021
test_16193,1
test_16194,9.99999975e-06
test_16195,1
test_16196,0.527689993
test_16197,0.999740005
test_16198,0
test_16199,0.065990001
test_16200,0.000690000015
test_16201,0
test_16202,0.999520004
test_16203,0.999939978
test_16204,0.995800018
test_16205,0.99950999
test_16206,1
test_16207,1
test_16208,0.000180000003
test_16209,0.92881
test_16210,1
test_16211,0.994830012
test_16212,1
test_16213,0.785000026
test_16214,0.00013
test_16215,0.325109988
test_16216,1
test_16217,0
test_16218,0.999989986
test_16219,0.155399993
test_16220,1
test_16221,0.999989986
test_16222,0.100220002
test_16223,0.893000007
test_16224,1
test_16225,0.545960009
test_16226,0.942470014
test_16227,0
test_16228,0.0229400005
test_16229,0.996439993
test_16230,0.984099984
test_16231,0.999689996
test_16232,1.99999995e-05
test_16233,0
test_16234,0.18874
test_16235,1
test_16236,0
test_16237,0.999949992
test_16238,0.0124500003
test_16239,0.892069995
test_16240,0.193340003
test_16241,0
test_16242,0.922490001
test_16243,0.997870028
test_16244,0.00477
test_16245,0.995280027
test_16246,0.999660015
test_16247,0
test_16248,1
test_16249,0.00716000004
test_16250,0.999979973
test_16251,0.999010026
test_16252,0.000730000029
test_16253,0.996829987
test_16254,0.999870002
test_16255,0.000289999996
test_16256,0.000369999994
test_16257,0.280719995
test_16258,0.921959996
test_16259,0.997799993
test_16260,0.000859999971
test_16261,0.999920011
test_16262,1
test_16263,0.0635199994
test_16264,0.266889989
test_16265,0.999790013
test_16266,0.916299999
test_16267,0
test_16268,1
test_16269,0
test_16270,0.944019973
test_16271,1
test_16272,1
test_16273,1
test_16274,0.464749992
test_16275,0
test_16276,0
test_16277,1
test_16278,0
test_16279,0
test_16280,0.999880016
test_16281,1
test_16282,0.999960005
test_16283,0
test_16284,0.0696500018
test_16285,0.878369987
test_16286,0.0381999984
test_16287,1
test_16288,0
test_16289,1
test_16290,0.208949998
test_16291,0.999800026
test_16292,0.849629998
test_16293,0.991540015
test_16294,0
test_16295,1
test_16296,0.0215799995
test_16297,0.999390006
test_16298,0.834320009
test_16299,0.957530022
test_16300,0
test_16301,0
test_16302,0
test_16303,1
test_16304,0.000419999997
test_16305,1
test_16306,0.917349994
test_16307,0.999419987
test_16308,1
test_16309,0.999989986
test_16310,0.742110014
test_16311,0.895420015
test_16312,0.000600000028
test_16313,0
test_16314,0.99871999
test_16315,0.312889993
test_16316,0.809319973
test_16317,0.991530001
test_16318,0.999979973
test_16319,0
test_16320,1
test_16321,0.0267600007
test_16322,0.0408900008
test_16323,0.000190000006
test_16324,0.999040008
test_16325,0.845659971
test_16326,0.998399973
test_16327,2.99999992e-05
test_16328,0.0248099994
test_16329,9.99999975e-06
test_16330,0.259739995
test_16331,0
test_16332,0.763490021
test_16333,0.04005
test_16334,1
test_16335,1
test_16336,0.000820000016
test_16337,0.0978100002
test_16338,0.996379972
test_16339,0.99000001
test_16340,0.999480009
test_16341,1
test_16342,0.998579979
test_16343,0.999800026
test_16344,0.278939992
test_16345,0.97665
test_16346,0.922930002
test_16347,9.99999975e-06
test_16348,1
test_16349,1
test_16350,0.910969973
test_16351,0.990999997
test_16352,0
test_16353,0.984480023
test_16354,0.00588000007
test_16355,1
test_16356,0.890479982
test_16357,0.915210009
test_16358,0
test_16359,0.999679983
test_16360,3.9999999e-05
test_16361,0
test_16362,0.999989986
test_16363,0.847199976
test_16364,0
test_16365,0.996389985
test_16366,0.419869989
test_16367,0.999949992
test_16368,0.0522800013
test_16369,0.000119999997
test_16370,0
test_16371,0.99962002
test_16372,0.999840021
test_16373,0.918550014
test_16374,0
test_16375,0.980139971
test_16376,0.999989986
test_16377,1
test_16378,0.0293499995
test_16379,0
test_16380,0.0211800002
test_16381,0.52572
test_16382,0
test_16383,0.346089989
test_16384,1
test_16385,0
test_16386,0.183650002
test_16387,0.999390006
test_16388,0.935580015
test_16389,0.992139995
test_16390,1
test_16391,0.0306700002
test_16392,1
test_16393,0.0202600006
test_16394,0.967970014
test_16395,0.0253699999
test_16396,0.982039988
test_16397,0
test_16398,0.999989986
test_16399,0.000199999995
test_16400,0
test_16401,0.99958998
test_16402,0.998769999
test_16403,0.999989986
test_16404,1
test_16405,0
test_16406,0.000169999999
test_16407,0.999199986
test_16408,0.0131299999
test_16409,0
test_16410,1.99999995e-05
test_16411,0.00704000005
test_16412,0.00221000006
test_16413,0.000110000001
test_16414,0.00121999998
test_16415,1
test_16416,0.0129000004
test_16417,0.00810000021
test_16418,0
test_16419,9.99999975e-06
test_16420,0
test_16421,0.999949992
test_16422,0.999949992
test_16423,1
test_16424,0.115189999
test_16425,0.0862499997
test_16426,0.0257900003
test_16427,0.651419997
test_16428,2.99999992e-05
test_16429,0.98773998
test_16430,1
test_16431,0.999989986
test_16432,3.9999999e-05
test_16433,9.00000014e-05
test_16434,0.0123399999
test_16435,0.828119993
test_16436,9.99999975e-06
test_16437,0.997919977
test_16438,1
test_16439,1
test_16440,1
test_16441,4.99999987e-05
test_16442,0.979550004
test_16443,0
test_16444,1
test_16445,0.772970021
test_16446,0
test_16447,0.999979973
test_16448,0
test_16449,0.999989986
test_16450,0.832970023
test_16451,0.0526399985
test_16452,9.00000014e-05
test_16453,0.984009981
test_16454,0
test_16455,0.998880029
test_16456,0.945990026
test_16457,0.990289986
test_16458,0.000209999998
test_16459,0.0764599964
test_16460,0
test_16461,1
test_16462,0.0837500021
test_16463,1
test_16464,0.998130023
test_16465,0.995630026
test_16466,0.895720005
test_16467,0.171460003
test_16468,0.999989986
test_16469,1
test_16470,1
test_16471,0.0212900005
test_16472,0.000159999996
test_16473,0.888310015
test_16474,9.00000014e-05
test_16475,0.768509984
test_16476,0
test_16477,0.00325999991
test_16478,0.998889983
test_16479,0.0192600004
test_16480,0.999580026
test_16481,0
test_16482,0.999859989
test_16483,3.9999999e-05
test_16484,0.948319972
test_16485,0
test_16486,0.889020026
test_16487,0.920840025
test_16488,0.00453000003
test_16489,0.171389997
test_16490,0.164269999
test_16491,0.233850002
test_16492,0
test_16493,2.99999992e-05
test_16494,0.000140000004
test_16495,0.991259992
test_16496,0.980889976
test_16497,0
test_16498,0.94660002
test_16499,0.00383000006
test_16500,0.0310500003
test_16501,0.923420012
test_16502,0.00158000004
test_16503,0.0377099998
test_16504,0
test_16505,1
test_16506,0
test_16507,0.999890029
test_16508,1
test_16509,0.00310999993
test_16510,9.99999975e-06
test_16511,0.996510029
test_16512,0
test_16513,0.000169999999
test_16514,0.000539999979
test_16515,0.990999997
test_16516,1
test_16517,0
test_16518,1
test_16519,1
test_16520,0.165380001
test_16521,0.0281399991
test_16522,0.999300003
test_16523,1
test_16524,0.0410000011
test_16525,0.00303000002
test_16526,0.941529989
test_16527,0
test_16528,0.00133999996
test_16529,0.999880016
test_16530,0.102820002
test_16531,0.942300022
test_16532,1
test_16533,0.00120000006
test_16534,0.999930024
test_16535,1
test_16536,0.00231999997
test_16537,0.71043998
test_16538,0.998700023
test_16539,0.999970019
test_16540,1.99999995e-05
test_16541,4.99999987e-05
test_16542,0.876730025
test_16543,0.261119992
test_16544,0.092840001
test_16545,0
test_16546,1
test_16547,0.96776998
test_16548,0.308580011
test_16549,0.000699999975
test_16550,1
test_16551,1
test_16552,1
test_16553,0.0487900004
test_16554,7.9999998e-05
test_16555,0.90467
test_16556,0.834999979
test_16557,1
test_16558,0.962570012
test_16559,0.999989986
test_16560,0.320369989
test_16561,0.998650014
test_16562,0.209340006
test_16563,0
test_16564,1
test_16565,0.998780012
test_16566,0
test_16567,0.999979973
test_16568,0.99962002
test_16569,0.0210200008
test_16570,0.0535599999
test_16571,1
test_16572,0.319099993
test_16573,0
test_16574,0.0543799996
test_16575,0.0576400012
test_16576,9.99999975e-06
test_16577,0.000539999979
test_16578,1
test_16579,0.00149000005
test_16580,0
test_16581,9.99999975e-06
test_16582,0.999719977
test_16583,1
test_16584,0.999989986
test_16585,0
test_16586,0.870890021
test_16587,0.523549974
test_16588,0.950640023
test_16589,0.713339984
test_16590,0
test_16591,1
test_16592,0.00158000004
test_16593,0.00178000005
test_16594,0
test_16595,0.32396999
test_16596,0
test_16597,0.999989986
test_16598,0.827160001
test_16599,0.404740006
test_16600,0.93276
test_16601,0
test_16602,0.999840021
test_16603,0.669969976
test_16604,1
test_16605,0
test_16606,0.901419997
test_16607,0.17193
test_16608,1
test_16609,1
test_16610,0
test_16611,0.0101100001
test_16612,3.9999999e-05
test_16613,0.99308002
test_16614,0.685350001
test_16615,0.154190004
test_16616,0.95273
test_16617,0.841929972
test_16618,9.99999975e-06
test_16619,0
test_16620,1
test_16621,1
test_16622,0.999270022
test_16623,0.983319998
test_16624,1
test_16625,0.00046000001
test_16626,0.239429995
test_16627,0
test_16628,0
test_16629,0.0027999999
test_16630,0
test_16631,1.99999995e-05
test_16632,0.990459979
test_16633,0
test_16634,0.502460003
test_16635,0
test_16636,0.997200012
test_16637,0.0421800017
test_16638,0.999989986
test_16639,0.999689996
test_16640,0.516870022
test_16641,0.876450002
test_16642,0.999960005
test_16643,1
test_16644,1
test_16645,0.999920011
test_16646,0.999759972
test_16647,0.978089988
test_16648,0.2491
test_16649,0.82328999
test_16650,0.000289999996
test_16651,0.0104799997
test_16652,0.00193000003
test_16653,1
test_16654,1
test_16655,0.226510003
test_16656,0.178189993
test_16657,1
test_16658,0.0401999988
test_16659,0.00722000003
test_16660,1
test_16661,0
test_16662,0.0525100008
test_16663,0.147939995
test_16664,0.999930024
test_16665,0.00039999999
test_16666,0.999989986
test_16667,7.9999998e-05
test_16668,1
test_16669,1.99999995e-05
test_16670,0.000600000028
test_16671,0.898980021
test_16672,1
test_16673,0.0041100001
test_16674,0.0785000026
test_16675,0.975459993
test_16676,0.163849995
test_16677,0.389999986
test_16678,0.94145
test_16679,0.000380000012
test_16680,0.0510799997
test_16681,0.00147000002
test_16682,1
test_16683,0.0869600028
test_16684,0.000169999999
test_16685,1.99999995e-05
test_16686,2.99999992e-05
test_16687,0.991680026
test_16688,0.995050013
test_16689,0.0456200019
test_16690,1
test_16691,0
test_16692,0.995739996
test_16693,0.0144699998
test_16694,1
test_16695,0
test_16696,3.9999999e-05
test_16697,0.000600000028
test_16698,0.951489985
test_16699,0
test_16700,0.187209994
test_16701,0
test_16702,0.0013
test_16703,1
test_16704,0.871469975
test_16705,0.0233699996
test_16706,0.999629974
test_16707,0.343250006
test_16708,0.992860019
test_16709,0.993789971
test_16710,0.000620000006
test_16711,0.494049996
test_16712,0.532249987
test_16713,0.0375399999
test_16714,0.0196100008
test_16715,0.00033000001
test_16716,0
test_16717,0.99831003
test_16718,0
test_16719,0.897870004
test_16720,0.00153000001
test_16721,0.998290002
test_16722,1
test_16723,0.999939978
test_16724,0
test_16725,0.00263
test_16726,0.000520000001
test_16727,0.999580026
test_16728,1.99999995e-05
test_16729,2.99999992e-05
test_16730,0.999440014
test_16731,0.000110000001
test_16732,0.382010013
test_16733,1.99999995e-05
test_16734,0.59424001
test_16735,0
test_16736,0.734870017
test_16737,1
test_16738,0.999890029
test_16739,1
test_16740,1
test_16741,0
test_16742,0.00891999993
test_16743,0
test_16744,0.999270022
test_16745,9.99999975e-06
test_16746,0.01131
test_16747,0.998889983
test_16748,0.701839983
test_16749,0.994809985
test_16750,0.316610008
test_16751,0.999769986
test_16752,0
test_16753,1
test_16754,0.000429999985
test_16755,0.219459996
test_16756,0.999920011
test_16757,0
test_16758,0.999930024
test_16759,0.145789996
test_16760,0.830259979
test_16761,1
test_16762,0.995010018
test_16763,0.978929996
test_16764,0
test_16765,0.995220006
test_16766,1
test_16767,0.156920001
test_16768,0.00224000006
test_16769,0.719290018
test_16770,0.792469978
test_16771,0.800559998
test_16772,9.99999975e-06
test_16773,0.999710023
test_16774,0.0862300023
test_16775,1.99999995e-05
test_16776,3.9999999e-05
test_16777,0.999909997
test_16778,0.000140000004
test_16779,0.000230000005
test_16780,0.999930024
test_16781,0.00124000001
test_16782,1
test_16783,1
test_16784,1
test_16785,1
test_16786,7.9999998e-05
test_16787,0.23725
test_16788,0.998870015
test_16789,1
test_16790,0.0033199999
test_16791,0
test_16792,1
test_16793,0.000890000025
test_16794,1
test_16795,0
test_16796,0.981859982
test_16797,0.000369999994
test_16798,0.898869991
test_16799,0.917680025
test_16800,0.0856299996
test_16801,1
test_16802,0.999970019
test_16803,0.00361000001
test_16804,1
test_16805,0.999989986
test_16806,1
test_16807,0.623489976
test_16808,0
test_16809,5.99999985e-05
test_16810,0
test_16811,0.996860027
test_16812,2.99999992e-05
test_16813,0
test_16814,0.356260002
test_16815,0.998340011
test_16816,0
test_16817,0.999790013
test_16818,0.00630000001
test_16819,1
test_16820,0.000220000002
test_16821,0.999230027
test_16822,1
test_16823,0.999979973
test_16824,1
test_16825,0.000319999992
test_16826,0.982190013
test_16827,0.831700027
test_16828,0
test_16829,0.919359982
test_16830,0
test_16831,0.998880029
test_16832,0.999090016
test_16833,0.996110022
test_16834,0.365449995
test_16835,0.99812001
test_16836,0.000190000006
test_16837,0.996909976
test_16838,0.852859974
test_16839,0.990450025
test_16840,0.970130026
test_16841,0.972169995
test_16842,0.406590015
test_16843,0
test_16844,1
test_16845,0
test_16846,0
test_16847,0.962100029
test_16848,1
test_16849,0.999970019
test_16850,0.00375999999
test_16851,0.0476099998
test_16852,0.150309995
test_16853,0.00106000004
test_16854,0
test_16855,0
test_16856,0.738550007
test_16857,0.999989986
test_16858,0.906859994
test_16859,0.000300000014
test_16860,0.999779999
test_16861,0.00033000001
test_16862,0
test_16863,0.999979973
test_16864,0.279639989
test_16865,0.00400000019
test_16866,0.0584100001
test_16867,0.0559599996
test_16868,0.999670029
test_16869,1
test_16870,1
test_16871,1
test_16872,1
test_16873,0.507650018
test_16874,0.26324001
test_16875,0
test_16876,0.973619998
test_16877,0
test_16878,0.0694300011
test_16879,0.993520021
test_16880,0.669740021
test_16881,0.0252
test_16882,0.03455
test_16883,1
test_16884,1
test_16885,0.0579300001
test_16886,0.991590023
test_16887,0.885689974
test_16888,1
test_16889,1
test_16890,0.954360008
test_16891,0.672290027
test_16892,1
test_16893,0.70569998
test_16894,0.999790013
test_16895,0.000479999988
test_16896,0.999469995
test_16897,0.0135300001
test_16898,0
test_16899,0.00013
test_16900,0.00127000001
test_16901,0.0647300035
test_16902,0.00249999994
test_16903,0.999639988
test_16904,1
test_16905,0
test_16906,0.000509999983
test_16907,0.999930024
test_16908,0
test_16909,1
test_16910,0.149619997
test_16911,0.989069998
test_16912,0.953320026
test_16913,0.0261000004
test_16914,0
test_16915,1
test_16916,0.999779999
test_16917,0
test_16918,0.99950999
test_16919,3.9999999e-05
test_16920,0.999580026
test_16921,0.999989986
test_16922,0.0104099996
test_16923,0
test_16924,0.407059997
test_16925,0.00472000008
test_16926,0
test_16927,0.0028299999
test_16928,0.588649988
test_16929,0
test_16930,0.109389998
test_16931,0.998920023
test_16932,0.0130500002
test_16933,0.996749997
test_16934,0.995480001
test_16935,0.0460800007
test_16936,1
test_16937,0.973249972
test_16938,0
test_16939,0.993740022
test_16940,0.00524999993
test_16941,0.998430014
test_16942,0.999890029
test_16943,0.468899995
test_16944,0.000679999997
test_16945,9.99999975e-06
test_16946,0.40347001
test_16947,0
test_16948,0.745369971
test_16949,0.999779999
test_16950,0.999319971
test_16951,1
test_16952,0.999419987
test_16953,0.999920011
test_16954,9.99999975e-06
test_16955,0.999909997
test_16956,0
test_16957,0.774749994
test_16958,1
test_16959,9.99999975e-06
test_16960,1
test_16961,0.000280000007
test_16962,0.0060800002
test_16963,0.850549996
test_16964,0
test_16965,1
test_16966,0.000180000003
test_16967,0.797900021
test_16968,0
test_16969,0.908439994
test_16970,0.663929999
test_16971,0.999890029
test_16972,0.00214
test_16973,0.998740017
test_16974,0.991029978
test_16975,7.00000019e-05
test_16976,0.0135300001
test_16977,0.0659400001
test_16978,0.999979973
test_16979,0.906570017
test_16980,1
test_16981,0.999939978
test_16982,7.9999998e-05
test_16983,1
test_16984,0.000339999999
test_16985,0
test_16986,0.777869999
test_16987,0
test_16988,9.99999975e-06
test_16989,0
test_16990,0.00159999996
test_16991,2.99999992e-05
test_16992,0.999159992
test_16993,9.99999975e-06
test_16994,0.0463499986
test_16995,0.998960018
test_16996,0.00306000002
test_16997,0.679159999
test_16998,0.000230000005
test_16999,1
test_17000,0.0515099987
test_17001,0.981090009
test_17002,0.998969972
test_17003,0
test_17004,0.999989986
test_17005,0.165150002
test_17006,0.00104999996
test_17007,0.337900013
test_17008,0.999670029
test_17009,0
test_17010,0
test_17011,0.233050004
test_17012,0.156939998
test_17013,0.943700016
test_17014,0
test_17015,0.957249999
test_17016,0.996330023
test_17017,0.995739996
test_17018,0.000159999996
test_17019,0
test_17020,1
test_17021,0.994560003
test_17022,9.99999975e-06
test_17023,9.99999975e-06
test_17024,0.898940027
test_17025,0
test_17026,9.99999975e-06
test_17027,1
test_17028,0.999480009
test_17029,0.988520026
test_17030,1
test_17031,0.00026999999
test_17032,0.999729991
test_17033,0.99980998
test_17034,0.0373799987
test_17035,0.573279977
test_17036,1
test_17037,1.99999995e-05
test_17038,9.99999975e-06
test_17039,0
test_17040,0.577769995
test_17041,0.735170007
test_17042,0.713810027
test_17043,0.00254000002
test_17044,0.669830024
test_17045,1.99999995e-05
test_17046,0.999909997
test_17047,0.88756001
test_17048,0.0751700029
test_17049,1
test_17050,0.80746001
test_17051,0.991530001
test_17052,0
test_17053,0.20623
test_17054,0.999140024
test_17055,0
test_17056,1
test_17057,1
test_17058,3.9999999e-05
test_17059,0
test_17060,0.0692600012
test_17061,0.00540000014
test_17062,0.603910029
test_17063,0.182249993
test_17064,0
test_17065,0.0525900014
test_17066,5.99999985e-05
test_17067,0.999930024
test_17068,2.99999992e-05
test_17069,0.999949992
test_17070,0
test_17071,0.99871999
test_17072,0.999989986
test_17073,0.322239995
test_17074,0.997860014
test_17075,0.996190012
test_17076,0.344220012
test_17077,0.999029994
test_17078,0.0797500014
test_17079,0.999989986
test_17080,0.999939978
test_17081,0
test_17082,0.998030007
test_17083,0.045570001
test_17084,0.000449999992
test_17085,2.99999992e-05
test_17086,0.999339998
test_17087,0.971899986
test_17088,0.999610007
test_17089,0.00383000006
test_17090,0.936590016
test_17091,0.152380005
test_17092,0.258639991
test_17093,0.283030003
test_17094,0.000300000014
test_17095,1
test_17096,0.992839992
test_17097,0.999899983
test_17098,0.364569992
test_17099,0.999979973
test_17100,0
test_17101,0.0907900035
test_17102,1
test_17103,0
test_17104,0.324809998
test_17105,1
test_17106,1
test_17107,0
test_17108,1.99999995e-05
test_17109,1
test_17110,0.999779999
test_17111,0.969030023
test_17112,1
test_17113,0.998860002
test_17114,0.999930024
test_17115,0.348650008
test_17116,0.96371001
test_17117,0
test_17118,0.996270001
test_17119,0.999909997
test_17120,0.469040006
test_17121,0.985790014
test_17122,0.999899983
test_17123,0.00112999999
test_17124,9.99999975e-06
test_17125,0.999840021
test_17126,0.98417002
test_17127,1.99999995e-05
test_17128,0.171560004
test_17129,1
test_17130,0.716929972
test_17131,0
test_17132,0.679520011
test_17133,0
test_17134,0.032949999
test_17135,0
test_17136,1
test_17137,0.596889973
test_17138,0.115850002
test_17139,0.506879985
test_17140,3.9999999e-05
test_17141,0.99891001
test_17142,1
test_17143,1
test_17144,0.0208400004
test_17145,3.9999999e-05
test_17146,1
test_17147,0.999899983
test_17148,0
test_17149,0.064319998
test_17150,0.689480007
test_17151,0.999989986
test_17152,9.99999975e-06
test_17153,0
test_17154,0.0120700002
test_17155,0
test_17156,0
test_17157,0.441830009
test_17158,0.426510006
test_17159,0
test_17160,0.882430017
test_17161,0.874580026
test_17162,0
test_17163,0.967670023
test_17164,1
test_17165,0.999750018
test_17166,0
test_17167,0.412200004
test_17168,0.999989986
test_17169,1
test_17170,0.698750019
test_17171,0.0100100003
test_17172,0.982840002
test_17173,0.999960005
test_17174,0.999939978
test_17175,0.0184400007
test_17176,0.0167399999
test_17177,1
test_17178,0.0166900009
test_17179,0.81378001
test_17180,0.292149991
test_17181,1
test_17182,0.00046000001
test_17183,0.991569996
test_17184,0.0368600003
test_17185,0.999899983
test_17186,0.249589995
test_17187,0.996559978
test_17188,0
test_17189,0.00103000004
test_17190,0
test_17191,0.937889993
test_17192,0.0196499992
test_17193,0.0209500007
test_17194,0.916230023
test_17195,0.00159999996
test_17196,0.000150000007
test_17197,0.751619995
test_17198,0
test_17199,0.969439983
test_17200,0.999319971
test_17201,0.00681999978
test_17202,0.000140000004
test_17203,1
test_17204,0.999029994
test_17205,0.806439996
test_17206,1
test_17207,0
test_17208,0.999979973
test_17209,0.524999976
test_17210,0.0775900036
test_17211,3.9999999e-05
test_17212,1
test_17213,0.000910000002
test_17214,0.995599985
test_17215,0.999989986
test_17216,0
test_17217,0
test_17218,0
test_17219,0.0173899997
test_17220,0.00285999989
test_17221,0.00316000008
test_17222,1
test_17223,0
test_17224,0
test_17225,0.267030001
test_17226,0.000300000014
test_17227,0.99150002
test_17228,0.999909997
test_17229,0.999800026
test_17230,0.999750018
test_17231,0.762009978
test_17232,0
test_17233,0.00371000008
test_17234,0.111409999
test_17235,0.999989986
test_17236,0
test_17237,0.998220026
test_17238,0.0566999987
test_17239,0.66158998
test_17240,0.00243999995
test_17241,0.0055999998
test_17242,1
test_17243,0
test_17244,0.0626199991
test_17245,0
test_17246,0.998619974
test_17247,5.99999985e-05
test_17248,0.000539999979
test_17249,0.970799983
test_17250,0.00039999999
test_17251,0.999109983
test_17252,0.987760007
test_17253,0.851490021
test_17254,0.00026999999
test_17255,0.999740005
test_17256,0.00546000013
test_17257,0
test_17258,0.976469994
test_17259,0.999660015
test_17260,0.00982999988
test_17261,0.999849975
test_17262,0.0111999996
test_17263,1
test_17264,0.999090016
test_17265,1
test_17266,0
test_17267,0.0328399986
test_17268,0.06171
test_17269,9.99999975e-06
test_17270,0.455980003
test_17271,0.081129998
test_17272,0.594380021
test_17273,0.999970019
test_17274,0.776120007
test_17275,0.0494199991
test_17276,0.998589993
test_17277,0.99950999
test_17278,0.034359999
test_17279,0.0361399986
test_17280,0.0754899979
test_17281,0.000520000001
test_17282,0.999660015
test_17283,0
test_17284,0.994159997
test_17285,1
test_17286,1
test_17287,0.000169999999
test_17288,0.893779993
test_17289,0.847580016
test_17290,9.99999975e-05
test_17291,0.792460024
test_17292,1
test_17293,0.337440014
test_17294,0.999970019
test_17295,0.0123800002
test_17296,0.997889996
test_17297,0.352279991
test_17298,0.132599995
test_17299,0.962759972
test_17300,0.0234600008
test_17301,0.985400021
test_17302,0.317059994
test_17303,0
test_17304,9.99999975e-06
test_17305,0.97477001
test_17306,0.953459978
test_17307,0.995890021
test_17308,0.238480002
test_17309,0
test_17310,0.999979973
test_17311,0
test_17312,0.703040004
test_17313,0.999930024
test_17314,0.996630013
test_17315,0.000169999999
test_17316,0
test_17317,1
test_17318,0.439440012
test_17319,1
test_17320,0.999539971
test_17321,1
test_17322,9.99999975e-06
test_17323,1
test_17324,0
test_17325,0
test_17326,0.999890029
test_17327,0
test_17328,0.282499999
test_17329,0
test_17330,0
test_17331,0.996450007
test_17332,0.985960007
test_17333,0.0498000011
test_17334,0
test_17335,0.998139977
test_17336,0.0467600003
test_17337,0.000650000002
test_17338,1
test_17339,0.00323999999
test_17340,0.181470007
test_17341,0
test_17342,0.0634400025
test_17343,0
test_17344,0.999989986
test_17345,1
test_17346,0.991900027
test_17347,0.000280000007
test_17348,1
test_17349,9.99999975e-06
test_17350,0.0109299999
test_17351,0.243169993
test_17352,0.813120008
test_17353,0.999979973
test_17354,0.999559999
test_17355,0
test_17356,0.0178699996
test_17357,0.689329982
test_17358,0
test_17359,0.315939993
test_17360,0.999119997
test_17361,0.992039979
test_17362,9.99999975e-06
test_17363,0.287930012
test_17364,0.000180000003
test_17365,0.00187000004
test_17366,4.99999987e-05
test_17367,0.967379987
test_17368,0
test_17369,0.97578001
test_17370,0.547900021
test_17371,0.99958998
test_17372,0.971400023
test_17373,0.000600000028
test_17374,1
test_17375,0
test_17376,0.999949992
test_17377,0.00503000012
test_17378,0.00268999999
test_17379,0.986660004
test_17380,0.995999992
test_17381,0
test_17382,0.633560002
test_17383,1
test_17384,0.000119999997
test_17385,7.00000019e-05
test_17386,0
test_17387,0.998189986
test_17388,9.99999975e-06
test_17389,0
test_17390,0.00138000003
test_17391,9.99999975e-06
test_17392,0
test_17393,0.617009997
test_17394,0.00240000011
test_17395,0.0330500007
test_17396,0.37895
test_17397,0.000119999997
test_17398,0.401820004
test_17399,0.399179995
test_17400,0
test_17401,0.99980998
test_17402,1
test_17403,0.652170002
test_17404,0.997550011
test_17405,0.00132000004
test_17406,0.00937999971
test_17407,0.999979973
test_17408,0.00503000012
test_17409,0.997009993
test_17410,0.999490023
test_17411,1
test_17412,0.0033499999
test_17413,0.0612999983
test_17414,0.00133999996
test_17415,0.00212999992
test_17416,0.915210009
test_17417,0.999970019
test_17418,0.64921999
test_17419,0.00118999998
test_17420,0.997910023
test_17421,0.999920011
test_17422,0.987489998
test_17423,0.999779999
test_17424,0.000190000006
test_17425,0.963150024
test_17426,0.99950999
test_17427,0.999939978
test_17428,0.00013
test_17429,0.486739993
test_17430,0.999989986
test_17431,0
test_17432,0.807280004
test_17433,0.000509999983
test_17434,0.109310001
test_17435,0.0560300015
test_17436,0.000980000012
test_17437,0.00167999999
test_17438,1
test_17439,0
test_17440,0
test_17441,1
test_17442,0
test_17443,1
test_17444,2.99999992e-05
test_17445,0
test_17446,0.999970019
test_17447,1.99999995e-05
test_17448,0.99296999
test_17449,0.999769986
test_17450,0.995280027
test_17451,0.00138000003
test_17452,0
test_17453,1
test_17454,0.999570012
test_17455,0.01131
test_17456,0.865260005
test_17457,0.808659971
test_17458,0.0397699997
test_17459,0.229179993
test_17460,0.0728399977
test_17461,0.317849994
test_17462,0.0123699997
test_17463,0.000369999994
test_17464,0.00300000003
test_17465,0
test_17466,0.911559999
test_17467,0.983919978
test_17468,1
test_17469,0.00218000007
test_17470,0.00208000001
test_17471,0.999930024
test_17472,0.0816999972
test_17473,1
test_17474,1
test_17475,0.733919978
test_17476,0.109959997
test_17477,9.99999975e-06
test_17478,0.000339999999
test_17479,0
test_17480,0.999989986
test_17481,0.968580008
test_17482,0.955219984
test_17483,0.00135999999
test_17484,0
test_17485,0.810109973
test_17486,9.99999975e-06
test_17487,0.909659982
test_17488,0.0101600001
test_17489,0.985599995
test_17490,9.99999975e-06
test_17491,0.999599993
test_17492,0
test_17493,0.999360025
test_17494,0.462720007
test_17495,0.0304300003
test_17496,0.592209995
test_17497,0.000750000007
test_17498,0.0717300028
test_17499,0.998700023
test_17500,0
test_17501,0.264539987
test_17502,3.9999999e-05
test_17503,1
test_17504,0
test_17505,0.853959978
test_17506,0
test_17507,1
test_17508,1
test_17509,1
test_17510,0
test_17511,0.430779994
test_17512,0.00286999997
test_17513,0.998269975
test_17514,0.998399973
test_17515,0.999989986
test_17516,0
test_17517,0.684560001
test_17518,0.162420005
test_17519,0
test_17520,0.255860001
test_17521,0.999970019
test_17522,0.844169974
test_17523,0.781019986
test_17524,0.99417001
test_17525,0.995829999
test_17526,1
test_17527,9.99999975e-06
test_17528,0.0184599999
test_17529,0.000199999995
test_17530,0.988449991
test_17531,0.0493299998
test_17532,0.00214
test_17533,0.999930024
test_17534,0.907859981
test_17535,0.99871999
test_17536,0.999989986
test_17537,0.0423300005
test_17538,1
test_17539,0.485100001
test_17540,0.000549999997
test_17541,1
test_17542,1
test_17543,0.962759972
test_17544,5.99999985e-05
test_17545,0.999979973
test_17546,0.999989986
test_17547,0
test_17548,0.513960004
test_17549,0
test_17550,0.996590018
test_17551,0.000310000003
test_17552,1
test_17553,0
test_17554,0.862540007
test_17555,0
test_17556,0
test_17557,0.999960005
test_17558,0.999909997
test_17559,1
test_17560,0.00193999999
test_17561,0.00246000011
test_17562,0
test_17563,0.00141999999
test_17564,0.0488299988
test_17565,0
test_17566,0.929449975
test_17567,0.999859989
test_17568,0.197420001
test_17569,0
test_17570,0.205280006
test_17571,0
test_17572,0.999899983
test_17573,0.998740017
test_17574,0.000260000001
test_17575,0
test_17576,0.0351400003
test_17577,1
test_17578,0
test_17579,0
test_17580,0.0478800014
test_17581,9.00000014e-05
test_17582,0.990840018
test_17583,0.98597002
test_17584,0.999729991
test_17585,0.85819
test_17586,0
test_17587,2.99999992e-05
test_17588,9.99999975e-06
test_17589,0.999010026
test_17590,0.00473000016
test_17591,0.79302001
test_17592,0.0669
test_17593,0.801150024
test_17594,4.99999987e-05
test_17595,1
test_17596,0.99052
test_17597,0.203920007
test_17598,0.783140004
test_17599,0.99958998
test_17600,0.914830029
test_17601,0.000490000006
test_17602,0.135649994
test_17603,0.300449997
test_17604,0.000150000007
test_17605,0
test_17606,1.99999995e-05
test_17607,0.000159999996
test_17608,7.9999998e-05
test_17609,0.999849975
test_17610,0.674700022
test_17611,0.0104499999
test_17612,0.00268999999
test_17613,0.982070029
test_17614,1
test_17615,0
test_17616,0.999979973
test_17617,0
test_17618,0
test_17619,0.99871999
test_17620,0.511720002
test_17621,0.00663000019
test_17622,0.398640007
test_17623,0.999279976
test_17624,0.999880016
test_17625,0.999989986
test_17626,3.9999999e-05
test_17627,0.000560000015
test_17628,0.999469995
test_17629,0.999920011
test_17630,0.99782002
test_17631,0.999450028
test_17632,0.149250001
test_17633,1
test_17634,0
test_17635,0.0783500001
test_17636,0.000159999996
test_17637,0.00225999998
test_17638,0.00865999982
test_17639,0.480940014
test_17640,0.452639997
test_17641,0.0146899996
test_17642,0.999759972
test_17643,0
test_17644,0.957629979
test_17645,1
test_17646,0.999870002
test_17647,0
test_17648,0.817229986
test_17649,0
test_17650,5.99999985e-05
test_17651,0.977729976
test_17652,0.695959985
test_17653,0.861810029
test_17654,2.99999992e-05
test_17655,0.000390000001
test_17656,0.999689996
test_17657,0.220149994
test_17658,0.00803999975
test_17659,0.000520000001
test_17660,1
test_17661,0.808830023
test_17662,0
test_17663,1
test_17664,0
test_17665,0.000469999999
test_17666,0
test_17667,0.999989986
test_17668,0.000390000001
test_17669,0.874719977
test_17670,0
test_17671,0
test_17672,1
test_17673,0.000150000007
test_17674,0.00107
test_17675,1
test_17676,1
test_17677,0.999899983
test_17678,9.99999975e-06
test_17679,0.999949992
test_17680,0
test_17681,0.00903000031
test_17682,0.999949992
test_17683,0.98852998
test_17684,1
test_17685,0.968580008
test_17686,0
test_17687,0
test_17688,9.99999975e-06
test_17689,0.998809993
test_17690,0.0609700009
test_17691,0.980560005
test_17692,0.902760029
test_17693,0.515280008
test_17694,0.999740005
test_17695,0.999979973
test_17696,1
test_17697,1
test_17698,0
test_17699,0
test_17700,0.0245099999
test_17701,0.999859989
test_17702,0.000939999998
test_17703,0.00219999999
test_17704,0
test_17705,0
test_17706,0.999960005
test_17707,0.000520000001
test_17708,0.999710023
test_17709,0.609009981
test_17710,0.0566999987
test_17711,0.405360013
test_17712,0.830030024
test_17713,0.000150000007
test_17714,0
test_17715,0.0122400001
test_17716,1.99999995e-05
test_17717,1
test_17718,0.586690009
test_17719,0
test_17720,3.9999999e-05
test_17721,0.0104700001
test_17722,0.0276299994
test_17723,0.999899983
test_17724,1
test_17725,3.9999999e-05
test_17726,0.994140029
test_17727,0.995329976
test_17728,0.999270022
test_17729,0.397650003
test_17730,1
test_17731,0.982670009
test_17732,0.997979999
test_17733,1
test_17734,0
test_17735,0.971239984
test_17736,1
test_17737,0.0159600005
test_17738,0.590719998
test_17739,0.999339998
test_17740,0
test_17741,1
test_17742,0.0359999985
test_17743,1
test_17744,0.998059988
test_17745,0
test_17746,0
test_17747,0.000199999995
test_17748,0.999650002
test_17749,1
test_17750,2.99999992e-05
test_17751,0.377719998
test_17752,0.0102199996
test_17753,0.00762999989
test_17754,0.0311999992
test_17755,1
test_17756,0.00337000005
test_17757,0.235080004
test_17758,0
test_17759,1
test_17760,0.931039989
test_17761,0.186859995
test_17762,0.211879998
test_17763,9.99999975e-06
test_17764,0
test_17765,0.999670029
test_17766,0.821950018
test_17767,0.00236000004
test_17768,0.980840027
test_17769,0
test_17770,0.999610007
test_17771,0.797129989
test_17772,0.354860008
test_17773,7.00000019e-05
test_17774,0
test_17775,0.917270005
test_17776,0.999979973
test_17777,9.99999975e-06
test_17778,0.00389000005
test_17779,2.99999992e-05
test_17780,1
test_17781,0
test_17782,1
test_17783,0.00616999995
test_17784,0.730189979
test_17785,1
test_17786,0.927070022
test_17787,0.300989985
test_17788,1
test_17789,0.0489800014
test_17790,0
test_17791,0.992449999
test_17792,0.183740005
test_17793,0.00718000019
test_17794,0.00219999999
test_17795,0.111280002
test_17796,0.00106000004
test_17797,0.998920023
test_17798,0
test_17799,0.000260000001
test_17800,0.995880008
test_17801,0.00101000001
test_17802,0.427150011
test_17803,0.00147999998
test_17804,0.986249983
test_17805,0.983099997
test_17806,1
test_17807,0
test_17808,7.00000019e-05
test_17809,0.000410000008
test_17810,1
test_17811,0.653739989
test_17812,0
test_17813,0.838720024
test_17814,0.999800026
test_17815,0.0187400002
test_17816,0.999989986
test_17817,0.00644000014
test_17818,0.00810000021
test_17819,1
test_17820,0
test_17821,0.999979973
test_17822,0.00820000004
test_17823,0.0166800003
test_17824,0.910619974
test_17825,7.00000019e-05
test_17826,0.996320009
test_17827,0.956809998
test_17828,1
test_17829,0.388779998
test_17830,0.998059988
test_17831,0
test_17832,0.000390000001
test_17833,0.999670029
test_17834,0.0239899997
test_17835,1
test_17836,0.967079997
test_17837,0.999989986
test_17838,1
test_17839,0.999970019
test_17840,0.492720008
test_17841,0.999520004
test_17842,1
test_17843,0
test_17844,0
test_17845,0.761219978
test_17846,0
test_17847,0.999960005
test_17848,0.999670029
test_17849,0
test_17850,0.0864999965
test_17851,0.842809975
test_17852,0.999899983
test_17853,0.00553999981
test_17854,0
test_17855,0
test_17856,1
test_17857,0
test_17858,0.999819994
test_17859,0.999989986
test_17860,0.0174499992
test_17861,0.999989986
test_17862,1
test_17863,0
test_17864,0.00492999982
test_17865,0.0906300023
test_17866,0.921239972
test_17867,0.867209971
test_17868,0.317719996
test_17869,3.9999999e-05
test_17870,0.999989986
test_17871,0.789979994
test_17872,0.0186000001
test_17873,1
test_17874,0
test_17875,0.999970019
test_17876,1.99999995e-05
test_17877,0
test_17878,0.450419992
test_17879,0.999960005
test_17880,9.99999975e-06
test_17881,0.982490003
test_17882,0.000760000024
test_17883,0.925010026
test_17884,0.627960026
test_17885,1
test_17886,0
test_17887,1
test_17888,0.0207499992
test_17889,0.999939978
test_17890,0.999660015
test_17891,0.0393100008
test_17892,1
test_17893,0.999499977
test_17894,0.999890029
test_17895,0.000230000005
test_17896,0.997389972
test_17897,0.000579999993
test_17898,0.29934001
test_17899,0.000440000003
test_17900,0.994750023
test_17901,0.00033000001
test_17902,0.000939999998
test_17903,0.999989986
test_17904,0.999979973
test_17905,0.427980006
test_17906,1
test_17907,0.606100023
test_17908,0.105379999
test_17909,0.999989986
test_17910,0
test_17911,0.0283100009
test_17912,0.99970001
test_17913,0.116870001
test_17914,0.00520000001
test_17915,0.997200012
test_17916,0
test_17917,0
test_17918,0.00156999996
test_17919,9.99999975e-06
test_17920,0
test_17921,1
test_17922,0.885860026
test_17923,0.994159997
test_17924,0.00013
test_17925,0.00732999993
test_17926,0.117349997
test_17927,0.493099988
test_17928,1
test_17929,0.000880000007
test_17930,1
test_17931,0.997280002
test_17932,0.000280000007
test_17933,0.999949992
test_17934,0
test_17935,0.0339699984
test_17936,1
test_17937,1.99999995e-05
test_17938,9.99999975e-06
test_17939,1
test_17940,1
test_17941,0.252229989
test_17942,1
test_17943,0.995829999
test_17944,1
test_17945,0
test_17946,0.00545000006
test_17947,0.700980008
test_17948,0.000199999995
test_17949,0.0102300001
test_17950,0.797500014
test_17951,0.0199999996
test_17952,0.964760005
test_17953,0.994930029
test_17954,0.000260000001
test_17955,0
test_17956,0.994920015
test_17957,0
test_17958,0
test_17959,0
test_17960,0
test_17961,0.637419999
test_17962,0
test_17963,0.993160009
test_17964,0.998589993
test_17965,1
test_17966,1
test_17967,0.0674500018
test_17968,0.35699001
test_17969,0.00274999999
test_17970,0.000180000003
test_17971,0.999949992
test_17972,0.000760000024
test_17973,0.999750018
test_17974,0.00377000007
test_17975,0
test_17976,0.999830008
test_17977,0
test_17978,0.999989986
test_17979,0.00581
test_17980,0.000469999999
test_17981,0.841709971
test_17982,1
test_17983,0.312059999
test_17984,0
test_17985,0.0056400001
test_17986,0.02159
test_17987,0.0127999997
test_17988,0.999939978
test_17989,1
test_17990,0.366329998
test_17991,0.999909997
test_17992,0.999459982
test_17993,0.00819000043
test_17994,0.127169997
test_17995,0.000530000019
test_17996,1
test_17997,0
test_17998,0.0927999988
test_17999,0.995790005
test_18000,0.336120009
test_18001,0.00285000005
test_18002,0.999989986
test_18003,1
test_18004,0.237230003
test_18005,0.877189994
test_18006,0.0911900029
test_18007,0.98556
test_18008,0.998979986
test_18009,0.999970019
test_18010,0.000250000012
test_18011,0.502279997
test_18012,0.0124300001
test_18013,0.0049399999
test_18014,0
test_18015,0
test_18016,0.999979973
test_18017,0.000609999988
test_18018,0.320569992
test_18019,0
test_18020,0.920449972
test_18021,0.540859997
test_18022,1
test_18023,1
test_18024,7.00000019e-05
test_18025,1.99999995e-05
test_18026,0.16494
test_18027,0.01315
test_18028,0.969560027
test_18029,0.115290001
test_18030,0.999750018
test_18031,0.999949992
test_18032,0.00013
test_18033,0.437539995
test_18034,1
test_18035,0.597259998
test_18036,0.999989986
test_18037,0.00193000003
test_18038,0.697520018
test_18039,0.581960022
test_18040,1
test_18041,1
test_18042,1
test_18043,0
test_18044,0.962029994
test_18045,0
test_18046,0.921540022
test_18047,0.0222600009
test_18048,0.0233999994
test_18049,1
test_18050,0.989989996
test_18051,0
test_18052,0.00340000005
test_18053,0.788429976
test_18054,0
test_18055,0.853510022
test_18056,0.000380000012
test_18057,0.0295800008
test_18058,0.997609973
test_18059,0.672230005
test_18060,0.995739996
test_18061,0.990700006
test_18062,1
test_18063,0.143900007
test_18064,0.309590012
test_18065,0.958999991
test_18066,0
test_18067,0.979089975
test_18068,0.997919977
test_18069,0.28994
test_18070,1
test_18071,0
test_18072,0.352609992
test_18073,0.746949971
test_18074,0.00150999997
test_18075,0.999279976
test_18076,0.999989986
test_18077,0
test_18078,0.999300003
test_18079,0.996569991
test_18080,0.999979973
test_18081,0.979700029
test_18082,0.999989986
test_18083,0.943050027
test_18084,1
test_18085,0
test_18086,1
test_18087,9.99999975e-06
test_18088,0.999949992
test_18089,0
test_18090,0.793229997
test_18091,0.965839982
test_18092,0.999469995
test_18093,0.997250021
test_18094,0.00190999999
test_18095,0.0877899975
test_18096,0.541760027
test_18097,0.994449973
test_18098,1
test_18099,1
test_18100,0.000709999993
test_18101,7.00000019e-05
test_18102,0.999989986
test_18103,0.000159999996
test_18104,0.915019989
test_18105,0.999800026
test_18106,0.334039986
test_18107,0.566330016
test_18108,0.89252001
test_18109,0
test_18110,0.269930005
test_18111,0.627099991
test_18112,0.906120002
test_18113,0.00127000001
test_18114,0.941950023
test_18115,1
test_18116,1
test_18117,0.000769999984
test_18118,0.000690000015
test_18119,0.00261000008
test_18120,0
test_18121,0.139860004
test_18122,0.032159999
test_18123,0.678369999
test_18124,0.918829978
test_18125,1
test_18126,0.996580005
test_18127,0
test_18128,0.270709991
test_18129,0
test_18130,0
test_18131,0.792879999
test_18132,0
test_18133,0
test_18134,0
test_18135,0.105559997
test_18136,0
test_18137,0
test_18138,0.481519997
test_18139,9.99999975e-06
test_18140,0
test_18141,0.0152899995
test_18142,0
test_18143,0.999689996
test_18144,9.99999975e-06
test_18145,0.999830008
test_18146,0.233720005
test_18147,0
test_18148,0.373380005
test_18149,0.999679983
test_18150,1
test_18151,0.980159998
test_18152,0.999719977
test_18153,0.0142000001
test_18154,0.999859989
test_18155,1
test_18156,0.00490000006
test_18157,0.000869999989
test_18158,0.814469993
test_18159,0.106279999
test_18160,0.999970019
test_18161,0.707520008
test_18162,0.911979973
test_18163,0
test_18164,0.999360025
test_18165,0.0187800005
test_18166,0.223979995
test_18167,1
test_18168,1
test_18169,0.866760015
test_18170,1
test_18171,0.704169989
test_18172,0.869729996
test_18173,1
test_18174,0.999480009
test_18175,0
test_18176,1
test_18177,1
test_18178,1
test_18179,0.0243999995
test_18180,0.000490000006
test_18181,0.998080015
test_18182,1
test_18183,0.997250021
test_18184,0.747650027
test_18185,0.993910015
test_18186,0
test_18187,0
test_18188,0.364250004
test_18189,0.747229993
test_18190,1
test_18191,1
test_18192,1
test_18193,0.999040008
test_18194,0.76402998
test_18195,0.999819994
test_18196,0.0585899986
test_18197,0.999769986
test_18198,0.997200012
test_18199,0.610610008
test_18200,0
test_18201,0.999549985
test_18202,0.69016999
test_18203,0.40674001
test_18204,0.999989986
test_18205,0.964770019
test_18206,0
test_18207,0.991580009
test_18208,0
test_18209,1
test_18210,0.994069993
test_18211,0.0301200002
test_18212,0.994920015
test_18213,0.104099996
test_18214,0
test_18215,0.578249991
test_18216,0.0875400007
test_18217,0.0236600004
test_18218,1
test_18219,0.831990004
test_18220,0.999939978
test_18221,0.00325000007
test_18222,0
test_18223,0
test_18224,1
test_18225,1
test_18226,0.999790013
test_18227,0.72122997
test_18228,0.999729991
test_18229,0.00724999979
test_18230,1
test_18231,0.0122699998
test_18232,0.379539996
test_18233,1
test_18234,0.000549999997
test_18235,0.409460008
test_18236,9.99999975e-06
test_18237,0
test_18238,0.999040008
test_18239,0.996500015
test_18240,0.0313399993
test_18241,0.997829974
test_18242,0
test_18243,0
test_18244,1
test_18245,0.996200025
test_18246,1
test_18247,0.505289972
test_18248,0.999520004
test_18249,0.147139996
test_18250,0
test_18251,0.00292999996
test_18252,0.998730004
test_18253,1
test_18254,0
test_18255,2.99999992e-05
test_18256,0.000119999997
test_18257,0
test_18258,0.836409986
test_18259,0.150020003
test_18260,0.998380005
test_18261,0.999989986
test_18262,0.0025200001
test_18263,0.815540016
test_18264,0
test_18265,0
test_18266,0.000280000007
test_18267,0.677049994
test_18268,0.986769974
test_18269,0
test_18270,0.999970019
test_18271,0
test_18272,0
test_18273,0.000199999995
test_18274,9.99999975e-06
test_18275,0.128690004
test_18276,0.00422
test_18277,0
test_18278,0
test_18279,0.70520997
test_18280,1
test_18281,0
test_18282,0.660170019
test_18283,0.254209995
test_18284,0.986169994
test_18285,0.992049992
test_18286,2.99999992e-05
test_18287,0.613860011
test_18288,0
test_18289,0.594789982
test_18290,0.999480009
test_18291,0.000150000007
test_18292,0.000150000007
test_18293,0.779150009
test_18294,0.429560006
test_18295,0.427549988
test_18296,0
test_18297,0.000859999971
test_18298,0.994840026
test_18299,0
test_18300,0.226009995
test_18301,0.0102300001
test_18302,0.000140000004
test_18303,0.00165999995
test_18304,0
test_18305,0.967459977
test_18306,0
test_18307,1.99999995e-05
test_18308,0.00120000006
test_18309,0.982529998
test_18310,0.999960005
test_18311,0.0316600017
test_18312,0.00013
test_18313,0.999989986
test_18314,0.166020006
test_18315,0.00136999995
test_18316,0.977100015
test_18317,0.302879989
test_18318,0.998290002
test_18319,0.0122499997
test_18320,0.703079998
test_18321,0
test_18322,1
test_18323,0.351289988
test_18324,0.964489996
test_18325,0.185029998
test_18326,1
test_18327,0.799399972
test_18328,0.458689988
test_18329,1
test_18330,7.00000019e-05
test_18331,1
test_18332,0.0977900028
test_18333,0.000579999993
test_18334,1
test_18335,0.223470002
test_18336,0.000280000007
test_18337,1
test_18338,0.921400011
test_18339,0
test_18340,1
test_18341,0.0179600008
test_18342,0
test_18343,0.997150004
test_18344,0.996949971
test_18345,0.00313999993
test_18346,0
test_18347,0.614709973
test_18348,0.00741000008
test_18349,0.054680001
test_18350,0.865509987
test_18351,9.99999975e-06
test_18352,0.0382299982
test_18353,0.000140000004
test_18354,0.441350013
test_18355,0.989080012
test_18356,0.0122300005
test_18357,1
test_18358,9.99999975e-06
test_18359,0
test_18360,0.999989986
test_18361,0.999979973
test_18362,0.01107
test_18363,1
test_18364,0.00066000002
test_18365,0.993820012
test_18366,0.01143
test_18367,0.00165999995
test_18368,1
test_18369,0.999989986
test_18370,0.999989986
test_18371,0.081629999
test_18372,0.996659994
test_18373,1.99999995e-05
test_18374,1
test_18375,1
test_18376,0
test_18377,0.287589997
test_18378,0.967450023
test_18379,0.98289001
test_18380,0.0315399989
test_18381,0.945190012
test_18382,0.259209991
test_18383,0.999989986
test_18384,0.596989989
test_18385,0.987110019
test_18386,0.999450028
test_18387,0.166989997
test_18388,1
test_18389,0.999710023
test_18390,1
test_18391,0
test_18392,0.000319999992
test_18393,0.911210001
test_18394,0
test_18395,0
test_18396,0.000410000008
test_18397,0.999899983
test_18398,0.375310004
test_18399,0.998780012
test_18400,0
test_18401,0.931609988
test_18402,0.991209984
test_18403,0.999989986
test_18404,0.829770029
test_18405,2.99999992e-05
test_18406,0.999090016
test_18407,0.99703002
test_18408,0.977230012
test_18409,0.00522000017
test_18410,1
test_18411,0.964770019
test_18412,1
test_18413,0.387439996
test_18414,0
test_18415,2.99999992e-05
test_18416,0.999989986
test_18417,0
test_18418,0.999920011
test_18419,0.999140024
test_18420,0.677479982
test_18421,0.0586199984
test_18422,0.544640005
test_18423,0.999970019
test_18424,0.999989986
test_18425,0
test_18426,1
test_18427,0.999480009
test_18428,0.312229991
test_18429,0
test_18430,0.999260008
test_18431,1
test_18432,0
test_18433,1
test_18434,0.999599993
test_18435,0.997590005
test_18436,0.932129979
test_18437,0.112149999
test_18438,0.000110000001
test_18439,0.999989986
test_18440,0.797320008
test_18441,0.890680015
test_18442,0.999989986
test_18443,0.0341200009
test_18444,9.99999975e-06
test_18445,0.999859989
test_18446,0.78757
test_18447,0.626399994
test_18448,0.01131
test_18449,0
test_18450,0.537919998
test_18451,1.99999995e-05
test_18452,0.000390000001
test_18453,1
test_18454,0
test_18455,0.942910016
test_18456,0.999819994
test_18457,0.995010018
test_18458,0.950699985
test_18459,0.991639972
test_18460,0.999970019
test_18461,0.66158998
test_18462,0.47349
test_18463,0.980050027
test_18464,0.291060001
test_18465,0.00361000001
test_18466,0.994120002
test_18467,0.0420700014
test_18468,0
test_18469,0
test_18470,0.135780007
test_18471,0.571009994
test_18472,9.99999975e-06
test_18473,1
test_18474,9.99999975e-06
test_18475,0.00576000009
test_18476,1
test_18477,0
test_18478,0.00156999996
test_18479,0.999970019
test_18480,0.964890003
test_18481,9.99999975e-05
test_18482,0.00277999998
test_18483,0.999199986
test_18484,0.87638998
test_18485,0.996640027
test_18486,0.00212000008
test_18487,0.115889996
test_18488,0.895179987
test_18489,0.0697700009
test_18490,0.999939978
test_18491,0
test_18492,0
test_18493,0.0188599993
test_18494,0.000150000007
test_18495,0.999979973
test_18496,0.414319992
test_18497,1
test_18498,1
test_18499,0
test_18500,0.0145199997
test_18501,0.999920011
test_18502,0.999670029
test_18503,0.000190000006
test_18504,0.923080027
test_18505,0.138139993
test_18506,1
test_18507,1
test_18508,0.0239000004
test_18509,1
test_18510,0.999989986
test_18511,0.0472400002
test_18512,0.999409974
test_18513,0
test_18514,0.00870999973
test_18515,0.00107
test_18516,1
test_18517,0.916750014
test_18518,0.99673003
test_18519,0.999989986
test_18520,0.0179099999
test_18521,9.99999975e-06
test_18522,9.99999975e-06
test_18523,0.731000006
test_18524,0.908720016
test_18525,0.430660009
test_18526,0.978169978
test_18527,0
test_18528,0.000159999996
test_18529,1
test_18530,0.955089986
test_18531,1
test_18532,0
test_18533,0.998390019
test_18534,0
test_18535,0.00200000009
test_18536,0.996630013
test_18537,0.999920011
test_18538,0.99752003
test_18539,0.403510004
test_18540,0.0559599996
test_18541,0.99289
test_18542,7.00000019e-05
test_18543,0.987219989
test_18544,0.994830012
test_18545,1
test_18546,1
test_18547,0.999870002
test_18548,1
test_18549,0.268839985
test_18550,0.982070029
test_18551,0.992160022
test_18552,0
test_18553,0.77858001
test_18554,0.996860027
test_18555,0.996479988
test_18556,0.60206002
test_18557,0.894509971
test_18558,0.146090001
test_18559,1
test_18560,0
test_18561,0.823889971
test_18562,1
test_18563,1
test_18564,2.99999992e-05
test_18565,0.142700002
test_18566,0.0138999997
test_18567,0.331759989
test_18568,0.970220029
test_18569,0.712260008
test_18570,0.00307999994
test_18571,0.00486000022
test_18572,1.99999995e-05
test_18573,0.224340007
test_18574,0.996270001
test_18575,0
test_18576,0.000829999975
test_18577,0
test_18578,0.994120002
test_18579,1
test_18580,0.31832999
test_18581,0
test_18582,1
test_18583,0.000220000002
test_18584,0.0207100008
test_18585,9.99999975e-05
test_18586,1
test_18587,0.99770999
test_18588,0.998880029
test_18589,0.0864100009
test_18590,0.999979973
test_18591,0.819580019
test_18592,0
test_18593,0.000360000005
test_18594,9.99999975e-06
test_18595,0.999840021
test_18596,0.99883002
test_18597,0.73119998
test_18598,1
test_18599,1
test_18600,1
test_18601,0.999180019
test_18602,0.999939978
test_18603,0.938239992
test_18604,0.00184000004
test_18605,0.87695998
test_18606,0.999939978
test_18607,0.277550012
test_18608,0.000289999996
test_18609,0
test_18610,0.0181600004
test_18611,0.999750018
test_18612,0.987209976
test_18613,0.59574002
test_18614,3.9999999e-05
test_18615,0.999870002
test_18616,0
test_18617,0.999989986
test_18618,0.402029991
test_18619,0.206819996
test_18620,1
test_18621,0.859899998
test_18622,0.00142999995
test_18623,0.999170005
test_18624,0.00127999997
test_18625,0.999930024
test_18626,0.00862000044
test_18627,0.998690009
test_18628,0.000530000019
test_18629,0.852349997
test_18630,0.999300003
test_18631,0
test_18632,0.02599
test_18633,1.99999995e-05
test_18634,1
test_18635,0.994880021
test_18636,3.9999999e-05
test_18637,0.942979991
test_18638,5.99999985e-05
test_18639,0.999909997
test_18640,1
test_18641,0.895259976
test_18642,0.00115000003
test_18643,0
test_18644,9.00000014e-05
test_18645,0.000479999988
test_18646,0.0161799993
test_18647,0.957780004
test_18648,0.97507
test_18649,0.000560000015
test_18650,0.0892700031
test_18651,1
test_18652,0.00772000011
test_18653,0
test_18654,0
test_18655,0.978609979
test_18656,0.0013
test_18657,7.00000019e-05
test_18658,0.000190000006
test_18659,0.994379997
test_18660,0.983299971
test_18661,0
test_18662,0.000600000028
test_18663,0.95152998
test_18664,0.999939978
test_18665,0.00110999995
test_18666,0.97529
test_18667,0.217999995
test_18668,0.999989986
test_18669,0.88714999
test_18670,0
test_18671,0
test_18672,0.000159999996
test_18673,0.999149978
test_18674,0.000180000003
test_18675,0.069509998
test_18676,1
test_18677,0.0361399986
test_18678,0.0162499994
test_18679,0.995480001
test_18680,0.999379992
test_18681,0.966180027
test_18682,0.998250008
test_18683,1
test_18684,0.991819978
test_18685,0.729749978
test_18686,0.627409995
test_18687,0.999909997
test_18688,0.00112999999
test_18689,0.776730001
test_18690,0.999960005
test_18691,0.999909997
test_18692,0.105219997
test_18693,0.999970019
test_18694,0.0914900005
test_18695,1
test_18696,1
test_18697,9.99999975e-06
test_18698,0
test_18699,0.591600001
test_18700,0.30546999
test_18701,0.981190026
test_18702,0.994830012
test_18703,0
test_18704,0.999719977
test_18705,0.116760001
test_18706,1
test_18707,0.000319999992
test_18708,0
test_18709,1
test_18710,0.999549985
test_18711,0.998690009
test_18712,0.00092999998
test_18713,1
test_18714,0
test_18715,0.999949992
test_18716,0.999769986
test_18717,0.621659994
test_18718,0.256359994
test_18719,1
test_18720,0
test_18721,0.98664999
test_18722,0.651719987
test_18723,0.00540000014
test_18724,0.999750018
test_18725,0.982360005
test_18726,0.976409972
test_18727,0.90079999
test_18728,0.000449999992
test_18729,0.719190001
test_18730,0.00711000012
test_18731,0.999859989
test_18732,0
test_18733,1
test_18734,0.766789973
test_18735,0.000910000002
test_18736,0.999899983
test_18737,0.999989986
test_18738,0
test_18739,0.557860017
test_18740,0.515820026
test_18741,0.000289999996
test_18742,0.00066000002
test_18743,0.999970019
test_18744,0.994599998
test_18745,1
test_18746,1
test_18747,0
test_18748,0.270500004
test_18749,0.999989986
test_18750,0.114809997
test_18751,0.827440023
test_18752,0.000620000006
test_18753,0.999970019
test_18754,0.91061002
test_18755,0.0854799971
test_18756,0.000939999998
test_18757,0.0673199967
test_18758,0.00173999998
test_18759,0.998929977
test_18760,0.000630000024
test_18761,0.00164999999
test_18762,0.999819994
test_18763,0.99703002
test_18764,0.913730025
test_18765,4.99999987e-05
test_18766,0
test_18767,1
test_18768,4.99999987e-05
test_18769,0
test_18770,0.00901999976
test_18771,9.99999975e-06
test_18772,0
test_18773,0.92790997
test_18774,0
test_18775,0
test_18776,0.07773
test_18777,0.00104
test_18778,0.99940002
test_18779,0.826479971
test_18780,0.866450012
test_18781,0.184499994
test_18782,1
test_18783,0.00714999996
test_18784,0
test_18785,0.0187299997
test_18786,0
test_18787,1
test_18788,0.999939978
test_18789,0.0101500005
test_18790,0
test_18791,0.000280000007
test_18792,0.999790013
test_18793,0
test_18794,0.999140024
test_18795,0
test_18796,0.999199986
test_18797,0.985189974
test_18798,7.9999998e-05
test_18799,0.998489976
test_18800,0.607559979
test_18801,0.0111300005
test_18802,0.999979973
test_18803,0.0116800005
test_18804,0
test_18805,0.00813999958
test_18806,0.999989986
test_18807,0.0104299998
test_18808,0.11947
test_18809,0.00100000005
test_18810,0.00942000002
test_18811,0.60860002
test_18812,0
test_18813,1
test_18814,0.0456999987
test_18815,1.99999995e-05
test_18816,1
test_18817,0
test_18818,0.712859988
test_18819,0.998440027
test_18820,0.507260025
test_18821,1
test_18822,0.977469981
test_18823,1
test_18824,0
test_18825,0.248500004
test_18826,0
test_18827,0
test_18828,0.104369998
test_18829,0.000239999994
test_18830,0
test_18831,0.999469995
test_18832,0.00107
test_18833,2.99999992e-05
test_18834,0.99703002
test_18835,1
test_18836,0.783699989
test_18837,0.935410023
test_18838,0
test_18839,1
test_18840,0.395060003
test_18841,7.00000019e-05
test_18842,0.0348200016
test_18843,0.910860002
test_18844,0.000150000007
test_18845,0.125420004
test_18846,0.999949992
test_18847,0.000390000001
test_18848,0.00215999992
test_18849,0.999979973
test_18850,5.99999985e-05
test_18851,1
test_18852,0
test_18853,0.00436000014
test_18854,0.0100400001
test_18855,0
test_18856,0.732079983
test_18857,0
test_18858,1
test_18859,0.0095800003
test_18860,0.968909979
test_18861,0.00553999981
test_18862,1.99999995e-05
test_18863,0.0120599996
test_18864,0.999759972
test_18865,0
test_18866,0
test_18867,1
test_18868,0
test_18869,0.439220011
test_18870,0.999390006
test_18871,0.091020003
test_18872,0.973339975
test_18873,0.462390006
test_18874,0.501460016
test_18875,0.159370005
test_18876,0.999149978
test_18877,0.53354001
test_18878,1
test_18879,0.0243500005
test_18880,0.999040008
test_18881,1
test_18882,0
test_18883,0.617200017
test_18884,0.919449985
test_18885,0.000839999993
test_18886,0.762099981
test_18887,0.323839992
test_18888,0
test_18889,0.000110000001
test_18890,0
test_18891,0
test_18892,1
test_18893,0.999960005
test_18894,1
test_18895,0.995840013
test_18896,0.999949992
test_18897,0.986800015
test_18898,1
test_18899,0.927590013
test_18900,0.100869998
test_18901,0.991330028
test_18902,1
test_18903,0.188600004
test_18904,0.886489987
test_18905,0.000739999989
test_18906,0.00384999998
test_18907,0
test_18908,0.990130007
test_18909,0.99792999
test_18910,0
test_18911,0.00185
test_18912,0.998510003
test_18913,0
test_18914,0.987890005
test_18915,0.00120000006
test_18916,0
test_18917,0.131789997
test_18918,1
test_18919,0.999660015
test_18920,0.0033499999
test_18921,0.999989986
test_18922,0
test_18923,0.999979973
test_18924,0
test_18925,0.0597900003
test_18926,0
test_18927,0.94234997
test_18928,0
test_18929,0.398209989
test_18930,1
test_18931,0.999989986
test_18932,0.0147500001
test_18933,0.665269971
test_18934,1
test_18935,0.756529987
test_18936,0.00273999991
test_18937,0.999920011
test_18938,0
test_18939,0.00205000001
test_18940,0
test_18941,0.999989986
test_18942,0
test_18943,0
test_18944,0
test_18945,1
test_18946,0
test_18947,0.982729971
test_18948,0.371710002
test_18949,0.0118399998
test_18950,0.236379996
test_18951,0
test_18952,0.999230027
test_18953,0.963800013
test_18954,1
test_18955,0.00389999989
test_18956,0
test_18957,1
test_18958,0.998969972
test_18959,9.99999975e-06
test_18960,0.0392399989
test_18961,0.0368099995
test_18962,1.99999995e-05
test_18963,3.9999999e-05
test_18964,0.00249999994
test_18965,0.044089999
test_18966,0.993330002
test_18967,1
test_18968,0.984459996
test_18969,0.999769986
test_18970,0
test_18971,0.429650009
test_18972,0.00325000007
test_18973,0.898790002
test_18974,0.999390006
test_18975,0.999440014
test_18976,0.999880016
test_18977,0.999979973
test_18978,0.999989986
test_18979,1
test_18980,0.999440014
test_18981,0.339650005
test_18982,9.99999975e-06
test_18983,0.99545002
test_18984,0.999939978
test_18985,0.0460899994
test_18986,0.98575002
test_18987,0.99605
test_18988,0
test_18989,0.999469995
test_18990,0.999989986
test_18991,0.999390006
test_18992,0.000449999992
test_18993,0.997020006
test_18994,0.0484299995
test_18995,0.881470025
test_18996,0.01712
test_18997,0.000110000001
test_18998,1
test_18999,0
test_19000,0.999979973
test_19001,0.000500000024
test_19002,9.00000014e-05
test_19003,0
test_19004,0.0145100001
test_19005,0.00212000008
test_19006,1
test_19007,0.0038399999
test_19008,0.00184000004
test_19009,0.00013
test_19010,0.849910021
test_19011,0.999989986
test_19012,0
test_19013,0.00589000015
test_19014,1
test_19015,0
test_19016,1
test_19017,0.000169999999
test_19018,0
test_19019,0.90704
test_19020,0.0162599999
test_19021,9.99999975e-06
test_19022,1
test_19023,9.99999975e-06
test_19024,0.423709989
test_19025,0.492419988
test_19026,0.999499977
test_19027,0.316289991
test_19028,0.100919999
test_19029,0.999989986
test_19030,1.99999995e-05
test_19031,1
test_19032,0.00135000004
test_19033,0.994570017
test_19034,0.832700014
test_19035,9.99999975e-06
test_19036,0.367729992
test_19037,1
test_19038,0
test_19039,0.923479974
test_19040,0.998640001
test_19041,0.91997999
test_19042,1
test_19043,0.998740017
test_19044,0.125510007
test_19045,0
test_19046,0.971300006
test_19047,0.196630001
test_19048,0.942430019
test_19049,0.999670029
test_19050,0.957180023
test_19051,0.975250006
test_19052,0.216680005
test_19053,0.999949992
test_19054,0.00127000001
test_19055,0.99575001
test_19056,0.255270004
test_19057,1
test_19058,0
test_19059,0
test_19060,0
test_19061,0.83318001
test_19062,0.00079999998
test_19063,0.991810024
test_19064,0
test_19065,0.346500009
test_19066,0.000730000029
test_19067,0.99484998
test_19068,0.999939978
test_19069,9.99999975e-06
test_19070,0.794160008
test_19071,0.0228400007
test_19072,0.162750006
test_19073,1
test_19074,0.999949992
test_19075,0.999679983
test_19076,1
test_19077,0
test_19078,0.000500000024
test_19079,0.167250007
test_19080,0.0144300004
test_19081,0.999779999
test_19082,0.892329991
test_19083,0.0328599997
test_19084,0.985490024
test_19085,0.122440003
test_19086,5.99999985e-05
test_19087,0
test_19088,9.99999975e-06
test_19089,0.996580005
test_19090,0
test_19091,0.999870002
test_19092,0.995209992
test_19093,0.000980000012
test_19094,0.000590000011
test_19095,0
test_19096,1
test_19097,0.00422
test_19098,0.518819988
test_19099,1
test_19100,0
test_19101,0.999769986
test_19102,0
test_19103,0.000639999984
test_19104,0
test_19105,0.999970019
test_19106,0
test_19107,1
test_19108,0.928390026
test_19109,0.995249987
test_19110,0.0249899998
test_19111,0
test_19112,1
test_19113,0.958720028
test_19114,0.000159999996
test_19115,0
test_19116,0.997659981
test_19117,0.0646800026
test_19118,0
test_19119,0.500670016
test_19120,0.0235300008
test_19121,0.998679996
test_19122,0.651220024
test_19123,1
test_19124,2.99999992e-05
test_19125,0.999979973
test_19126,0.999310017
test_19127,0.0695900023
test_19128,0.810259998
test_19129,0
test_19130,0.996209979
test_19131,0.997529984
test_19132,0.00221999991
test_19133,0
test_19134,0.999970019
test_19135,0
test_19136,0.887979984
test_19137,0.998749971
test_19138,0.00705000013
test_19139,0.00162
test_19140,1
test_19141,0.000360000005
test_19142,0.335999995
test_19143,0
test_19144,0.996879995
test_19145,1
test_19146,0.996900022
test_19147,0.999650002
test_19148,1
test_19149,0.999480009
test_19150,4.99999987e-05
test_19151,0
test_19152,0.0626699999
test_19153,0.918550014
test_19154,0.00175000005
test_19155,0.999670029
test_19156,0.725520015
test_19157,0.193169996
test_19158,0.133849993
test_19159,1
test_19160,0
test_19161,0.972459972
test_19162,9.99999975e-06
test_19163,0.999970019
test_19164,0
test_19165,0.000750000007
test_19166,0.999890029
test_19167,0.0771299973
test_19168,0.998839974
test_19169,0
test_19170,1
test_19171,1
test_19172,0.999830008
test_19173,0.806050003
test_19174,0.00187000004
test_19175,0.99891001
test_19176,0.000230000005
test_19177,0.887820005
test_19178,0.996860027
test_19179,0.509720027
test_19180,0.000600000028
test_19181,0.0829799995
test_19182,0
test_19183,1
test_19184,0.978950024
test_19185,0.0116400002
test_19186,0.0244999994
test_19187,0.998679996
test_19188,0.932569981
test_19189,0.999710023
test_19190,0.982450008
test_19191,9.99999975e-06
test_19192,0.999930024
test_19193,0.000630000024
test_19194,0.000500000024
test_19195,0
test_19196,0.972639978
test_19197,0.156499997
test_19198,0.94788003
test_19199,9.99999975e-06
test_19200,0.999920011
test_19201,0.999989986
test_19202,0.998690009
test_19203,1
test_19204,0.835950017
test_19205,0.0134500004
test_19206,0.98597002
test_19207,0.000150000007
test_19208,0.999920011
test_19209,0.99871999
test_19210,0.00165999995
test_19211,0.000169999999
test_19212,0.997900009
test_19213,0.144940004
test_19214,0
test_19215,0.00671999995
test_19216,0.0653799996
test_19217,0.999220014
test_19218,0.00423000008
test_19219,0.00033000001
test_19220,0.358350009
test_19221,0.643589973
test_19222,0.997690022
test_19223,1
test_19224,2.99999992e-05
test_19225,0.00251000002
test_19226,0.997789979
test_19227,9.99999975e-06
test_19228,0.999740005
test_19229,0
test_19230,0.840680003
test_19231,1
test_19232,1
test_19233,0.999989986
test_19234,0.000419999997
test_19235,1.99999995e-05
test_19236,0.999040008
test_19237,0
test_19238,0.0649399981
test_19239,0.00124999997
test_19240,0.997200012
test_19241,0.00219999999
test_19242,0.997359991
test_19243,0.960839987
test_19244,0.999790013
test_19245,0.999939978
test_19246,1
test_19247,0.00408999994
test_19248,0.996959984
test_19249,0
test_19250,0.99980998
test_19251,0.978860021
test_19252,0
test_19253,3.9999999e-05
test_19254,0.980679989
test_19255,0.964929998
test_19256,0.624289989
test_19257,0.0380499996
test_19258,9.99999975e-06
test_19259,0
test_19260,0.880789995
test_19261,0.999870002
test_19262,0.109200001
test_19263,0.01987
test_19264,0.000289999996
test_19265,0.0312099997
test_19266,4.99999987e-05
test_19267,0.99980998
test_19268,0.999859989
test_19269,9.00000014e-05
test_19270,0.569639981
test_19271,3.9999999e-05
test_19272,0.999989986
test_19273,0.984650016
test_19274,0.00191999995
test_19275,0.174899995
test_19276,0.998989999
test_19277,0
test_19278,0
test_19279,0.44253999
test_19280,0.973839998
test_19281,0.441390008
test_19282,0
test_19283,0.0261899997
test_19284,0.347059995
test_19285,0.883719981
test_19286,2.99999992e-05
test_19287,0.998070002
test_19288,0.0191900004
test_19289,0.000750000007
test_19290,1
test_19291,0
test_19292,0.573170006
test_19293,0
test_19294,0.999989986
test_19295,1
test_19296,0.949050009
test_19297,0
test_19298,0.995190024
test_19299,0.742519975
test_19300,9.99999975e-05
test_19301,0.0614599995
test_19302,0.0115099996
test_19303,1
test_19304,1
test_19305,0.00033000001
test_19306,1
test_19307,0.999989986
test_19308,0.961950004
test_19309,0.860729992
test_19310,0
test_19311,0
test_19312,0
test_19313,0
test_19314,0.000690000015
test_19315,1
test_19316,1
test_19317,0
test_19318,0.999469995
test_19319,0.000260000001
test_19320,0.999949992
test_19321,0.0250499994
test_19322,0.000769999984
test_19323,0.999890029
test_19324,0.0241999999
test_19325,0
test_19326,0.184169993
test_19327,0.152209997
test_19328,0.000150000007
test_19329,0.00309000001
test_19330,0.999249995
test_19331,0
test_19332,0.999970019
test_19333,0
test_19334,0
test_19335,0
test_19336,0
test_19337,0
test_19338,0.999989986
test_19339,0.211989999
test_19340,0.999989986
test_19341,0.0085699996
test_19342,0.999989986
test_19343,0.990480006
test_19344,0
test_19345,0.999960005
test_19346,0.00365000009
test_19347,0.100440003
test_19348,4.99999987e-05
test_19349,0
test_19350,0
test_19351,0
test_19352,0.990040004
test_19353,0.00109999999
test_19354,1
test_19355,9.99999975e-06
test_19356,0.212329999
test_19357,0.994419992
test_19358,0.798189998
test_19359,0.994210005
test_19360,2.99999992e-05
test_19361,0.00079000002
test_19362,2.99999992e-05
test_19363,0.000159999996
test_19364,0.870829999
test_19365,0.00297000003
test_19366,0.144500002
test_19367,0.357320011
test_19368,0.998769999
test_19369,0.649049997
test_19370,0.0915800035
test_19371,0
test_19372,0.0303799994
test_19373,0.356570005
test_19374,0.999890029
test_19375,0.999719977
test_19376,1
test_19377,1
test_19378,0.999350011
test_19379,1.99999995e-05
test_19380,1
test_19381,0.999970019
test_19382,0
test_19383,1
test_19384,0.999989986
test_19385,0.999979973
test_19386,0.895519972
test_19387,0.00116999994
test_19388,0.109480001
test_19389,0.90793997
test_19390,0.999979973
test_19391,1
test_19392,0.0232699998
test_19393,0.830389977
test_19394,0.999960005
test_19395,0
test_19396,0.999870002
test_19397,0.241679996
test_19398,0.93265003
test_19399,0.0091599999
test_19400,0.00147999998
test_19401,0.982659996
test_19402,0.00341999996
test_19403,0.000890000025
test_19404,0.00338999997
test_19405,0.999279976
test_19406,0.999979973
test_19407,9.99999975e-05
test_19408,0.894689977
test_19409,0
test_19410,0.00103000004
test_19411,1.99999995e-05
test_19412,0.000140000004
test_19413,0.963230014
test_19414,0.992860019
test_19415,0.00939000025
test_19416,0.997049987
test_19417,0.451180011
test_19418,0
test_19419,0.999870002
test_19420,1.99999995e-05
test_19421,1
test_19422,0.123360001
test_19423,0.920319974
test_19424,0.000449999992
test_19425,0
test_19426,0
test_19427,0.00167999999
test_19428,1
test_19429,0.662819982
test_19430,0.788699985
test_19431,0.999119997
test_19432,0.998130023
test_19433,0
test_19434,0.999949992
test_19435,1
test_19436,0.999920011
test_19437,0.967029989
test_19438,0
test_19439,0.998600006
test_19440,0
test_19441,0.999819994
test_19442,0.291159987
test_19443,0.000360000005
test_19444,0.132799998
test_19445,0.241400003
test_19446,0.999989986
test_19447,2.99999992e-05
test_19448,0.999610007
test_19449,1
test_19450,1
test_19451,0.999480009
test_19452,1
test_19453,0.998790026
test_19454,0.999989986
test_19455,0.983160019
test_19456,0
test_19457,0.999949992
test_19458,0.998640001
test_19459,0.0119899996
test_19460,0
test_19461,0.000349999988
test_19462,1
test_19463,0.93945998
test_19464,0.00960000046
test_19465,0.00633999985
test_19466,0.123290002
test_19467,0.998660028
test_19468,0.997919977
test_19469,0.999979973
test_19470,0.00013
test_19471,0
test_19472,1
test_19473,1
test_19474,0.99962002
test_19475,0.998510003
test_19476,0.999939978
test_19477,0.00182999996
test_19478,0.0593999997
test_19479,0.999970019
test_19480,1
test_19481,0.999599993
test_19482,0.0151500003
test_19483,0.999769986
test_19484,0.999329984
test_19485,0.999300003
test_19486,0.762409985
test_19487,0.994480014
test_19488,0.999979973
test_19489,0.0199800003
test_19490,0.000260000001
test_19491,0.612030029
test_19492,0.05889
test_19493,0.999979973
test_19494,0.000850000011
test_19495,1
test_19496,0.976880014
test_19497,0.00211
test_19498,0.995769978
test_19499,0.0621600002
test_19500,0
test_19501,0.383879989
test_19502,0.00300000003
test_19503,0.127890006
test_19504,0
test_19505,0.707319975
test_19506,0.110200003
test_19507,0.999859989
test_19508,0.998700023
test_19509,0.993019998
test_19510,1
test_19511,0.925310016
test_19512,0.859780014
test_19513,0.266180009
test_19514,0.999159992
test_19515,2.99999992e-05
test_19516,0.837310016
test_19517,0.751450002
test_19518,0.853879988
test_19519,1
test_19520,0.147430003
test_19521,0.282920003
test_19522,0.000880000007
test_19523,0.855000019
test_19524,0.369749993
test_19525,0.00975999981
test_19526,9.99999975e-06
test_19527,0.403750002
test_19528,0.0374299996
test_19529,0.474249989
test_19530,0.000569999975
test_19531,0.779079974
test_19532,0.0193799995
test_19533,9.99999975e-06
test_19534,0.999100029
test_19535,0.000410000008
test_19536,0.990480006
test_19537,0.980579972
test_19538,0.999899983
test_19539,1
test_19540,0.000349999988
test_19541,0.990800023
test_19542,0.936500013
test_19543,0
test_19544,1
test_19545,0.996900022
test_19546,0.999880016
test_19547,0
test_19548,1
test_19549,3.9999999e-05
test_19550,1.99999995e-05
test_19551,0.517549992
test_19552,0.919589996
test_19553,0
test_19554,0.995069981
test_19555,0.992120028
test_19556,9.99999975e-05
test_19557,0.00179000001
test_19558,9.99999975e-06
test_19559,3.9999999e-05
test_19560,1
test_19561,0.987709999
test_19562,0.998260021
test_19563,0.999650002
test_19564,0.000479999988
test_19565,0.00490000006
test_19566,0
test_19567,0.838469982
test_19568,0
test_19569,0.0604799986
test_19570,0.157330006
test_19571,0.855639994
test_19572,0.999920011
test_19573,0.999230027
test_19574,0
test_19575,0
test_19576,1
test_19577,0.999960005
test_19578,0.868879974
test_19579,0
test_19580,0
test_19581,0.324070007
test_19582,1
test_19583,0
test_19584,0.0297200009
test_19585,1
test_19586,0.999930024
test_19587,0.94848001
test_19588,1
test_19589,0
test_19590,0.993650019
test_19591,1
test_19592,0.105180003
test_19593,0.995480001
test_19594,9.99999975e-06
test_19595,0.00103000004
test_19596,0.961220026
test_19597,0
test_19598,7.00000019e-05
test_19599,0.99891001
test_19600,0.000579999993
test_19601,0.00118999998
test_19602,0.000950000016
test_19603,0.999989986
test_19604,0.999119997
test_19605,0
test_19606,0.999989986
test_19607,0
test_19608,0
test_19609,0.13177
test_19610,0.11208
test_19611,0.99454999
test_19612,0.183229998
test_19613,1
test_19614,0.835049987
test_19615,0.999979973
test_19616,0
test_19617,0.48495999
test_19618,0.310299993
test_19619,0.78320998
test_19620,0.728290021
test_19621,0
test_19622,0
test_19623,0
test_19624,0
test_19625,1
test_19626,0.208580002
test_19627,0
test_19628,1
test_19629,9.99999975e-06
test_19630,1
test_19631,0.639580011
test_19632,0.995500028
test_19633,0.999189973
test_19634,0.317279994
test_19635,1
test_19636,0.726279974
test_19637,0.000289999996
test_19638,0.994009972
test_19639,2.99999992e-05
test_19640,0
test_19641,0.623189986
test_19642,7.00000019e-05
test_19643,0
test_19644,0
test_19645,0.000699999975
test_19646,0.273600012
test_19647,1
test_19648,0.00112999999
test_19649,0.939450026
test_19650,0.00138000003
test_19651,0
test_19652,0
test_19653,0.0639899969
test_19654,9.99999975e-06
test_19655,7.00000019e-05
test_19656,0.996100008
test_19657,0.0187299997
test_19658,0.948800027
test_19659,0.174970001
test_19660,0.999989986
test_19661,0.00233999989
test_19662,0.308490008
test_19663,0.374269992
test_19664,0.535870016
test_19665,1
test_19666,0.995410025
test_19667,0.999960005
test_19668,4.99999987e-05
test_19669,0.837660015
test_19670,1
test_19671,0
test_19672,0.992510021
test_19673,9.99999975e-06
test_19674,0.0116699999
test_19675,0.131339997
test_19676,0.993690014
test_19677,1
test_19678,9.99999975e-06
test_19679,0.105360001
test_19680,0.99970001
test_19681,0.00796999969
test_19682,4.99999987e-05
test_19683,0.951960027
test_19684,0
test_19685,0.999989986
test_19686,0.999989986
test_19687,0
test_19688,0.699020028
test_19689,1
test_19690,0.00768999988
test_19691,1
test_19692,0.99879998
test_19693,0.86480999
test_19694,0.0800400004
test_19695,0.00534000015
test_19696,0.960179985
test_19697,0.000110000001
test_19698,0.99770999
test_19699,0.999989986
test_19700,0.00322000007
test_19701,0
test_19702,9.99999975e-06
test_19703,0
test_19704,0.996760011
test_19705,0
test_19706,0.132860005
test_19707,0.999989986
test_19708,0.297170013
test_19709,0.585309982
test_19710,1
test_19711,9.00000014e-05
test_19712,0.364219993
test_19713,0.998319983
test_19714,0
test_19715,9.99999975e-06
test_19716,9.99999975e-06
test_19717,0.999989986
test_19718,0.992519975
test_19719,1
test_19720,1
test_19721,0.971050024
test_19722,0
test_19723,0.999989986
test_19724,0
test_19725,1
test_19726,0.999989986
test_19727,0
test_19728,0.849330008
test_19729,0.00121000002
test_19730,0
test_19731,0.746110022
test_19732,0.999329984
test_19733,0.00133999996
test_19734,0.0184899997
test_19735,0.956920028
test_19736,0.969299972
test_19737,2.99999992e-05
test_19738,0.999899983
test_19739,0
test_19740,0.995790005
test_19741,1
test_19742,0.000169999999
test_19743,0.000280000007
test_19744,0.991370022
test_19745,0.998870015
test_19746,0.000110000001
test_19747,0.754220009
test_19748,0
test_19749,0.881680012
test_19750,1
test_19751,0
test_19752,0.998189986
test_19753,0
test_19754,0.0438500009
test_19755,0.74040997
test_19756,0.686630011
test_19757,1
test_19758,0
test_19759,0.999539971
test_19760,0.999870002
test_19761,0.539780021
test_19762,0
test_19763,0.200100005
test_19764,0.931919992
test_19765,0.0625199974
test_19766,1.99999995e-05
test_19767,0.217710003
test_19768,0.506850004
test_19769,0.0343700014
test_19770,0
test_19771,0.999960005
test_19772,1
test_19773,0
test_19774,0.000180000003
test_19775,0
test_19776,1
test_19777,5.99999985e-05
test_19778,0.990700006
test_19779,0.999710023
test_19780,0.0127900001
test_19781,0.00013
test_19782,0.00325000007
test_19783,0.0405299999
test_19784,1
test_19785,0.940110028
test_19786,0.999930024
test_19787,0
test_19788,0.982070029
test_19789,0.998489976
test_19790,0.983169973
test_19791,0.148519993
test_19792,0.997510016
test_19793,0.0151899997
test_19794,0.000119999997
test_19795,0.0279600006
test_19796,0.000209999998
test_19797,0.202209994
test_19798,5.99999985e-05
test_19799,0.992900014
test_19800,0
test_19801,0
test_19802,0.00227000006
test_19803,0.999960005
test_19804,0.385760009
test_19805,0
test_19806,0.381680012
test_19807,1
test_19808,0
test_19809,3.9999999e-05
test_19810,0.0600299984
test_19811,0.976559997
test_19812,0.0363500006
test_19813,0.00127000001
test_19814,0.988049984
test_19815,1.99999995e-05
test_19816,0.143409997
test_19817,0.999970019
test_19818,0.00190000003
test_19819,0.999459982
test_19820,0.000150000007
test_19821,0.610390007
test_19822,0.992990017
test_19823,0.996119976
test_19824,0.596300006
test_19825,0.999930024
test_19826,0
test_19827,1
test_19828,0
test_19829,0
test_19830,0.992219985
test_19831,0
test_19832,0.998199999
test_19833,0.210160002
test_19834,9.99999975e-06
test_19835,0.131200001
test_19836,0
test_19837,0.980809987
test_19838,1
test_19839,0.0754600018
test_19840,0.335819989
test_19841,0.00534000015
test_19842,0.00115000003
test_19843,0
test_19844,0
test_19845,0.00913999975
test_19846,1
test_19847,0.976610005
test_19848,0.582799971
test_19849,0.0544300005
test_19850,0.998059988
test_19851,0.259849995
test_19852,0.0256699994
test_19853,0
test_19854,0.999230027
test_19855,0.871379972
test_19856,0.998880029
test_19857,0.592930019
test_19858,0.889360011
test_19859,1
test_19860,0
test_19861,0
test_19862,0.00159
test_19863,0.99721998
test_19864,0
test_19865,0.99605
test_19866,0.0169600006
test_19867,1
test_19868,0.101300001
test_19869,0.000380000012
test_19870,2.99999992e-05
test_19871,1
test_19872,1
test_19873,0.996070027
test_19874,0
test_19875,0
test_19876,0
test_19877,0.996890008
test_19878,0.340359986
test_19879,1
test_19880,0.805920005
test_19881,0
test_19882,0.999989986
test_19883,0.997950017
test_19884,0.0108399997
test_19885,0.103979997
test_19886,1
test_19887,1
test_19888,0
test_19889,0.999779999
test_19890,1
test_19891,0.988879979
test_19892,0.934729993
test_19893,0.524360001
test_19894,0
test_19895,0.999989986
test_19896,0.525370002
test_19897,0.666480005
test_19898,0.00396999996
test_19899,0
test_19900,0.939050019
test_19901,0
test_19902,0.0277699996
test_19903,0.46509999
test_19904,0.999740005
test_19905,0.17836
test_19906,0.84999001
test_19907,9.99999975e-06
test_19908,0.345290005
test_19909,0.00026999999
test_19910,0
test_19911,0
test_19912,0.0503199995
test_19913,1
test_19914,0.000190000006
test_19915,0.00147000002
test_19916,0.00104
test_19917,0.000140000004
test_19918,0.000890000025
test_19919,0.364030004
test_19920,0.998570025
test_19921,0.696439981
test_19922,0.999899983
test_19923,1
test_19924,0.999930024
test_19925,0.996829987
test_19926,3.9999999e-05
test_19927,0.776430011
test_19928,0
test_19929,0.99822998
test_19930,0.600539982
test_19931,1
test_19932,0.88221997
test_19933,0
test_19934,0.999159992
test_19935,0
test_19936,0.999989986
test_19937,1
test_19938,0.845399976
test_19939,0.0116100004
test_19940,0
test_19941,0.00258999993
test_19942,0.000959999976
test_19943,0.222650006
test_19944,1
test_19945,9.99999975e-06
test_19946,0
test_19947,4.99999987e-05
test_19948,0.999979973
test_19949,1.99999995e-05
test_19950,0.987479985
test_19951,1
test_19952,0.995230019
test_19953,0
test_19954,0
test_19955,9.99999975e-06
test_19956,0
test_19957,0
test_19958,0.961090028
test_19959,1
test_19960,0.00141999999
test_19961,0.000500000024
test_19962,3.9999999e-05
test_19963,0.00127999997
test_19964,0.759750009
test_19965,0.0277500004
test_19966,1
test_19967,0.545249999
test_19968,0.572459996
test_19969,0.0744199976
test_19970,0.0153799998
test_19971,0.380699992
test_19972,0.997189999
test_19973,0.99822998
test_19974,0.615170002
test_19975,0.0288999993
test_19976,0.999989986
test_19977,0
test_19978,0.0730300024
test_19979,0.000190000006
test_19980,0.807730019
test_19981,0.999989986
test_19982,0.999909997
test_19983,0.995710015
test_19984,0.998130023
test_19985,0
test_19986,0.000720000011
test_19987,0.843289971
test_19988,0.999989986
test_19989,5.99999985e-05
test_19990,0.0152099999
test_19991,0.975449979
test_19992,0
test_19993,0.967499971
test_19994,0.359739989
test_19995,0.895359993
test_19996,1.99999995e-05
test_19997,0.000239999994
test_19998,0
test_19999,0.999930024
